time,pressure_bar
0,36.263
0.01,36.263
0.02,36.263
0.03,36.262
0.04,36.262
0.05,36.262
0.06,36.262
0.07,36.262
0.08,36.261
0.09,36.261
0.1,36.261
0.11,36.261
0.12,36.261
0.13,36.261
0.14,36.261
0.15,36.260
0.16,36.260
0.17,36.260
0.18,36.260
0.19,36.260
0.2,36.260
0.21,36.260
0.22,36.260
0.23,36.260
0.24,36.260
0.25,36.260
0.26,36.259
0.27,36.259
0.28,36.259
0.29,36.258
0.3,36.258
0.31,36.258
0.32,36.258
0.33,36.258
0.34,36.258
0.35,36.258
0.36,36.258
0.37,36.259
0.38,36.259
0.39,36.259
0.4,36.259
0.41,36.259
0.42,36.259
0.43,36.260
0.44,36.260
0.45,36.260
0.46,36.260
0.47,36.260
0.48,36.260
0.49,36.261
0.5,36.262
0.51,36.262
0.52,36.262
0.53,36.262
0.54,36.262
0.55,36.262
0.56,36.262
0.57,36.262
0.58,36.262
0.59,36.262
0.6,36.262
0.61,36.262
0.62,36.262
0.63,36.262
0.64,36.261
0.65,36.261
0.66,36.261
0.67,36.261
0.68,36.261
0.69,36.261
0.7,36.261
0.71,36.261
0.72,36.261
0.73,36.261
0.74,36.261
0.75,36.261
0.76,36.261
0.77,36.261
0.78,36.261
0.79,36.261
0.8,36.261
0.81,36.261
0.82,36.261
0.83,36.261
0.84,36.261
0.85,36.261
0.86,36.261
0.87,36.261
0.88,36.261
0.89,36.261
0.9,36.261
0.91,36.262
0.92,36.262
0.93,36.263
0.94,36.263
0.95,36.263
0.96,36.263
0.97,36.263
0.98,36.263
0.99,36.263
1,36.263
1.01,36.262
1.02,36.262
1.03,36.262
1.04,36.262
1.05,36.262
1.06,36.262
1.07,36.261
1.08,36.261
1.09,36.261
1.1,36.261
1.11,36.260
1.12,36.260
1.13,36.260
1.14,36.260
1.15,36.259
1.16,36.259
1.17,36.259
1.18,36.259
1.19,36.258
1.2,36.258
1.21,36.258
1.22,36.258
1.23,36.258
1.24,36.258
1.25,36.257
1.26,36.257
1.27,36.257
1.28,36.257
1.29,36.257
1.3,36.257
1.31,36.257
1.32,36.256
1.33,36.256
1.34,36.256
1.35,36.256
1.36,36.256
1.37,36.256
1.38,36.256
1.39,36.257
1.4,36.257
1.41,36.257
1.42,36.257
1.43,36.258
1.44,36.258
1.45,36.258
1.46,36.258
1.47,36.258
1.48,36.258
1.49,36.258
1.5,36.257
1.51,36.257
1.52,36.256
1.53,36.256
1.54,36.255
1.55,36.255
1.56,36.255
1.57,36.255
1.58,36.255
1.59,36.255
1.6,36.255
1.61,36.255
1.62,36.255
1.63,36.256
1.64,36.256
1.65,36.256
1.66,36.256
1.67,36.256
1.68,36.256
1.69,36.256
1.7,36.256
1.71,36.256
1.72,36.256
1.73,36.256
1.74,36.256
1.75,36.256
1.76,36.256
1.77,36.256
1.78,36.256
1.79,36.256
1.8,36.256
1.81,36.256
1.82,36.256
1.83,36.256
1.84,36.256
1.85,36.256
1.86,36.256
1.87,36.256
1.88,36.256
1.89,36.256
1.9,36.256
1.91,36.256
1.92,36.257
1.93,36.258
1.94,36.258
1.95,36.259
1.96,36.259
1.97,36.259
1.98,36.259
1.99,36.258
2,36.259
2.01,36.259
2.02,36.258
2.03,36.258
2.04,36.258
2.05,36.258
2.06,36.258
2.07,36.258
2.08,36.258
2.09,36.258
2.1,36.258
2.11,36.258
2.12,36.258
2.13,36.258
2.14,36.258
2.15,36.258
2.16,36.258
2.17,36.257
2.18,36.257
2.19,36.257
2.2,36.257
2.21,36.257
2.22,36.257
2.23,36.257
2.24,36.257
2.25,36.256
2.26,36.256
2.27,36.256
2.28,36.256
2.29,36.256
2.3,36.256
2.31,36.255
2.32,36.255
2.33,36.255
2.34,36.255
2.35,36.254
2.36,36.254
2.37,36.254
2.38,36.254
2.39,36.254
2.4,36.253
2.41,36.253
2.42,36.253
2.43,36.253
2.44,36.253
2.45,36.253
2.46,36.252
2.47,36.252
2.48,36.252
2.49,36.252
2.5,36.253
2.51,36.253
2.52,36.254
2.53,36.255
2.54,36.255
2.55,36.256
2.56,36.256
2.57,36.257
2.58,36.257
2.59,36.257
2.6,36.257
2.61,36.257
2.62,36.257
2.63,36.258
2.64,36.258
2.65,36.258
2.66,36.258
2.67,36.258
2.68,36.259
2.69,36.260
2.7,36.261
2.71,36.262
2.72,36.262
2.73,36.263
2.74,36.264
2.75,36.265
2.76,36.266
2.77,36.266
2.78,36.267
2.79,36.268
2.8,36.268
2.81,36.269
2.82,36.270
2.83,36.270
2.84,36.271
2.85,36.272
2.86,36.272
2.87,36.273
2.88,36.274
2.89,36.274
2.9,36.275
2.91,36.276
2.92,36.275
2.93,36.275
2.94,36.275
2.95,36.275
2.96,36.275
2.97,36.275
2.98,36.275
2.99,36.275
3,36.274
3.01,36.274
3.02,36.273
3.03,36.273
3.04,36.272
3.05,36.272
3.06,36.271
3.07,36.271
3.08,36.271
3.09,36.271
3.1,36.271
3.11,36.271
3.12,36.271
3.13,36.271
3.14,36.271
3.15,36.271
3.16,36.271
3.17,36.271
3.18,36.271
3.19,36.271
3.2,36.271
3.21,36.271
3.22,36.271
3.23,36.271
3.24,36.271
3.25,36.271
3.26,36.271
3.27,36.270
3.28,36.270
3.29,36.270
3.3,36.270
3.31,36.270
3.32,36.270
3.33,36.270
3.34,36.270
3.35,36.270
3.36,36.270
3.37,36.270
3.38,36.270
3.39,36.269
3.4,36.269
3.41,36.269
3.42,36.269
3.43,36.269
3.44,36.269
3.45,36.268
3.46,36.268
3.47,36.268
3.48,36.268
3.49,36.267
3.5,36.268
3.51,36.269
3.52,36.269
3.53,36.269
3.54,36.270
3.55,36.270
3.56,36.269
3.57,36.269
3.58,36.269
3.59,36.269
3.6,36.269
3.61,36.268
3.62,36.268
3.63,36.268
3.64,36.268
3.65,36.268
3.66,36.267
3.67,36.267
3.68,36.267
3.69,36.267
3.7,36.268
3.71,36.268
3.72,36.268
3.73,36.268
3.74,36.268
3.75,36.268
3.76,36.268
3.77,36.268
3.78,36.268
3.79,36.269
3.8,36.269
3.81,36.269
3.82,36.269
3.83,36.269
3.84,36.270
3.85,36.270
3.86,36.270
3.87,36.270
3.88,36.270
3.89,36.270
3.9,36.271
3.91,36.271
3.92,36.271
3.93,36.270
3.94,36.270
3.95,36.270
3.96,36.270
3.97,36.270
3.98,36.270
3.99,36.270
4,36.270
4.01,36.270
4.02,36.270
4.03,36.270
4.04,36.270
4.05,36.270
4.06,36.270
4.07,36.270
4.08,36.270
4.09,36.270
4.1,36.269
4.11,36.270
4.12,36.270
4.13,36.270
4.14,36.270
4.15,36.270
4.16,36.270
4.17,36.270
4.18,36.270
4.19,36.270
4.2,36.270
4.21,36.270
4.22,36.270
4.23,36.270
4.24,36.270
4.25,36.270
4.26,36.270
4.27,36.270
4.28,36.270
4.29,36.270
4.3,36.270
4.31,36.270
4.32,36.270
4.33,36.270
4.34,36.270
4.35,36.270
4.36,36.269
4.37,36.268
4.38,36.269
4.39,36.269
4.4,36.269
4.41,36.269
4.42,36.269
4.43,36.269
4.44,36.269
4.45,36.269
4.46,36.269
4.47,36.268
4.48,36.268
4.49,36.268
4.5,36.268
4.51,36.268
4.52,36.268
4.53,36.269
4.54,36.269
4.55,36.270
4.56,36.270
4.57,36.270
4.58,36.270
4.59,36.270
4.6,36.269
4.61,36.269
4.62,36.269
4.63,36.269
4.64,36.269
4.65,36.268
4.66,36.268
4.67,36.268
4.68,36.268
4.69,36.267
4.7,36.267
4.71,36.267
4.72,36.267
4.73,36.266
4.74,36.266
4.75,36.266
4.76,36.266
4.77,36.266
4.78,36.265
4.79,36.265
4.8,36.265
4.81,36.265
4.82,36.265
4.83,36.265
4.84,36.265
4.85,36.264
4.86,36.264
4.87,36.264
4.88,36.264
4.89,36.264
4.9,36.264
4.91,36.264
4.92,36.264
4.93,36.264
4.94,36.264
4.95,36.265
4.96,36.265
4.97,36.265
4.98,36.265
4.99,36.265
5,36.265
5.01,36.265
5.02,36.266
5.03,36.266
5.04,36.266
5.05,36.266
5.06,36.266
5.07,36.266
5.08,36.266
5.09,36.267
5.1,36.267
5.11,36.267
5.12,36.267
5.13,36.267
5.14,36.267
5.15,36.267
5.16,36.268
5.17,36.267
5.18,36.268
5.19,36.268
5.2,36.268
5.21,36.268
5.22,36.268
5.23,36.268
5.24,36.268
5.25,36.268
5.26,36.269
5.27,36.269
5.28,36.270
5.29,36.270
5.3,36.270
5.31,36.271
5.32,36.271
5.33,36.271
5.34,36.271
5.35,36.271
5.36,36.271
5.37,36.271
5.38,36.271
5.39,36.271
5.4,36.271
5.41,36.271
5.42,36.271
5.43,36.271
5.44,36.271
5.45,36.271
5.46,36.271
5.47,36.271
5.48,36.271
5.49,36.270
5.5,36.270
5.51,36.269
5.52,36.268
5.53,36.268
5.54,36.267
5.55,36.266
5.56,36.266
5.57,36.265
5.58,36.264
5.59,36.264
5.6,36.263
5.61,36.262
5.62,36.262
5.63,36.261
5.64,36.261
5.65,36.260
5.66,36.259
5.67,36.259
5.68,36.258
5.69,36.257
5.7,36.256
5.71,36.256
5.72,36.255
5.73,36.254
5.74,36.253
5.75,36.252
5.76,36.251
5.77,36.249
5.78,36.248
5.79,36.247
5.8,36.246
5.81,36.245
5.82,36.244
5.83,36.243
5.84,36.242
5.85,36.241
5.86,36.240
5.87,36.240
5.88,36.239
5.89,36.238
5.9,36.237
5.91,36.236
5.92,36.235
5.93,36.234
5.94,36.234
5.95,36.234
5.96,36.234
5.97,36.233
5.98,36.233
5.99,36.233
6,36.233
6.01,36.233
6.02,36.233
6.03,36.233
6.04,36.232
6.05,36.232
6.06,36.232
6.07,36.232
6.08,36.232
6.09,36.232
6.1,36.232
6.11,36.232
6.12,36.233
6.13,36.233
6.14,36.233
6.15,36.233
6.16,36.233
6.17,36.233
6.18,36.234
6.19,36.234
6.2,36.234
6.21,36.234
6.22,36.234
6.23,36.235
6.24,36.235
6.25,36.235
6.26,36.235
6.27,36.235
6.28,36.235
6.29,36.236
6.3,36.236
6.31,36.236
6.32,36.236
6.33,36.236
6.34,36.236
6.35,36.236
6.36,36.236
6.37,36.236
6.38,36.236
6.39,36.236
6.4,36.237
6.41,36.237
6.42,36.237
6.43,36.237
6.44,36.237
6.45,36.237
6.46,36.238
6.47,36.238
6.48,36.240
6.49,36.241
6.5,36.241
6.51,36.243
6.52,36.243
6.53,36.244
6.54,36.245
6.55,36.245
6.56,36.245
6.57,36.245
6.58,36.245
6.59,36.245
6.6,36.245
6.61,36.245
6.62,36.245
6.63,36.245
6.64,36.245
6.65,36.244
6.66,36.244
6.67,36.244
6.68,36.244
6.69,36.244
6.7,36.244
6.71,36.244
6.72,36.244
6.73,36.244
6.74,36.244
6.75,36.244
6.76,36.244
6.77,36.244
6.78,36.244
6.79,36.244
6.8,36.244
6.81,36.244
6.82,36.244
6.83,36.244
6.84,36.244
6.85,36.244
6.86,36.243
6.87,36.243
6.88,36.243
6.89,36.243
6.9,36.243
6.91,36.242
6.92,36.241
6.93,36.241
6.94,36.240
6.95,36.239
6.96,36.239
6.97,36.239
6.98,36.239
6.99,36.239
7,36.238
7.01,36.238
7.02,36.238
7.03,36.238
7.04,36.238
7.05,36.237
7.06,36.237
7.07,36.237
7.08,36.237
7.09,36.236
7.1,36.236
7.11,36.236
7.12,36.236
7.13,36.236
7.14,36.235
7.15,36.235
7.16,36.235
7.17,36.235
7.18,36.235
7.19,36.235
7.2,36.235
7.21,36.235
7.22,36.234
7.23,36.234
7.24,36.234
7.25,36.234
7.26,36.234
7.27,36.234
7.28,36.234
7.29,36.234
7.3,36.234
7.31,36.234
7.32,36.234
7.33,36.234
7.34,36.235
7.35,36.235
7.36,36.235
7.37,36.235
7.38,36.235
7.39,36.235
7.4,36.235
7.41,36.235
7.42,36.236
7.43,36.236
7.44,36.236
7.45,36.236
7.46,36.236
7.47,36.236
7.48,36.236
7.49,36.236
7.5,36.237
7.51,36.236
7.52,36.235
7.53,36.234
7.54,36.232
7.55,36.231
7.56,36.230
7.57,36.229
7.58,36.227
7.59,36.226
7.6,36.225
7.61,36.224
7.62,36.223
7.63,36.222
7.64,36.220
7.65,36.219
7.66,36.218
7.67,36.217
7.68,36.216
7.69,36.214
7.7,36.213
7.71,36.212
7.72,36.211
7.73,36.210
7.74,36.209
7.75,36.208
7.76,36.206
7.77,36.205
7.78,36.204
7.79,36.203
7.8,36.201
7.81,36.200
7.82,36.199
7.83,36.198
7.84,36.197
7.85,36.195
7.86,36.194
7.87,36.193
7.88,36.192
7.89,36.191
7.9,36.189
7.91,36.188
7.92,36.188
7.93,36.187
7.94,36.187
7.95,36.186
7.96,36.186
7.97,36.186
7.98,36.185
7.99,36.185
8,36.185
8.01,36.185
8.02,36.185
8.03,36.184
8.04,36.184
8.05,36.183
8.06,36.183
8.07,36.182
8.08,36.181
8.09,36.180
8.1,36.180
8.11,36.179
8.12,36.179
8.13,36.180
8.14,36.180
8.15,36.180
8.16,36.180
8.17,36.180
8.18,36.181
8.19,36.181
8.2,36.181
8.21,36.181
8.22,36.181
8.23,36.182
8.24,36.182
8.25,36.182
8.26,36.182
8.27,36.182
8.28,36.183
8.29,36.183
8.3,36.183
8.31,36.183
8.32,36.183
8.33,36.184
8.34,36.184
8.35,36.184
8.36,36.184
8.37,36.185
8.38,36.185
8.39,36.185
8.4,36.185
8.41,36.185
8.42,36.185
8.43,36.184
8.44,36.183
8.45,36.183
8.46,36.183
8.47,36.183
8.48,36.182
8.49,36.181
8.5,36.180
8.51,36.179
8.52,36.178
8.53,36.177
8.54,36.176
8.55,36.175
8.56,36.174
8.57,36.173
8.58,36.171
8.59,36.170
8.6,36.168
8.61,36.167
8.62,36.166
8.63,36.165
8.64,36.164
8.65,36.163
8.66,36.162
8.67,36.161
8.68,36.160
8.69,36.159
8.7,36.158
8.71,36.157
8.72,36.156
8.73,36.154
8.74,36.153
8.75,36.152
8.76,36.151
8.77,36.150
8.78,36.148
8.79,36.147
8.8,36.146
8.81,36.145
8.82,36.143
8.83,36.142
8.84,36.141
8.85,36.140
8.86,36.138
8.87,36.137
8.88,36.134
8.89,36.133
8.9,36.132
8.91,36.130
8.92,36.129
8.93,36.128
8.94,36.128
8.95,36.127
8.96,36.126
8.97,36.126
8.98,36.125
8.99,36.124
9,36.124
9.01,36.123
9.02,36.122
9.03,36.122
9.04,36.121
9.05,36.120
9.06,36.120
9.07,36.119
9.08,36.118
9.09,36.118
9.1,36.118
9.11,36.117
9.12,36.117
9.13,36.116
9.14,36.115
9.15,36.115
9.16,36.114
9.17,36.113
9.18,36.113
9.19,36.112
9.2,36.111
9.21,36.111
9.22,36.110
9.23,36.109
9.24,36.109
9.25,36.108
9.26,36.108
9.27,36.107
9.28,36.107
9.29,36.106
9.3,36.105
9.31,36.105
9.32,36.104
9.33,36.104
9.34,36.103
9.35,36.103
9.36,36.103
9.37,36.103
9.38,36.102
9.39,36.103
9.4,36.103
9.41,36.103
9.42,36.103
9.43,36.103
9.44,36.102
9.45,36.102
9.46,36.102
9.47,36.101
9.48,36.101
9.49,36.101
9.5,36.100
9.51,36.100
9.52,36.099
9.53,36.098
9.54,36.097
9.55,36.096
9.56,36.095
9.57,36.094
9.58,36.093
9.59,36.092
9.6,36.091
9.61,36.090
9.62,36.089
9.63,36.088
9.64,36.087
9.65,36.086
9.66,36.085
9.67,36.084
9.68,36.083
9.69,36.082
9.7,36.082
9.71,36.081
9.72,36.080
9.73,36.079
9.74,36.078
9.75,36.077
9.76,36.076
9.77,36.075
9.78,36.074
9.79,36.073
9.8,36.072
9.81,36.071
9.82,36.070
9.83,36.069
9.84,36.068
9.85,36.067
9.86,36.066
9.87,36.065
9.88,36.064
9.89,36.063
9.9,36.062
9.91,36.061
9.92,36.060
9.93,36.059
9.94,36.059
9.95,36.058
9.96,36.058
9.97,36.058
9.98,36.057
9.99,36.057
10,36.056
10.01,36.056
10.02,36.055
10.03,36.055
10.04,36.054
10.05,36.054
10.06,36.053
10.07,36.053
10.08,36.053
10.09,36.052
10.1,36.051
10.11,36.051
10.12,36.051
10.13,36.050
10.14,36.049
10.15,36.049
10.16,36.048
10.17,36.048
10.18,36.047
10.19,36.047
10.2,36.046
10.21,36.046
10.22,36.045
10.23,36.045
10.24,36.044
10.25,36.043
10.26,36.043
10.27,36.042
10.28,36.042
10.29,36.041
10.3,36.041
10.31,36.040
10.32,36.040
10.33,36.039
10.34,36.039
10.35,36.038
10.36,36.037
10.37,36.037
10.38,36.036
10.39,36.035
10.4,36.034
10.41,36.034
10.42,36.034
10.43,36.034
10.44,36.034
10.45,36.034
10.46,36.033
10.47,36.031
10.48,36.031
10.49,36.030
10.5,36.029
10.51,36.029
10.52,36.028
10.53,36.028
10.54,36.027
10.55,36.026
10.56,36.026
10.57,36.025
10.58,36.024
10.59,36.024
10.6,36.023
10.61,36.022
10.62,36.022
10.63,36.021
10.64,36.021
10.65,36.020
10.66,36.020
10.67,36.019
10.68,36.018
10.69,36.018
10.7,36.017
10.71,36.017
10.72,36.016
10.73,36.016
10.74,36.016
10.75,36.016
10.76,36.016
10.77,36.015
10.78,36.015
10.79,36.014
10.8,36.014
10.81,36.013
10.82,36.013
10.83,36.012
10.84,36.011
10.85,36.011
10.86,36.010
10.87,36.010
10.88,36.010
10.89,36.009
10.9,36.009
10.91,36.009
10.92,36.008
10.93,36.008
10.94,36.008
10.95,36.008
10.96,36.007
10.97,36.007
10.98,36.007
10.99,36.007
11,36.006
11.01,36.006
11.02,36.006
11.03,36.005
11.04,36.005
11.05,36.005
11.06,36.004
11.07,36.004
11.08,36.004
11.09,36.004
11.1,36.003
11.11,36.003
11.12,36.002
11.13,36.002
11.14,36.001
11.15,36.001
11.16,36.001
11.17,36.000
11.18,35.999
11.19,35.998
11.2,35.997
11.21,35.996
11.22,35.995
11.23,35.994
11.24,35.993
11.25,35.993
11.26,35.992
11.27,35.992
11.28,35.991
11.29,35.991
11.3,35.990
11.31,35.990
11.32,35.989
11.33,35.989
11.34,35.988
11.35,35.988
11.36,35.987
11.37,35.987
11.38,35.986
11.39,35.985
11.4,35.984
11.41,35.984
11.42,35.984
11.43,35.984
11.44,35.985
11.45,35.984
11.46,35.984
11.47,35.983
11.48,35.981
11.49,35.980
11.5,35.979
11.51,35.978
11.52,35.977
11.53,35.976
11.54,35.975
11.55,35.974
11.56,35.973
11.57,35.972
11.58,35.971
11.59,35.970
11.6,35.969
11.61,35.968
11.62,35.966
11.63,35.965
11.64,35.964
11.65,35.963
11.66,35.962
11.67,35.961
11.68,35.960
11.69,35.958
11.7,35.957
11.71,35.956
11.72,35.955
11.73,35.953
11.74,35.952
11.75,35.951
11.76,35.950
11.77,35.948
11.78,35.947
11.79,35.946
11.8,35.945
11.81,35.943
11.82,35.942
11.83,35.941
11.84,35.939
11.85,35.938
11.86,35.937
11.87,35.936
11.88,35.934
11.89,35.933
11.9,35.932
11.91,35.932
11.92,35.931
11.93,35.930
11.94,35.930
11.95,35.929
11.96,35.929
11.97,35.928
11.98,35.927
11.99,35.927
12,35.926
12.01,35.926
12.02,35.925
12.03,35.925
12.04,35.924
12.05,35.924
12.06,35.923
12.07,35.923
12.08,35.923
12.09,35.923
12.1,35.923
12.11,35.923
12.12,35.923
12.13,35.923
12.14,35.923
12.15,35.923
12.16,35.923
12.17,35.923
12.18,35.923
12.19,35.923
12.2,35.923
12.21,35.923
12.22,35.923
12.23,35.923
12.24,35.923
12.25,35.923
12.26,35.923
12.27,35.924
12.28,35.924
12.29,35.924
12.3,35.924
12.31,35.924
12.32,35.924
12.33,35.924
12.34,35.924
12.35,35.924
12.36,35.924
12.37,35.924
12.38,35.924
12.39,35.924
12.4,35.924
12.41,35.924
12.42,35.924
12.43,35.924
12.44,35.924
12.45,35.924
12.46,35.924
12.47,35.924
12.48,35.924
12.49,35.924
12.5,35.924
12.51,35.924
12.52,35.925
12.53,35.925
12.54,35.926
12.55,35.927
12.56,35.927
12.57,35.928
12.58,35.928
12.59,35.929
12.6,35.929
12.61,35.929
12.62,35.930
12.63,35.930
12.64,35.931
12.65,35.931
12.66,35.931
12.67,35.932
12.68,35.932
12.69,35.932
12.7,35.933
12.71,35.933
12.72,35.933
12.73,35.933
12.74,35.933
12.75,35.934
12.76,35.934
12.77,35.934
12.78,35.934
12.79,35.935
12.8,35.935
12.81,35.935
12.82,35.936
12.83,35.936
12.84,35.936
12.85,35.936
12.86,35.937
12.87,35.937
12.88,35.937
12.89,35.937
12.9,35.938
12.91,35.938
12.92,35.938
12.93,35.939
12.94,35.939
12.95,35.939
12.96,35.939
12.97,35.940
12.98,35.940
12.99,35.940
13,35.941
13.01,35.941
13.02,35.942
13.03,35.943
13.04,35.943
13.05,35.944
13.06,35.945
13.07,35.946
13.08,35.947
13.09,35.948
13.1,35.948
13.11,35.948
13.12,35.948
13.13,35.948
13.14,35.948
13.15,35.947
13.16,35.947
13.17,35.947
13.18,35.947
13.19,35.946
13.2,35.946
13.21,35.946
13.22,35.945
13.23,35.945
13.24,35.945
13.25,35.945
13.26,35.944
13.27,35.944
13.28,35.944
13.29,35.943
13.3,35.943
13.31,35.943
13.32,35.943
13.33,35.942
13.34,35.942
13.35,35.942
13.36,35.942
13.37,35.941
13.38,35.941
13.39,35.941
13.4,35.940
13.41,35.940
13.42,35.941
13.43,35.941
13.44,35.942
13.45,35.943
13.46,35.944
13.47,35.945
13.48,35.946
13.49,35.948
13.5,35.948
13.51,35.948
13.52,35.948
13.53,35.948
13.54,35.948
13.55,35.947
13.56,35.947
13.57,35.947
13.58,35.948
13.59,35.948
13.6,35.949
13.61,35.949
13.62,35.950
13.63,35.950
13.64,35.951
13.65,35.951
13.66,35.952
13.67,35.952
13.68,35.953
13.69,35.953
13.7,35.953
13.71,35.954
13.72,35.954
13.73,35.954
13.74,35.955
13.75,35.955
13.76,35.955
13.77,35.956
13.78,35.956
13.79,35.957
13.8,35.957
13.81,35.958
13.82,35.958
13.83,35.958
13.84,35.959
13.85,35.959
13.86,35.960
13.87,35.960
13.88,35.962
13.89,35.962
13.9,35.963
13.91,35.963
13.92,35.964
13.93,35.964
13.94,35.964
13.95,35.965
13.96,35.965
13.97,35.965
13.98,35.966
13.99,35.966
14,35.966
14.01,35.967
14.02,35.967
14.03,35.968
14.04,35.968
14.05,35.969
14.06,35.969
14.07,35.969
14.08,35.970
14.09,35.970
14.1,35.971
14.11,35.971
14.12,35.972
14.13,35.972
14.14,35.973
14.15,35.973
14.16,35.974
14.17,35.974
14.18,35.975
14.19,35.975
14.2,35.976
14.21,35.976
14.22,35.977
14.23,35.978
14.24,35.978
14.25,35.979
14.26,35.979
14.27,35.980
14.28,35.980
14.29,35.980
14.3,35.981
14.31,35.981
14.32,35.982
14.33,35.982
14.34,35.983
14.35,35.983
14.36,35.984
14.37,35.984
14.38,35.985
14.39,35.984
14.4,35.984
14.41,35.984
14.42,35.984
14.43,35.984
14.44,35.985
14.45,35.985
14.46,35.985
14.47,35.986
14.48,35.987
14.49,35.988
14.5,35.990
14.51,35.991
14.52,35.992
14.53,35.993
14.54,35.994
14.55,35.995
14.56,35.996
14.57,35.997
14.58,35.998
14.59,35.999
14.6,36.000
14.61,36.001
14.62,36.002
14.63,36.003
14.64,36.004
14.65,36.005
14.66,36.007
14.67,36.008
14.68,36.009
14.69,36.010
14.7,36.011
14.71,36.012
14.72,36.013
14.73,36.014
14.74,36.015
14.75,36.016
14.76,36.017
14.77,36.018
14.78,36.019
14.79,36.020
14.8,36.021
14.81,36.022
14.82,36.023
14.83,36.024
14.84,36.025
14.85,36.026
14.86,36.027
14.87,36.028
14.88,36.029
14.89,36.030
14.9,36.031
14.91,36.033
14.92,36.034
14.93,36.035
14.94,36.035
14.95,36.036
14.96,36.037
14.97,36.038
14.98,36.039
14.99,36.040
15,36.041
15.01,36.042
15.02,36.043
15.03,36.044
15.04,36.045
15.05,36.046
15.06,36.047
15.07,36.048
15.08,36.049
15.09,36.050
15.1,36.051
15.11,36.052
15.12,36.052
15.13,36.053
15.14,36.054
15.15,36.055
15.16,36.056
15.17,36.057
15.18,36.058
15.19,36.059
15.2,36.060
15.21,36.060
15.22,36.061
15.23,36.062
15.24,36.063
15.25,36.064
15.26,36.065
15.27,36.066
15.28,36.067
15.29,36.068
15.3,36.069
15.31,36.070
15.32,36.071
15.33,36.073
15.34,36.074
15.35,36.075
15.36,36.076
15.37,36.077
15.38,36.078
15.39,36.079
15.4,36.081
15.41,36.081
15.42,36.082
15.43,36.082
15.44,36.083
15.45,36.084
15.46,36.085
15.47,36.088
15.48,36.089
15.49,36.090
15.5,36.090
15.51,36.091
15.52,36.091
15.53,36.092
15.54,36.093
15.55,36.093
15.56,36.094
15.57,36.094
15.58,36.095
15.59,36.095
15.6,36.096
15.61,36.096
15.62,36.097
15.63,36.097
15.64,36.098
15.65,36.099
15.66,36.099
15.67,36.099
15.68,36.100
15.69,36.100
15.7,36.101
15.71,36.102
15.72,36.102
15.73,36.102
15.74,36.103
15.75,36.103
15.76,36.104
15.77,36.105
15.78,36.106
15.79,36.106
15.8,36.107
15.81,36.108
15.82,36.109
15.83,36.110
15.84,36.111
15.85,36.111
15.86,36.112
15.87,36.112
15.88,36.112
15.89,36.113
15.9,36.113
15.91,36.114
15.92,36.114
15.93,36.114
15.94,36.115
15.95,36.115
15.96,36.116
15.97,36.116
15.98,36.116
15.99,36.117
16,36.117
16.01,36.117
16.02,36.118
16.03,36.118
16.04,36.119
16.05,36.119
16.06,36.119
16.07,36.120
16.08,36.120
16.09,36.120
16.1,36.121
16.11,36.121
16.12,36.121
16.13,36.121
16.14,36.122
16.15,36.122
16.16,36.122
16.17,36.123
16.18,36.124
16.19,36.125
16.2,36.125
16.21,36.126
16.22,36.127
16.23,36.127
16.24,36.128
16.25,36.128
16.26,36.128
16.27,36.127
16.28,36.127
16.29,36.127
16.3,36.126
16.31,36.126
16.32,36.126
16.33,36.126
16.34,36.126
16.35,36.126
16.36,36.126
16.37,36.127
16.38,36.127
16.39,36.128
16.4,36.128
16.41,36.128
16.42,36.128
16.43,36.128
16.44,36.127
16.45,36.127
16.46,36.126
16.47,36.127
16.48,36.128
16.49,36.129
16.5,36.130
16.51,36.130
16.52,36.131
16.53,36.131
16.54,36.131
16.55,36.132
16.56,36.132
16.57,36.133
16.58,36.133
16.59,36.133
16.6,36.134
16.61,36.134
16.62,36.135
16.63,36.135
16.64,36.136
16.65,36.136
16.66,36.137
16.67,36.137
16.68,36.137
16.69,36.138
16.7,36.138
16.71,36.139
16.72,36.140
16.73,36.140
16.74,36.141
16.75,36.141
16.76,36.142
16.77,36.142
16.78,36.143
16.79,36.143
16.8,36.144
16.81,36.144
16.82,36.145
16.83,36.146
16.84,36.146
16.85,36.147
16.86,36.147
16.87,36.148
16.88,36.148
16.89,36.149
16.9,36.149
16.91,36.150
16.92,36.151
16.93,36.151
16.94,36.152
16.95,36.153
16.96,36.153
16.97,36.154
16.98,36.155
16.99,36.155
17,36.156
17.01,36.157
17.02,36.158
17.03,36.159
17.04,36.161
17.05,36.162
17.06,36.163
17.07,36.164
17.08,36.165
17.09,36.166
17.1,36.167
17.11,36.168
17.12,36.168
17.13,36.169
17.14,36.170
17.15,36.170
17.16,36.171
17.17,36.172
17.18,36.172
17.19,36.173
17.2,36.174
17.21,36.175
17.22,36.175
17.23,36.176
17.24,36.177
17.25,36.177
17.26,36.178
17.27,36.179
17.28,36.179
17.29,36.180
17.3,36.180
17.31,36.181
17.32,36.181
17.33,36.182
17.34,36.182
17.35,36.183
17.36,36.183
17.37,36.184
17.38,36.184
17.39,36.185
17.4,36.185
17.41,36.186
17.42,36.186
17.43,36.187
17.44,36.187
17.45,36.187
17.46,36.187
17.47,36.188
17.48,36.188
17.49,36.189
17.5,36.189
17.51,36.190
17.52,36.190
17.53,36.191
17.54,36.191
17.55,36.192
17.56,36.192
17.57,36.193
17.58,36.193
17.59,36.194
17.6,36.194
17.61,36.195
17.62,36.195
17.63,36.196
17.64,36.197
17.65,36.197
17.66,36.198
17.67,36.199
17.68,36.199
17.69,36.200
17.7,36.201
17.71,36.201
17.72,36.202
17.73,36.203
17.74,36.204
17.75,36.205
17.76,36.206
17.77,36.206
17.78,36.207
17.79,36.208
17.8,36.209
17.81,36.210
17.82,36.211
17.83,36.211
17.84,36.212
17.85,36.213
17.86,36.214
17.87,36.215
17.88,36.215
17.89,36.216
17.9,36.217
17.91,36.218
17.92,36.219
17.93,36.220
17.94,36.220
17.95,36.221
17.96,36.222
17.97,36.222
17.98,36.223
17.99,36.224
18,36.224
18.01,36.225
18.02,36.226
18.03,36.226
18.04,36.227
18.05,36.228
18.06,36.228
18.07,36.229
18.08,36.230
18.09,36.230
18.1,36.231
18.11,36.232
18.12,36.232
18.13,36.233
18.14,36.234
18.15,36.234
18.16,36.235
18.17,36.235
18.18,36.236
18.19,36.237
18.2,36.237
18.21,36.238
18.22,36.238
18.23,36.239
18.24,36.240
18.25,36.240
18.26,36.241
18.27,36.242
18.28,36.242
18.29,36.243
18.3,36.243
18.31,36.244
18.32,36.245
18.33,36.245
18.34,36.246
18.35,36.247
18.36,36.247
18.37,36.248
18.38,36.248
18.39,36.249
18.4,36.249
18.41,36.250
18.42,36.251
18.43,36.252
18.44,36.252
18.45,36.252
18.46,36.252
18.47,36.252
18.48,36.252
18.49,36.252
18.5,36.252
18.51,36.253
18.52,36.254
18.53,36.255
18.54,36.255
18.55,36.256
18.56,36.256
18.57,36.257
18.58,36.257
18.59,36.257
18.6,36.257
18.61,36.257
18.62,36.256
18.63,36.256
18.64,36.256
18.65,36.256
18.66,36.256
18.67,36.256
18.68,36.255
18.69,36.255
18.7,36.255
18.71,36.255
18.72,36.255
18.73,36.255
18.74,36.254
18.75,36.254
18.76,36.254
18.77,36.254
18.78,36.254
18.79,36.254
18.8,36.254
18.81,36.253
18.82,36.253
18.83,36.252
18.84,36.252
18.85,36.251
18.86,36.251
18.87,36.250
18.88,36.251
18.89,36.251
18.9,36.251
18.91,36.251
18.92,36.251
18.93,36.251
18.94,36.251
18.95,36.251
18.96,36.251
18.97,36.252
18.98,36.252
18.99,36.252
19,36.252
19.01,36.251
19.02,36.251
19.03,36.251
19.04,36.250
19.05,36.250
19.06,36.249
19.07,36.248
19.08,36.247
19.09,36.246
19.1,36.246
19.11,36.245
19.12,36.244
19.13,36.243
19.14,36.242
19.15,36.241
19.16,36.240
19.17,36.240
19.18,36.239
19.19,36.239
19.2,36.239
19.21,36.239
19.22,36.239
19.23,36.239
19.24,36.239
19.25,36.239
19.26,36.238
19.27,36.238
19.28,36.238
19.29,36.238
19.3,36.238
19.31,36.238
19.32,36.238
19.33,36.238
19.34,36.238
19.35,36.238
19.36,36.238
19.37,36.238
19.38,36.238
19.39,36.238
19.4,36.238
19.41,36.238
19.42,36.238
19.43,36.237
19.44,36.237
19.45,36.237
19.46,36.237
19.47,36.236
19.48,36.235
19.49,36.234
19.5,36.234
19.51,36.233
19.52,36.232
19.53,36.232
19.54,36.231
19.55,36.230
19.56,36.229
19.57,36.228
19.58,36.228
19.59,36.227
19.6,36.226
19.61,36.225
19.62,36.224
19.63,36.223
19.64,36.223
19.65,36.222
19.66,36.221
19.67,36.220
19.68,36.219
19.69,36.218
19.7,36.217
19.71,36.216
19.72,36.216
19.73,36.215
19.74,36.214
19.75,36.213
19.76,36.212
19.77,36.211
19.78,36.210
19.79,36.209
19.8,36.208
19.81,36.207
19.82,36.207
19.83,36.206
19.84,36.205
19.85,36.204
19.86,36.203
19.87,36.202
19.88,36.201
19.89,36.201
19.9,36.200
19.91,36.199
19.92,36.198
19.93,36.198
19.94,36.197
19.95,36.196
19.96,36.195
19.97,36.195
19.98,36.194
19.99,36.194
20,36.193
20.01,36.192
20.02,36.192
20.03,36.191
20.04,36.191
20.05,36.190
20.06,36.190
20.07,36.189
20.08,36.188
20.09,36.188
20.1,36.187
20.11,36.187
20.12,36.187
20.13,36.187
20.14,36.188
20.15,36.188
20.16,36.188
20.17,36.188
20.18,36.188
20.19,36.189
20.2,36.189
20.21,36.189
20.22,36.189
20.23,36.190
20.24,36.190
20.25,36.190
20.26,36.190
20.27,36.190
20.28,36.190
20.29,36.190
20.3,36.190
20.31,36.190
20.32,36.190
20.33,36.190
20.34,36.190
20.35,36.190
20.36,36.191
20.37,36.191
20.38,36.191
20.39,36.191
20.4,36.191
20.41,36.191
20.42,36.191
20.43,36.191
20.44,36.191
20.45,36.190
20.46,36.190
20.47,36.190
20.48,36.190
20.49,36.191
20.5,36.191
20.51,36.192
20.52,36.193
20.53,36.193
20.54,36.194
20.55,36.194
20.56,36.195
20.57,36.196
20.58,36.196
20.59,36.197
20.6,36.198
20.61,36.198
20.62,36.199
20.63,36.199
20.64,36.200
20.65,36.201
20.66,36.201
20.67,36.202
20.68,36.203
20.69,36.203
20.7,36.204
20.71,36.204
20.72,36.205
20.73,36.206
20.74,36.206
20.75,36.207
20.76,36.207
20.77,36.208
20.78,36.208
20.79,36.209
20.8,36.209
20.81,36.210
20.82,36.210
20.83,36.211
20.84,36.211
20.85,36.212
20.86,36.212
20.87,36.211
20.88,36.211
20.89,36.211
20.9,36.211
20.91,36.210
20.92,36.210
20.93,36.210
20.94,36.210
20.95,36.210
20.96,36.209
20.97,36.209
20.98,36.209
20.99,36.209
21,36.209
21.01,36.208
21.02,36.208
21.03,36.208
21.04,36.208
21.05,36.208
21.06,36.208
21.07,36.208
21.08,36.207
21.09,36.207
21.1,36.207
21.11,36.207
21.12,36.207
21.13,36.207
21.14,36.207
21.15,36.207
21.16,36.207
21.17,36.207
21.18,36.207
21.19,36.207
21.2,36.208
21.21,36.208
21.22,36.207
21.23,36.207
21.24,36.207
21.25,36.207
21.26,36.208
21.27,36.209
21.28,36.210
21.29,36.210
21.3,36.211
21.31,36.211
21.32,36.212
21.33,36.212
21.34,36.211
21.35,36.211
21.36,36.211
21.37,36.211
21.38,36.211
21.39,36.211
21.4,36.211
21.41,36.211
21.42,36.212
21.43,36.212
21.44,36.212
21.45,36.212
21.46,36.212
21.47,36.211
21.48,36.211
21.49,36.210
21.5,36.210
21.51,36.210
21.52,36.210
21.53,36.210
21.54,36.210
21.55,36.210
21.56,36.210
21.57,36.210
21.58,36.210
21.59,36.210
21.6,36.210
21.61,36.210
21.62,36.210
21.63,36.210
21.64,36.210
21.65,36.210
21.66,36.210
21.67,36.210
21.68,36.210
21.69,36.210
21.7,36.210
21.71,36.210
21.72,36.209
21.73,36.209
21.74,36.209
21.75,36.209
21.76,36.209
21.77,36.208
21.78,36.207
21.79,36.207
21.8,36.206
21.81,36.206
21.82,36.205
21.83,36.205
21.84,36.205
21.85,36.205
21.86,36.205
21.87,36.205
21.88,36.205
21.89,36.205
21.9,36.205
21.91,36.204
21.92,36.204
21.93,36.204
21.94,36.204
21.95,36.204
21.96,36.204
21.97,36.203
21.98,36.203
21.99,36.203
22,36.203
22.01,36.202
22.02,36.201
22.03,36.200
22.04,36.199
22.05,36.199
22.06,36.198
22.07,36.197
22.08,36.196
22.09,36.195
22.1,36.194
22.11,36.193
22.12,36.192
22.13,36.191
22.14,36.190
22.15,36.189
22.16,36.189
22.17,36.188
22.18,36.187
22.19,36.186
22.2,36.185
22.21,36.184
22.22,36.184
22.23,36.183
22.24,36.182
22.25,36.181
22.26,36.180
22.27,36.180
22.28,36.179
22.29,36.178
22.3,36.177
22.31,36.177
22.32,36.176
22.33,36.175
22.34,36.175
22.35,36.175
22.36,36.175
22.37,36.176
22.38,36.176
22.39,36.176
22.4,36.176
22.41,36.176
22.42,36.176
22.43,36.176
22.44,36.176
22.45,36.177
22.46,36.177
22.47,36.177
22.48,36.177
22.49,36.177
22.5,36.177
22.51,36.178
22.52,36.178
22.53,36.178
22.54,36.178
22.55,36.178
22.56,36.178
22.57,36.178
22.58,36.179
22.59,36.179
22.6,36.179
22.61,36.179
22.62,36.179
22.63,36.179
22.64,36.179
22.65,36.180
22.66,36.180
22.67,36.180
22.68,36.180
22.69,36.180
22.7,36.180
22.71,36.180
22.72,36.180
22.73,36.180
22.74,36.179
22.75,36.179
22.76,36.179
22.77,36.179
22.78,36.179
22.79,36.179
22.8,36.179
22.81,36.179
22.82,36.179
22.83,36.179
22.84,36.179
22.85,36.179
22.86,36.179
22.87,36.179
22.88,36.179
22.89,36.179
22.9,36.179
22.91,36.179
22.92,36.179
22.93,36.179
22.94,36.179
22.95,36.179
22.96,36.179
22.97,36.178
22.98,36.179
22.99,36.178
23,36.178
23.01,36.178
23.02,36.178
23.03,36.178
23.04,36.178
23.05,36.178
23.06,36.178
23.07,36.178
23.08,36.178
23.09,36.177
23.1,36.177
23.11,36.177
23.12,36.177
23.13,36.177
23.14,36.177
23.15,36.176
23.16,36.176
23.17,36.176
23.18,36.176
23.19,36.176
23.2,36.175
23.21,36.175
23.22,36.175
23.23,36.175
23.24,36.175
23.25,36.174
23.26,36.174
23.27,36.174
23.28,36.174
23.29,36.173
23.3,36.173
23.31,36.173
23.32,36.172
23.33,36.172
23.34,36.172
23.35,36.172
23.36,36.172
23.37,36.172
23.38,36.171
23.39,36.171
23.4,36.171
23.41,36.171
23.42,36.171
23.43,36.171
23.44,36.171
23.45,36.171
23.46,36.171
23.47,36.171
23.48,36.170
23.49,36.170
23.5,36.170
23.51,36.171
23.52,36.171
23.53,36.171
23.54,36.173
23.55,36.173
23.56,36.174
23.57,36.175
23.58,36.176
23.59,36.177
23.6,36.177
23.61,36.178
23.62,36.179
23.63,36.180
23.64,36.181
23.65,36.181
23.66,36.182
23.67,36.183
23.68,36.184
23.69,36.184
23.7,36.185
23.71,36.186
23.72,36.187
23.73,36.188
23.74,36.188
23.75,36.189
23.76,36.190
23.77,36.191
23.78,36.192
23.79,36.192
23.8,36.193
23.81,36.194
23.82,36.196
23.83,36.197
23.84,36.198
23.85,36.199
23.86,36.201
23.87,36.202
23.88,36.202
23.89,36.203
23.9,36.204
23.91,36.204
23.92,36.205
23.93,36.206
23.94,36.206
23.95,36.207
23.96,36.208
23.97,36.208
23.98,36.209
23.99,36.210
24,36.211
24.01,36.212
24.02,36.213
24.03,36.214
24.04,36.215
24.05,36.217
24.06,36.218
24.07,36.220
24.08,36.222
24.09,36.223
24.1,36.224
24.11,36.225
24.12,36.227
24.13,36.229
24.14,36.230
24.15,36.232
24.16,36.233
24.17,36.234
24.18,36.235
24.19,36.235
24.2,36.236
24.21,36.236
24.22,36.237
24.23,36.237
24.24,36.237
24.25,36.238
24.26,36.238
24.27,36.238
24.28,36.239
24.29,36.239
24.3,36.239
24.31,36.239
24.32,36.240
24.33,36.240
24.34,36.241
24.35,36.241
24.36,36.241
24.37,36.242
24.38,36.242
24.39,36.243
24.4,36.243
24.41,36.244
24.42,36.244
24.43,36.245
24.44,36.246
24.45,36.246
24.46,36.247
24.47,36.247
24.48,36.248
24.49,36.248
24.5,36.248
24.51,36.248
24.52,36.248
24.53,36.248
24.54,36.249
24.55,36.249
24.56,36.249
24.57,36.250
24.58,36.250
24.59,36.251
24.6,36.252
24.61,36.252
24.62,36.253
24.63,36.253
24.64,36.253
24.65,36.253
24.66,36.253
24.67,36.253
24.68,36.253
24.69,36.254
24.7,36.254
24.71,36.254
24.72,36.254
24.73,36.254
24.74,36.254
24.75,36.255
24.76,36.255
24.77,36.255
24.78,36.255
24.79,36.256
24.8,36.256
24.81,36.256
24.82,36.256
24.83,36.256
24.84,36.256
24.85,36.257
24.86,36.257
24.87,36.257
24.88,36.257
24.89,36.257
24.9,36.257
24.91,36.257
24.92,36.257
24.93,36.257
24.94,36.257
24.95,36.257
24.96,36.257
24.97,36.257
24.98,36.257
24.99,36.257
25,36.257
25.01,36.257
25.02,36.257
25.03,36.257
25.04,36.257
25.05,36.257
25.06,36.257
25.07,36.257
25.08,36.257
25.09,36.257
25.1,36.257
25.11,36.257
25.12,36.256
25.13,36.256
25.14,36.256
25.15,36.256
25.16,36.256
25.17,36.256
25.18,36.256
25.19,36.256
25.2,36.256
25.21,36.256
25.22,36.256
25.23,36.256
25.24,36.255
25.25,36.255
25.26,36.255
25.27,36.255
25.28,36.255
25.29,36.255
25.3,36.254
25.31,36.253
25.32,36.252
25.33,36.251
25.34,36.250
25.35,36.249
25.36,36.248
25.37,36.247
25.38,36.246
25.39,36.245
25.4,36.245
25.41,36.244
25.42,36.243
25.43,36.242
25.44,36.241
25.45,36.240
25.46,36.239
25.47,36.238
25.48,36.237
25.49,36.237
25.5,36.236
25.51,36.235
25.52,36.234
25.53,36.233
25.54,36.232
25.55,36.232
25.56,36.231
25.57,36.230
25.58,36.229
25.59,36.228
25.6,36.228
25.61,36.227
25.62,36.226
25.63,36.225
25.64,36.225
25.65,36.224
25.66,36.223
25.67,36.223
25.68,36.222
25.69,36.221
25.7,36.221
25.71,36.220
25.72,36.219
25.73,36.219
25.74,36.218
25.75,36.217
25.76,36.217
25.77,36.216
25.78,36.216
25.79,36.215
25.8,36.215
25.81,36.215
25.82,36.215
25.83,36.215
25.84,36.215
25.85,36.216
25.86,36.216
25.87,36.217
25.88,36.218
25.89,36.219
25.9,36.220
25.91,36.220
25.92,36.221
25.93,36.222
25.94,36.223
25.95,36.224
25.96,36.225
25.97,36.225
25.98,36.226
25.99,36.227
26,36.228
26.01,36.229
26.02,36.229
26.03,36.230
26.04,36.231
26.05,36.232
26.06,36.233
26.07,36.233
26.08,36.234
26.09,36.235
26.1,36.236
26.11,36.236
26.12,36.237
26.13,36.238
26.14,36.238
26.15,36.239
26.16,36.240
26.17,36.241
26.18,36.241
26.19,36.242
26.2,36.242
26.21,36.243
26.22,36.244
26.23,36.245
26.24,36.246
26.25,36.246
26.26,36.247
26.27,36.248
26.28,36.248
26.29,36.249
26.3,36.249
26.31,36.250
26.32,36.250
26.33,36.252
26.34,36.253
26.35,36.254
26.36,36.255
26.37,36.256
26.38,36.256
26.39,36.257
26.4,36.257
26.41,36.257
26.42,36.258
26.43,36.258
26.44,36.258
26.45,36.259
26.46,36.259
26.47,36.260
26.48,36.260
26.49,36.261
26.5,36.261
26.51,36.262
26.52,36.262
26.53,36.263
26.54,36.263
26.55,36.263
26.56,36.264
26.57,36.264
26.58,36.265
26.59,36.265
26.6,36.266
26.61,36.266
26.62,36.267
26.63,36.267
26.64,36.267
26.65,36.268
26.66,36.268
26.67,36.269
26.68,36.269
26.69,36.270
26.7,36.270
26.71,36.270
26.72,36.271
26.73,36.271
26.74,36.272
26.75,36.273
26.76,36.274
26.77,36.275
26.78,36.276
26.79,36.277
26.8,36.278
26.81,36.279
26.82,36.280
26.83,36.280
26.84,36.281
26.85,36.282
26.86,36.283
26.87,36.283
26.88,36.284
26.89,36.284
26.9,36.285
26.91,36.286
26.92,36.287
26.93,36.287
26.94,36.288
26.95,36.289
26.96,36.290
26.97,36.290
26.98,36.291
26.99,36.292
27,36.293
27.01,36.293
27.02,36.294
27.03,36.295
27.04,36.296
27.05,36.297
27.06,36.297
27.07,36.298
27.08,36.299
27.09,36.300
27.1,36.301
27.11,36.302
27.12,36.302
27.13,36.303
27.14,36.304
27.15,36.305
27.16,36.306
27.17,36.307
27.18,36.307
27.19,36.308
27.2,36.309
27.21,36.310
27.22,36.311
27.23,36.311
27.24,36.312
27.25,36.311
27.26,36.312
27.27,36.312
27.28,36.312
27.29,36.312
27.3,36.313
27.31,36.313
27.32,36.314
27.33,36.314
27.34,36.314
27.35,36.314
27.36,36.314
27.37,36.314
27.38,36.314
27.39,36.314
27.4,36.314
27.41,36.314
27.42,36.314
27.43,36.313
27.44,36.313
27.45,36.313
27.46,36.313
27.47,36.313
27.48,36.313
27.49,36.312
27.5,36.312
27.51,36.312
27.52,36.312
27.53,36.312
27.54,36.312
27.55,36.311
27.56,36.311
27.57,36.311
27.58,36.311
27.59,36.310
27.6,36.310
27.61,36.310
27.62,36.310
27.63,36.309
27.64,36.309
27.65,36.309
27.66,36.308
27.67,36.308
27.68,36.307
27.69,36.306
27.7,36.305
27.71,36.304
27.72,36.303
27.73,36.302
27.74,36.301
27.75,36.300
27.76,36.299
27.77,36.298
27.78,36.297
27.79,36.296
27.8,36.295
27.81,36.294
27.82,36.293
27.83,36.292
27.84,36.291
27.85,36.289
27.86,36.288
27.87,36.287
27.88,36.286
27.89,36.285
27.9,36.284
27.91,36.282
27.92,36.281
27.93,36.280
27.94,36.279
27.95,36.278
27.96,36.277
27.97,36.275
27.98,36.274
27.99,36.273
28,36.272
28.01,36.270
28.02,36.269
28.03,36.268
28.04,36.267
28.05,36.265
28.06,36.264
28.07,36.263
28.08,36.261
28.09,36.260
28.1,36.259
28.11,36.257
28.12,36.256
28.13,36.255
28.14,36.253
28.15,36.252
28.16,36.250
28.17,36.250
28.18,36.249
28.19,36.248
28.2,36.247
28.21,36.247
28.22,36.246
28.23,36.245
28.24,36.244
28.25,36.243
28.26,36.242
28.27,36.241
28.28,36.240
28.29,36.240
28.3,36.239
28.31,36.238
28.32,36.237
28.33,36.236
28.34,36.235
28.35,36.234
28.36,36.233
28.37,36.231
28.38,36.230
28.39,36.229
28.4,36.228
28.41,36.226
28.42,36.225
28.43,36.224
28.44,36.222
28.45,36.220
28.46,36.219
28.47,36.218
28.48,36.216
28.49,36.215
28.5,36.213
28.51,36.212
28.52,36.210
28.53,36.209
28.54,36.207
28.55,36.205
28.56,36.204
28.57,36.202
28.58,36.200
28.59,36.198
28.6,36.197
28.61,36.195
28.62,36.193
28.63,36.191
28.64,36.189
28.65,36.187
28.66,36.185
28.67,36.183
28.68,36.181
28.69,36.179
28.7,36.177
28.71,36.175
28.72,36.173
28.73,36.171
28.74,36.168
28.75,36.166
28.76,36.164
28.77,36.162
28.78,36.159
28.79,36.157
28.8,36.154
28.81,36.152
28.82,36.150
28.83,36.147
28.84,36.145
28.85,36.142
28.86,36.140
28.87,36.138
28.88,36.135
28.89,36.133
28.9,36.130
28.91,36.127
28.92,36.125
28.93,36.122
28.94,36.120
28.95,36.117
28.96,36.113
28.97,36.110
28.98,36.107
28.99,36.103
29,36.100
29.01,36.097
29.02,36.093
29.03,36.090
29.04,36.087
29.05,36.084
29.06,36.080
29.07,36.077
29.08,36.074
29.09,36.070
29.1,36.067
29.11,36.064
29.12,36.060
29.13,36.057
29.14,36.054
29.15,36.051
29.16,36.047
29.17,36.044
29.18,36.041
29.19,36.037
29.2,36.034
29.21,36.031
29.22,36.027
29.23,36.024
29.24,36.021
29.25,36.017
29.26,36.014
29.27,36.011
29.28,36.007
29.29,36.004
29.3,36.001
29.31,35.997
29.32,35.994
29.33,35.990
29.34,35.986
29.35,35.983
29.36,35.979
29.37,35.976
29.38,35.972
29.39,35.968
29.4,35.965
29.41,35.961
29.42,35.957
29.43,35.953
29.44,35.950
29.45,35.947
29.46,35.944
29.47,35.941
29.48,35.938
29.49,35.935
29.5,35.932
29.51,35.927
29.52,35.924
29.53,35.920
29.54,35.916
29.55,35.913
29.56,35.909
29.57,35.905
29.58,35.901
29.59,35.896
29.6,35.893
29.61,35.888
29.62,35.884
29.63,35.881
29.64,35.877
29.65,35.873
29.66,35.870
29.67,35.866
29.68,35.862
29.69,35.859
29.7,35.855
29.71,35.851
29.72,35.847
29.73,35.843
29.74,35.840
29.75,35.836
29.76,35.832
29.77,35.828
29.78,35.824
29.79,35.820
29.8,35.816
29.81,35.812
29.82,35.808
29.83,35.804
29.84,35.799
29.85,35.795
29.86,35.791
29.87,35.787
29.88,35.783
29.89,35.779
29.9,35.774
29.91,35.770
29.92,35.766
29.93,35.761
29.94,35.757
29.95,35.753
29.96,35.748
29.97,35.744
29.98,35.739
29.99,35.734
30,35.729
30.01,35.724
30.02,35.720
30.03,35.716
30.04,35.711
30.05,35.707
30.06,35.703
30.07,35.699
30.08,35.695
30.09,35.691
30.1,35.687
30.11,35.684
30.12,35.680
30.13,35.675
30.14,35.670
30.15,35.666
30.16,35.661
30.17,35.656
30.18,35.652
30.19,35.647
30.2,35.642
30.21,35.638
30.22,35.633
30.23,35.628
30.24,35.624
30.25,35.619
30.26,35.614
30.27,35.609
30.28,35.604
30.29,35.599
30.3,35.595
30.31,35.592
30.32,35.588
30.33,35.584
30.34,35.580
30.35,35.576
30.36,35.572
30.37,35.567
30.38,35.563
30.39,35.559
30.4,35.555
30.41,35.551
30.42,35.547
30.43,35.543
30.44,35.539
30.45,35.535
30.46,35.531
30.47,35.527
30.48,35.522
30.49,35.518
30.5,35.514
30.51,35.509
30.52,35.505
30.53,35.500
30.54,35.495
30.55,35.490
30.56,35.485
30.57,35.480
30.58,35.475
30.59,35.470
30.6,35.464
30.61,35.459
30.62,35.454
30.63,35.449
30.64,35.444
30.65,35.438
30.66,35.433
30.67,35.428
30.68,35.422
30.69,35.417
30.7,35.412
30.71,35.406
30.72,35.401
30.73,35.395
30.74,35.390
30.75,35.384
30.76,35.379
30.77,35.373
30.78,35.368
30.79,35.362
30.8,35.356
30.81,35.350
30.82,35.344
30.83,35.337
30.84,35.331
30.85,35.325
30.86,35.318
30.87,35.312
30.88,35.306
30.89,35.299
30.9,35.293
30.91,35.287
30.92,35.280
30.93,35.274
30.94,35.267
30.95,35.261
30.96,35.254
30.97,35.248
30.98,35.241
30.99,35.234
31,35.228
31.01,35.221
31.02,35.215
31.03,35.209
31.04,35.202
31.05,35.196
31.06,35.190
31.07,35.184
31.08,35.178
31.09,35.172
31.1,35.166
31.11,35.159
31.12,35.153
31.13,35.147
31.14,35.141
31.15,35.134
31.16,35.128
31.17,35.121
31.18,35.115
31.19,35.109
31.2,35.102
31.21,35.096
31.22,35.089
31.23,35.083
31.24,35.077
31.25,35.070
31.26,35.064
31.27,35.057
31.28,35.051
31.29,35.045
31.3,35.038
31.31,35.032
31.32,35.025
31.33,35.019
31.34,35.013
31.35,35.006
31.36,35.000
31.37,34.994
31.38,34.987
31.39,34.981
31.4,34.974
31.41,34.968
31.42,34.962
31.43,34.956
31.44,34.950
31.45,34.943
31.46,34.937
31.47,34.930
31.48,34.923
31.49,34.916
31.5,34.910
31.51,34.902
31.52,34.896
31.53,34.890
31.54,34.883
31.55,34.876
31.56,34.869
31.57,34.862
31.58,34.854
31.59,34.847
31.6,34.840
31.61,34.833
31.62,34.826
31.63,34.818
31.64,34.811
31.65,34.804
31.66,34.796
31.67,34.789
31.68,34.782
31.69,34.774
31.7,34.767
31.71,34.760
31.72,34.752
31.73,34.745
31.74,34.737
31.75,34.730
31.76,34.722
31.77,34.715
31.78,34.707
31.79,34.699
31.8,34.692
31.81,34.684
31.82,34.676
31.83,34.669
31.84,34.661
31.85,34.653
31.86,34.645
31.87,34.638
31.88,34.630
31.89,34.622
31.9,34.614
31.91,34.607
31.92,34.599
31.93,34.591
31.94,34.583
31.95,34.575
31.96,34.567
31.97,34.559
31.98,34.551
31.99,34.543
32,34.535
32.01,34.527
32.02,34.519
32.03,34.511
32.04,34.503
32.05,34.495
32.06,34.487
32.07,34.478
32.08,34.470
32.09,34.462
32.1,34.454
32.11,34.446
32.12,34.438
32.13,34.429
32.14,34.421
32.15,34.413
32.16,34.405
32.17,34.396
32.18,34.388
32.19,34.379
32.2,34.371
32.21,34.362
32.22,34.354
32.23,34.346
32.24,34.339
32.25,34.332
32.26,34.324
32.27,34.317
32.28,34.309
32.29,34.302
32.3,34.294
32.31,34.287
32.32,34.279
32.33,34.271
32.34,34.263
32.35,34.254
32.36,34.246
32.37,34.238
32.38,34.230
32.39,34.222
32.4,34.214
32.41,34.206
32.42,34.198
32.43,34.190
32.44,34.182
32.45,34.174
32.46,34.165
32.47,34.157
32.48,34.149
32.49,34.141
32.5,34.132
32.51,34.123
32.52,34.115
32.53,34.106
32.54,34.097
32.55,34.088
32.56,34.079
32.57,34.070
32.58,34.061
32.59,34.052
32.6,34.043
32.61,34.034
32.62,34.025
32.63,34.016
32.64,34.007
32.65,33.998
32.66,33.989
32.67,33.979
32.68,33.971
32.69,33.963
32.7,33.954
32.71,33.946
32.72,33.937
32.73,33.928
32.74,33.919
32.75,33.909
32.76,33.900
32.77,33.891
32.78,33.882
32.79,33.873
32.8,33.864
32.81,33.855
32.82,33.847
32.83,33.838
32.84,33.829
32.85,33.820
32.86,33.811
32.87,33.802
32.88,33.793
32.89,33.784
32.9,33.775
32.91,33.766
32.92,33.757
32.93,33.748
32.94,33.739
32.95,33.730
32.96,33.721
32.97,33.712
32.98,33.703
32.99,33.694
33,33.685
33.01,33.676
33.02,33.666
33.03,33.657
33.04,33.648
33.05,33.639
33.06,33.630
33.07,33.621
33.08,33.613
33.09,33.604
33.1,33.595
33.11,33.587
33.12,33.578
33.13,33.570
33.14,33.561
33.15,33.552
33.16,33.544
33.17,33.534
33.18,33.525
33.19,33.516
33.2,33.506
33.21,33.497
33.22,33.488
33.23,33.478
33.24,33.469
33.25,33.459
33.26,33.450
33.27,33.440
33.28,33.430
33.29,33.421
33.3,33.412
33.31,33.402
33.32,33.392
33.33,33.383
33.34,33.373
33.35,33.364
33.36,33.354
33.37,33.344
33.38,33.335
33.39,33.325
33.4,33.315
33.41,33.305
33.42,33.295
33.43,33.285
33.44,33.276
33.45,33.267
33.46,33.257
33.47,33.247
33.48,33.237
33.49,33.227
33.5,33.218
33.51,33.207
33.52,33.197
33.53,33.186
33.54,33.176
33.55,33.165
33.56,33.155
33.57,33.145
33.58,33.134
33.59,33.124
33.6,33.113
33.61,33.103
33.62,33.092
33.63,33.082
33.64,33.071
33.65,33.061
33.66,33.050
33.67,33.040
33.68,33.029
33.69,33.019
33.7,33.008
33.71,32.997
33.72,32.987
33.73,32.976
33.74,32.966
33.75,32.955
33.76,32.945
33.77,32.934
33.78,32.923
33.79,32.912
33.8,32.902
33.81,32.891
33.82,32.880
33.83,32.870
33.84,32.859
33.85,32.848
33.86,32.837
33.87,32.826
33.88,32.815
33.89,32.804
33.9,32.793
33.91,32.782
33.92,32.771
33.93,32.760
33.94,32.749
33.95,32.738
33.96,32.728
33.97,32.717
33.98,32.707
33.99,32.696
34,32.686
34.01,32.675
34.02,32.664
34.03,32.653
34.04,32.643
34.05,32.632
34.06,32.621
34.07,32.610
34.08,32.599
34.09,32.588
34.1,32.577
34.11,32.566
34.12,32.555
34.13,32.544
34.14,32.533
34.15,32.522
34.16,32.511
34.17,32.499
34.18,32.488
34.19,32.477
34.2,32.466
34.21,32.455
34.22,32.443
34.23,32.432
34.24,32.421
34.25,32.410
34.26,32.399
34.27,32.388
34.28,32.377
34.29,32.367
34.3,32.356
34.31,32.345
34.32,32.334
34.33,32.323
34.34,32.313
34.35,32.302
34.36,32.291
34.37,32.280
34.38,32.269
34.39,32.258
34.4,32.247
34.41,32.236
34.42,32.225
34.43,32.214
34.44,32.202
34.45,32.191
34.46,32.179
34.47,32.167
34.48,32.155
34.49,32.143
34.5,32.131
34.51,32.121
34.52,32.110
34.53,32.098
34.54,32.086
34.55,32.074
34.56,32.062
34.57,32.049
34.58,32.037
34.59,32.025
34.6,32.013
34.61,32.001
34.62,31.989
34.63,31.976
34.64,31.964
34.65,31.952
34.66,31.939
34.67,31.927
34.68,31.914
34.69,31.902
34.7,31.889
34.71,31.877
34.72,31.865
34.73,31.852
34.74,31.839
34.75,31.827
34.76,31.814
34.77,31.802
34.78,31.789
34.79,31.777
34.8,31.764
34.81,31.751
34.82,31.739
34.83,31.726
34.84,31.714
34.85,31.701
34.86,31.688
34.87,31.675
34.88,31.663
34.89,31.650
34.9,31.637
34.91,31.624
34.92,31.612
34.93,31.599
34.94,31.586
34.95,31.573
34.96,31.561
34.97,31.548
34.98,31.535
34.99,31.523
35,31.510
35.01,31.498
35.02,31.484
35.03,31.471
35.04,31.458
35.05,31.444
35.06,31.430
35.07,31.416
35.08,31.403
35.09,31.389
35.1,31.375
35.11,31.361
35.12,31.346
35.13,31.332
35.14,31.318
35.15,31.304
35.16,31.289
35.17,31.275
35.18,31.261
35.19,31.246
35.2,31.232
35.21,31.217
35.22,31.203
35.23,31.188
35.24,31.174
35.25,31.159
35.26,31.143
35.27,31.129
35.28,31.115
35.29,31.102
35.3,31.088
35.31,31.074
35.32,31.060
35.33,31.046
35.34,31.031
35.35,31.017
35.36,31.003
35.37,30.989
35.38,30.974
35.39,30.960
35.4,30.946
35.41,30.931
35.42,30.917
35.43,30.902
35.44,30.888
35.45,30.873
35.46,30.859
35.47,30.843
35.48,30.827
35.49,30.812
35.5,30.796
35.51,30.780
35.52,30.765
35.53,30.750
35.54,30.734
35.55,30.720
35.56,30.705
35.57,30.690
35.58,30.675
35.59,30.660
35.6,30.645
35.61,30.630
35.62,30.615
35.63,30.600
35.64,30.585
35.65,30.570
35.66,30.555
35.67,30.540
35.68,30.524
35.69,30.509
35.7,30.494
35.71,30.478
35.72,30.463
35.73,30.448
35.74,30.432
35.75,30.417
35.76,30.401
35.77,30.385
35.78,30.370
35.79,30.354
35.8,30.338
35.81,30.323
35.82,30.307
35.83,30.291
35.84,30.275
35.85,30.259
35.86,30.243
35.87,30.227
35.88,30.212
35.89,30.196
35.9,30.179
35.91,30.163
35.92,30.147
35.93,30.131
35.94,30.115
35.95,30.099
35.96,30.083
35.97,30.067
35.98,30.050
35.99,30.034
36,30.018
36.01,30.002
36.02,29.986
36.03,29.969
36.04,29.953
36.05,29.937
36.06,29.921
36.07,29.904
36.08,29.888
36.09,29.872
36.1,29.856
36.11,29.839
36.12,29.823
36.13,29.807
36.14,29.791
36.15,29.774
36.16,29.758
36.17,29.742
36.18,29.725
36.19,29.709
36.2,29.692
36.21,29.676
36.22,29.660
36.23,29.643
36.24,29.627
36.25,29.610
36.26,29.593
36.27,29.576
36.28,29.559
36.29,29.543
36.3,29.526
36.31,29.509
36.32,29.492
36.33,29.475
36.34,29.458
36.35,29.441
36.36,29.424
36.37,29.407
36.38,29.390
36.39,29.373
36.4,29.355
36.41,29.338
36.42,29.321
36.43,29.303
36.44,29.286
36.45,29.269
36.46,29.251
36.47,29.234
36.48,29.217
36.49,29.200
36.5,29.182
36.51,29.165
36.52,29.147
36.53,29.129
36.54,29.110
36.55,29.093
36.56,29.075
36.57,29.057
36.58,29.039
36.59,29.021
36.6,29.003
36.61,28.986
36.62,28.968
36.63,28.950
36.64,28.932
36.65,28.915
36.66,28.897
36.67,28.879
36.68,28.861
36.69,28.843
36.7,28.825
36.71,28.807
36.72,28.789
36.73,28.770
36.74,28.752
36.75,28.734
36.76,28.715
36.77,28.697
36.78,28.679
36.79,28.660
36.8,28.642
36.81,28.623
36.82,28.604
36.83,28.586
36.84,28.567
36.85,28.548
36.86,28.529
36.87,28.510
36.88,28.491
36.89,28.472
36.9,28.453
36.91,28.434
36.92,28.415
36.93,28.396
36.94,28.377
36.95,28.357
36.96,28.338
36.97,28.319
36.98,28.300
36.99,28.280
37,28.261
37.01,28.241
37.02,28.222
37.03,28.202
37.04,28.182
37.05,28.163
37.06,28.143
37.07,28.124
37.08,28.104
37.09,28.085
37.1,28.066
37.11,28.047
37.12,28.028
37.13,28.009
37.14,27.990
37.15,27.971
37.16,27.952
37.17,27.933
37.18,27.914
37.19,27.895
37.2,27.875
37.21,27.856
37.22,27.837
37.23,27.817
37.24,27.797
37.25,27.778
37.26,27.758
37.27,27.738
37.28,27.718
37.29,27.698
37.3,27.678
37.31,27.658
37.32,27.638
37.33,27.618
37.34,27.598
37.35,27.577
37.36,27.557
37.37,27.537
37.38,27.517
37.39,27.496
37.4,27.476
37.41,27.456
37.42,27.435
37.43,27.415
37.44,27.394
37.45,27.374
37.46,27.353
37.47,27.333
37.48,27.312
37.49,27.291
37.5,27.271
37.51,27.250
37.52,27.230
37.53,27.209
37.54,27.188
37.55,27.167
37.56,27.146
37.57,27.125
37.58,27.104
37.59,27.083
37.6,27.062
37.61,27.041
37.62,27.020
37.63,26.999
37.64,26.978
37.65,26.957
37.66,26.936
37.67,26.914
37.68,26.893
37.69,26.871
37.7,26.850
37.71,26.829
37.72,26.807
37.73,26.786
37.74,26.765
37.75,26.744
37.76,26.723
37.77,26.701
37.78,26.680
37.79,26.659
37.8,26.637
37.81,26.615
37.82,26.593
37.83,26.571
37.84,26.549
37.85,26.528
37.86,26.505
37.87,26.483
37.88,26.461
37.89,26.439
37.9,26.417
37.91,26.395
37.92,26.372
37.93,26.350
37.94,26.328
37.95,26.305
37.96,26.283
37.97,26.260
37.98,26.238
37.99,26.215
38,26.193
38.01,26.170
38.02,26.147
38.03,26.125
38.04,26.102
38.05,26.079
38.06,26.055
38.07,26.032
38.08,26.009
38.09,25.985
38.1,25.961
38.11,25.938
38.12,25.914
38.13,25.890
38.14,25.866
38.15,25.843
38.16,25.819
38.17,25.795
38.18,25.771
38.19,25.747
38.2,25.723
38.21,25.699
38.22,25.675
38.23,25.650
38.24,25.626
38.25,25.602
38.26,25.577
38.27,25.553
38.28,25.529
38.29,25.505
38.3,25.481
38.31,25.457
38.32,25.433
38.33,25.410
38.34,25.387
38.35,25.363
38.36,25.339
38.37,25.316
38.38,25.292
38.39,25.269
38.4,25.246
38.41,25.222
38.42,25.199
38.43,25.176
38.44,25.152
38.45,25.128
38.46,25.104
38.47,25.080
38.48,25.056
38.49,25.031
38.5,25.007
38.51,24.983
38.52,24.959
38.53,24.936
38.54,24.912
38.55,24.888
38.56,24.864
38.57,24.840
38.58,24.816
38.59,24.793
38.6,24.769
38.61,24.745
38.62,24.721
38.63,24.697
38.64,24.673
38.65,24.649
38.66,24.625
38.67,24.601
38.68,24.577
38.69,24.553
38.7,24.529
38.71,24.505
38.72,24.481
38.73,24.456
38.74,24.432
38.75,24.408
38.76,24.384
38.77,24.360
38.78,24.336
38.79,24.312
38.8,24.288
38.81,24.263
38.82,24.239
38.83,24.215
38.84,24.191
38.85,24.167
38.86,24.143
38.87,24.119
38.88,24.095
38.89,24.071
38.9,24.046
38.91,24.022
38.92,23.998
38.93,23.974
38.94,23.949
38.95,23.925
38.96,23.901
38.97,23.877
38.98,23.853
38.99,23.828
39,23.804
39.01,23.780
39.02,23.756
39.03,23.733
39.04,23.709
39.05,23.686
39.06,23.662
39.07,23.638
39.08,23.615
39.09,23.591
39.1,23.567
39.11,23.544
39.12,23.520
39.13,23.496
39.14,23.473
39.15,23.449
39.16,23.425
39.17,23.402
39.18,23.378
39.19,23.354
39.2,23.330
39.21,23.307
39.22,23.283
39.23,23.259
39.24,23.235
39.25,23.212
39.26,23.188
39.27,23.163
39.28,23.139
39.29,23.114
39.3,23.090
39.31,23.065
39.32,23.041
39.33,23.017
39.34,22.992
39.35,22.968
39.36,22.944
39.37,22.920
39.38,22.895
39.39,22.871
39.4,22.847
39.41,22.822
39.42,22.798
39.43,22.774
39.44,22.750
39.45,22.725
39.46,22.700
39.47,22.675
39.48,22.651
39.49,22.626
39.5,22.601
39.51,22.576
39.52,22.552
39.53,22.528
39.54,22.504
39.55,22.480
39.56,22.456
39.57,22.431
39.58,22.407
39.59,22.383
39.6,22.359
39.61,22.335
39.62,22.312
39.63,22.288
39.64,22.264
39.65,22.240
39.66,22.216
39.67,22.192
39.68,22.168
39.69,22.144
39.7,22.120
39.71,22.096
39.72,22.072
39.73,22.049
39.74,22.025
39.75,22.001
39.76,21.977
39.77,21.953
39.78,21.929
39.79,21.905
39.8,21.882
39.81,21.858
39.82,21.834
39.83,21.810
39.84,21.786
39.85,21.762
39.86,21.739
39.87,21.715
39.88,21.691
39.89,21.667
39.9,21.643
39.91,21.619
39.92,21.595
39.93,21.572
39.94,21.548
39.95,21.524
39.96,21.501
39.97,21.477
39.98,21.453
39.99,21.429
40,21.405
40.01,21.381
40.02,21.356
40.03,21.332
40.04,21.307
40.05,21.283
40.06,21.257
40.07,21.233
40.08,21.208
40.09,21.184
40.1,21.160
40.11,21.135
40.12,21.111
40.13,21.087
40.14,21.063
40.15,21.039
40.16,21.016
40.17,20.992
40.18,20.968
40.19,20.944
40.2,20.920
40.21,20.896
40.22,20.872
40.23,20.847
40.24,20.823
40.25,20.799
40.26,20.776
40.27,20.752
40.28,20.727
40.29,20.703
40.3,20.678
40.31,20.654
40.32,20.629
40.33,20.604
40.34,20.580
40.35,20.555
40.36,20.531
40.37,20.506
40.38,20.483
40.39,20.458
40.4,20.434
40.41,20.409
40.42,20.385
40.43,20.362
40.44,20.338
40.45,20.314
40.46,20.289
40.47,20.267
40.48,20.244
40.49,20.221
40.5,20.197
40.51,20.174
40.52,20.151
40.53,20.128
40.54,20.105
40.55,20.081
40.56,20.058
40.57,20.034
40.58,20.011
40.59,19.987
40.6,19.964
40.61,19.941
40.62,19.917
40.63,19.894
40.64,19.871
40.65,19.847
40.66,19.824
40.67,19.801
40.68,19.777
40.69,19.754
40.7,19.731
40.71,19.708
40.72,19.685
40.73,19.662
40.74,19.639
40.75,19.616
40.76,19.593
40.77,19.570
40.78,19.546
40.79,19.524
40.8,19.501
40.81,19.478
40.82,19.455
40.83,19.432
40.84,19.410
40.85,19.387
40.86,19.364
40.87,19.341
40.88,19.318
40.89,19.296
40.9,19.273
40.91,19.251
40.92,19.228
40.93,19.205
40.94,19.183
40.95,19.160
40.96,19.137
40.97,19.114
40.98,19.091
40.99,19.068
41,19.045
41.01,19.022
41.02,18.999
41.03,18.975
41.04,18.952
41.05,18.929
41.06,18.906
41.07,18.882
41.08,18.859
41.09,18.836
41.1,18.812
41.11,18.789
41.12,18.766
41.13,18.744
41.14,18.721
41.15,18.699
41.16,18.676
41.17,18.653
41.18,18.631
41.19,18.608
41.2,18.586
41.21,18.563
41.22,18.541
41.23,18.518
41.24,18.495
41.25,18.473
41.26,18.450
41.27,18.428
41.28,18.406
41.29,18.383
41.3,18.361
41.31,18.338
41.32,18.316
41.33,18.293
41.34,18.271
41.35,18.248
41.36,18.226
41.37,18.203
41.38,18.181
41.39,18.158
41.4,18.136
41.41,18.114
41.42,18.090
41.43,18.067
41.44,18.044
41.45,18.021
41.46,17.998
41.47,17.975
41.48,17.952
41.49,17.929
41.5,17.907
41.51,17.885
41.52,17.862
41.53,17.840
41.54,17.818
41.55,17.796
41.56,17.774
41.57,17.752
41.58,17.730
41.59,17.708
41.6,17.686
41.61,17.663
41.62,17.641
41.63,17.619
41.64,17.596
41.65,17.574
41.66,17.551
41.67,17.529
41.68,17.507
41.69,17.485
41.7,17.464
41.71,17.442
41.72,17.420
41.73,17.398
41.74,17.377
41.75,17.355
41.76,17.333
41.77,17.312
41.78,17.290
41.79,17.269
41.8,17.248
41.81,17.227
41.82,17.205
41.83,17.184
41.84,17.163
41.85,17.142
41.86,17.121
41.87,17.100
41.88,17.079
41.89,17.058
41.9,17.036
41.91,17.016
41.92,16.995
41.93,16.974
41.94,16.953
41.95,16.932
41.96,16.911
41.97,16.891
41.98,16.870
41.99,16.849
42,16.829
42.01,16.808
42.02,16.787
42.03,16.767
42.04,16.746
42.05,16.725
42.06,16.705
42.07,16.685
42.08,16.664
42.09,16.643
42.1,16.622
42.11,16.601
42.12,16.580
42.13,16.559
42.14,16.538
42.15,16.517
42.16,16.496
42.17,16.475
42.18,16.454
42.19,16.433
42.2,16.412
42.21,16.391
42.22,16.370
42.23,16.349
42.24,16.328
42.25,16.307
42.26,16.287
42.27,16.266
42.28,16.244
42.29,16.223
42.3,16.201
42.31,16.180
42.32,16.159
42.33,16.138
42.34,16.117
42.35,16.097
42.36,16.076
42.37,16.055
42.38,16.035
42.39,16.014
42.4,15.993
42.41,15.973
42.42,15.952
42.43,15.931
42.44,15.911
42.45,15.890
42.46,15.870
42.47,15.849
42.48,15.829
42.49,15.808
42.5,15.788
42.51,15.769
42.52,15.749
42.53,15.729
42.54,15.709
42.55,15.690
42.56,15.671
42.57,15.652
42.58,15.633
42.59,15.615
42.6,15.596
42.61,15.577
42.62,15.558
42.63,15.540
42.64,15.521
42.65,15.502
42.66,15.484
42.67,15.465
42.68,15.447
42.69,15.429
42.7,15.410
42.71,15.392
42.72,15.374
42.73,15.356
42.74,15.338
42.75,15.320
42.76,15.302
42.77,15.284
42.78,15.266
42.79,15.248
42.8,15.231
42.81,15.213
42.82,15.195
42.83,15.178
42.84,15.160
42.85,15.143
42.86,15.126
42.87,15.108
42.88,15.091
42.89,15.074
42.9,15.056
42.91,15.039
42.92,15.022
42.93,15.005
42.94,14.988
42.95,14.971
42.96,14.954
42.97,14.937
42.98,14.921
42.99,14.904
43,14.887
43.01,14.871
43.02,14.854
43.03,14.838
43.04,14.821
43.05,14.805
43.06,14.790
43.07,14.774
43.08,14.758
43.09,14.743
43.1,14.727
43.11,14.711
43.12,14.696
43.13,14.681
43.14,14.665
43.15,14.650
43.16,14.634
43.17,14.619
43.18,14.604
43.19,14.588
43.2,14.573
43.21,14.559
43.22,14.544
43.23,14.529
43.24,14.514
43.25,14.500
43.26,14.485
43.27,14.470
43.28,14.456
43.29,14.441
43.3,14.426
43.31,14.411
43.32,14.395
43.33,14.379
43.34,14.363
43.35,14.348
43.36,14.333
43.37,14.318
43.38,14.303
43.39,14.287
43.4,14.272
43.41,14.256
43.42,14.241
43.43,14.226
43.44,14.210
43.45,14.194
43.46,14.179
43.47,14.164
43.48,14.149
43.49,14.134
43.5,14.119
43.51,14.104
43.52,14.089
43.53,14.074
43.54,14.059
43.55,14.044
43.56,14.029
43.57,14.014
43.58,13.999
43.59,13.984
43.6,13.969
43.61,13.954
43.62,13.939
43.63,13.925
43.64,13.910
43.65,13.895
43.66,13.880
43.67,13.865
43.68,13.851
43.69,13.836
43.7,13.821
43.71,13.806
43.72,13.791
43.73,13.776
43.74,13.761
43.75,13.746
43.76,13.731
43.77,13.716
43.78,13.702
43.79,13.687
43.8,13.673
43.81,13.659
43.82,13.645
43.83,13.630
43.84,13.616
43.85,13.602
43.86,13.588
43.87,13.574
43.88,13.560
43.89,13.546
43.9,13.532
43.91,13.518
43.92,13.504
43.93,13.490
43.94,13.476
43.95,13.462
43.96,13.449
43.97,13.435
43.98,13.421
43.99,13.408
44,13.394
44.01,13.380
44.02,13.366
44.03,13.352
44.04,13.338
44.05,13.324
44.06,13.310
44.07,13.296
44.08,13.282
44.09,13.268
44.1,13.254
44.11,13.240
44.12,13.227
44.13,13.213
44.14,13.199
44.15,13.185
44.16,13.172
44.17,13.159
44.18,13.146
44.19,13.133
44.2,13.120
44.21,13.107
44.22,13.095
44.23,13.082
44.24,13.069
44.25,13.056
44.26,13.043
44.27,13.031
44.28,13.018
44.29,13.005
44.3,12.993
44.31,12.980
44.32,12.967
44.33,12.954
44.34,12.942
44.35,12.929
44.36,12.916
44.37,12.903
44.38,12.891
44.39,12.878
44.4,12.865
44.41,12.851
44.42,12.838
44.43,12.825
44.44,12.812
44.45,12.799
44.46,12.787
44.47,12.774
44.48,12.762
44.49,12.749
44.5,12.736
44.51,12.724
44.52,12.711
44.53,12.699
44.54,12.687
44.55,12.674
44.56,12.662
44.57,12.650
44.58,12.637
44.59,12.625
44.6,12.612
44.61,12.600
44.62,12.588
44.63,12.575
44.64,12.563
44.65,12.551
44.66,12.539
44.67,12.526
44.68,12.514
44.69,12.502
44.7,12.490
44.71,12.477
44.72,12.465
44.73,12.453
44.74,12.441
44.75,12.429
44.76,12.416
44.77,12.404
44.78,12.392
44.79,12.380
44.8,12.368
44.81,12.356
44.82,12.344
44.83,12.332
44.84,12.319
44.85,12.307
44.86,12.295
44.87,12.283
44.88,12.271
44.89,12.259
44.9,12.247
44.91,12.235
44.92,12.223
44.93,12.211
44.94,12.199
44.95,12.188
44.96,12.177
44.97,12.165
44.98,12.154
44.99,12.143
45,12.132
45.01,12.122
45.02,12.112
45.03,12.101
45.04,12.092
45.05,12.081
45.06,12.071
45.07,12.061
45.08,12.052
45.09,12.041
45.1,12.031
45.11,12.021
45.12,12.011
45.13,12.000
45.14,11.990
45.15,11.979
45.16,11.969
45.17,11.959
45.18,11.949
45.19,11.938
45.2,11.928
45.21,11.918
45.22,11.907
45.23,11.898
45.24,11.888
45.25,11.878
45.26,11.868
45.27,11.858
45.28,11.848
45.29,11.838
45.3,11.828
45.31,11.818
45.32,11.808
45.33,11.799
45.34,11.789
45.35,11.779
45.36,11.769
45.37,11.759
45.38,11.749
45.39,11.740
45.4,11.729
45.41,11.719
45.42,11.708
45.43,11.697
45.44,11.686
45.45,11.675
45.46,11.665
45.47,11.654
45.48,11.644
45.49,11.634
45.5,11.623
45.51,11.613
45.52,11.603
45.53,11.592
45.54,11.582
45.55,11.572
45.56,11.562
45.57,11.552
45.58,11.542
45.59,11.531
45.6,11.521
45.61,11.511
45.62,11.501
45.63,11.491
45.64,11.481
45.65,11.470
45.66,11.460
45.67,11.450
45.68,11.440
45.69,11.430
45.7,11.420
45.71,11.410
45.72,11.400
45.73,11.390
45.74,11.380
45.75,11.370
45.76,11.360
45.77,11.350
45.78,11.340
45.79,11.330
45.8,11.320
45.81,11.310
45.82,11.300
45.83,11.290
45.84,11.280
45.85,11.271
45.86,11.261
45.87,11.251
45.88,11.241
45.89,11.231
45.9,11.221
45.91,11.211
45.92,11.201
45.93,11.191
45.94,11.182
45.95,11.172
45.96,11.162
45.97,11.153
45.98,11.144
45.99,11.134
46,11.125
46.01,11.116
46.02,11.106
46.03,11.097
46.04,11.087
46.05,11.077
46.06,11.068
46.07,11.058
46.08,11.048
46.09,11.038
46.1,11.029
46.11,11.019
46.12,11.009
46.13,10.999
46.14,10.988
46.15,10.978
46.16,10.968
46.17,10.957
46.18,10.947
46.19,10.937
46.2,10.927
46.21,10.917
46.22,10.907
46.23,10.896
46.24,10.886
46.25,10.876
46.26,10.866
46.27,10.856
46.28,10.846
46.29,10.836
46.3,10.827
46.31,10.817
46.32,10.807
46.33,10.797
46.34,10.788
46.35,10.778
46.36,10.768
46.37,10.759
46.38,10.749
46.39,10.739
46.4,10.730
46.41,10.720
46.42,10.711
46.43,10.703
46.44,10.694
46.45,10.685
46.46,10.676
46.47,10.666
46.48,10.657
46.49,10.648
46.5,10.639
46.51,10.630
46.52,10.620
46.53,10.612
46.54,10.603
46.55,10.594
46.56,10.585
46.57,10.577
46.58,10.568
46.59,10.560
46.6,10.551
46.61,10.542
46.62,10.534
46.63,10.525
46.64,10.517
46.65,10.509
46.66,10.501
46.67,10.492
46.68,10.483
46.69,10.475
46.7,10.466
46.71,10.457
46.72,10.447
46.73,10.439
46.74,10.430
46.75,10.421
46.76,10.413
46.77,10.404
46.78,10.396
46.79,10.387
46.8,10.378
46.81,10.369
46.82,10.360
46.83,10.352
46.84,10.343
46.85,10.335
46.86,10.326
46.87,10.318
46.88,10.309
46.89,10.301
46.9,10.292
46.91,10.284
46.92,10.275
46.93,10.267
46.94,10.258
46.95,10.250
46.96,10.241
46.97,10.233
46.98,10.224
46.99,10.216
47,10.207
47.01,10.199
47.02,10.190
47.03,10.182
47.04,10.173
47.05,10.165
47.06,10.156
47.07,10.148
47.08,10.139
47.09,10.131
47.1,10.122
47.11,10.114
47.12,10.105
47.13,10.097
47.14,10.088
47.15,10.080
47.16,10.071
47.17,10.063
47.18,10.055
47.19,10.046
47.2,10.038
47.21,10.030
47.22,10.022
47.23,10.014
47.24,10.007
47.25,9.999
47.26,9.991
47.27,9.984
47.28,9.977
47.29,9.969
47.3,9.962
47.31,9.955
47.32,9.948
47.33,9.941
47.34,9.933
47.35,9.925
47.36,9.918
47.37,9.910
47.38,9.903
47.39,9.895
47.4,9.888
47.41,9.880
47.42,9.873
47.43,9.866
47.44,9.858
47.45,9.850
47.46,9.842
47.47,9.834
47.48,9.826
47.49,9.819
47.5,9.811
47.51,9.803
47.52,9.795
47.53,9.787
47.54,9.780
47.55,9.771
47.56,9.763
47.57,9.755
47.58,9.747
47.59,9.738
47.6,9.730
47.61,9.722
47.62,9.714
47.63,9.705
47.64,9.697
47.65,9.689
47.66,9.681
47.67,9.673
47.68,9.664
47.69,9.656
47.7,9.648
47.71,9.640
47.72,9.631
47.73,9.623
47.74,9.615
47.75,9.607
47.76,9.598
47.77,9.590
47.78,9.582
47.79,9.573
47.8,9.565
47.81,9.557
47.82,9.549
47.83,9.541
47.84,9.532
47.85,9.524
47.86,9.516
47.87,9.507
47.88,9.499
47.89,9.491
47.9,9.483
47.91,9.475
47.92,9.466
47.93,9.458
47.94,9.450
47.95,9.442
47.96,9.434
47.97,9.426
47.98,9.419
47.99,9.411
48,9.404
48.01,9.396
48.02,9.389
48.03,9.381
48.04,9.374
48.05,9.365
48.06,9.357
48.07,9.349
48.08,9.341
48.09,9.333
48.1,9.325
48.11,9.317
48.12,9.309
48.13,9.301
48.14,9.293
48.15,9.285
48.16,9.277
48.17,9.269
48.18,9.261
48.19,9.253
48.2,9.244
48.21,9.236
48.22,9.228
48.23,9.220
48.24,9.212
48.25,9.204
48.26,9.196
48.27,9.188
48.28,9.180
48.29,9.171
48.3,9.163
48.31,9.154
48.32,9.147
48.33,9.139
48.34,9.131
48.35,9.123
48.36,9.115
48.37,9.107
48.38,9.098
48.39,9.090
48.4,9.082
48.41,9.074
48.42,9.066
48.43,9.058
48.44,9.051
48.45,9.044
48.46,9.036
48.47,9.028
48.48,9.020
48.49,9.012
48.5,9.004
48.51,8.997
48.52,8.989
48.53,8.981
48.54,8.973
48.55,8.965
48.56,8.957
48.57,8.950
48.58,8.942
48.59,8.935
48.6,8.927
48.61,8.920
48.62,8.912
48.63,8.904
48.64,8.897
48.65,8.890
48.66,8.882
48.67,8.875
48.68,8.868
48.69,8.860
48.7,8.853
48.71,8.847
48.72,8.840
48.73,8.833
48.74,8.826
48.75,8.819
48.76,8.812
48.77,8.806
48.78,8.799
48.79,8.791
48.8,8.784
48.81,8.777
48.82,8.770
48.83,8.763
48.84,8.755
48.85,8.748
48.86,8.741
48.87,8.734
48.88,8.727
48.89,8.720
48.9,8.713
48.91,8.706
48.92,8.698
48.93,8.691
48.94,8.684
48.95,8.677
48.96,8.670
48.97,8.663
48.98,8.656
48.99,8.648
49,8.641
49.01,8.634
49.02,8.627
49.03,8.620
49.04,8.613
49.05,8.606
49.06,8.599
49.07,8.592
49.08,8.585
49.09,8.578
49.1,8.571
49.11,8.564
49.12,8.557
49.13,8.549
49.14,8.542
49.15,8.534
49.16,8.526
49.17,8.519
49.18,8.511
49.19,8.503
49.2,8.495
49.21,8.487
49.22,8.480
49.23,8.472
49.24,8.464
49.25,8.456
49.26,8.448
49.27,8.441
49.28,8.433
49.29,8.426
49.3,8.419
49.31,8.411
49.32,8.404
49.33,8.396
49.34,8.389
49.35,8.382
49.36,8.374
49.37,8.367
49.38,8.360
49.39,8.353
49.4,8.346
49.41,8.339
49.42,8.333
49.43,8.326
49.44,8.320
49.45,8.313
49.46,8.307
49.47,8.300
49.48,8.294
49.49,8.287
49.5,8.281
49.51,8.274
49.52,8.268
49.53,8.261
49.54,8.255
49.55,8.248
49.56,8.242
49.57,8.236
49.58,8.229
49.59,8.223
49.6,8.217
49.61,8.210
49.62,8.204
49.63,8.198
49.64,8.192
49.65,8.185
49.66,8.179
49.67,8.173
49.68,8.167
49.69,8.161
49.7,8.155
49.71,8.149
49.72,8.143
49.73,8.137
49.74,8.132
49.75,8.126
49.76,8.120
49.77,8.114
49.78,8.109
49.79,8.103
49.8,8.098
49.81,8.092
49.82,8.087
49.83,8.081
49.84,8.076
49.85,8.070
49.86,8.065
49.87,8.060
49.88,8.054
49.89,8.049
49.9,8.044
49.91,8.038
49.92,8.033
49.93,8.028
49.94,8.023
49.95,8.017
49.96,8.011
49.97,8.005
49.98,8.000
49.99,7.994
50,7.989
50.01,7.984
50.02,7.979
50.03,7.974
50.04,7.968
50.05,7.963
50.06,7.958
50.07,7.953
50.08,7.948
50.09,7.943
50.1,7.938
50.11,7.934
50.12,7.928
50.13,7.924
50.14,7.919
50.15,7.914
50.16,7.909
50.17,7.904
50.18,7.899
50.19,7.893
50.2,7.888
50.21,7.884
50.22,7.880
50.23,7.875
50.24,7.870
50.25,7.865
50.26,7.861
50.27,7.856
50.28,7.851
50.29,7.847
50.3,7.842
50.31,7.837
50.32,7.833
50.33,7.828
50.34,7.823
50.35,7.819
50.36,7.814
50.37,7.810
50.38,7.805
50.39,7.799
50.4,7.794
50.41,7.790
50.42,7.785
50.43,7.779
50.44,7.774
50.45,7.769
50.46,7.763
50.47,7.758
50.48,7.753
50.49,7.749
50.5,7.744
50.51,7.739
50.52,7.734
50.53,7.730
50.54,7.725
50.55,7.720
50.56,7.716
50.57,7.711
50.58,7.706
50.59,7.702
50.6,7.697
50.61,7.693
50.62,7.688
50.63,7.684
50.64,7.679
50.65,7.673
50.66,7.668
50.67,7.663
50.68,7.659
50.69,7.655
50.7,7.651
50.71,7.646
50.72,7.641
50.73,7.636
50.74,7.632
50.75,7.629
50.76,7.624
50.77,7.620
50.78,7.615
50.79,7.611
50.8,7.607
50.81,7.604
50.82,7.600
50.83,7.596
50.84,7.591
50.85,7.587
50.86,7.583
50.87,7.580
50.88,7.576
50.89,7.571
50.9,7.567
50.91,7.562
50.92,7.558
50.93,7.555
50.94,7.551
50.95,7.547
50.96,7.542
50.97,7.538
50.98,7.535
50.99,7.532
51,7.528
51.01,7.524
51.02,7.520
51.03,7.516
51.04,7.513
51.05,7.510
51.06,7.505
51.07,7.501
51.08,7.497
51.09,7.494
51.1,7.491
51.11,7.488
51.12,7.484
51.13,7.480
51.14,7.476
51.15,7.473
51.16,7.470
51.17,7.467
51.18,7.464
51.19,7.460
51.2,7.456
51.21,7.452
51.22,7.449
51.23,7.445
51.24,7.442
51.25,7.439
51.26,7.435
51.27,7.431
51.28,7.427
51.29,7.424
51.3,7.420
51.31,7.417
51.32,7.413
51.33,7.409
51.34,7.405
51.35,7.402
51.36,7.398
51.37,7.395
51.38,7.392
51.39,7.388
51.4,7.384
51.41,7.381
51.42,7.377
51.43,7.374
51.44,7.371
51.45,7.368
51.46,7.365
51.47,7.361
51.48,7.358
51.49,7.354
51.5,7.350
51.51,7.347
51.52,7.343
51.53,7.339
51.54,7.335
51.55,7.331
51.56,7.327
51.57,7.323
51.58,7.320
51.59,7.317
51.6,7.313
51.61,7.310
51.62,7.306
51.63,7.303
51.64,7.300
51.65,7.296
51.66,7.293
51.67,7.290
51.68,7.286
51.69,7.283
51.7,7.280
51.71,7.277
51.72,7.274
51.73,7.270
51.74,7.267
51.75,7.263
51.76,7.260
51.77,7.256
51.78,7.253
51.79,7.249
51.8,7.244
51.81,7.240
51.82,7.236
51.83,7.233
51.84,7.230
51.85,7.227
51.86,7.224
51.87,7.220
51.88,7.216
51.89,7.213
51.9,7.210
51.91,7.208
51.92,7.205
51.93,7.201
51.94,7.197
51.95,7.193
51.96,7.190
51.97,7.187
51.98,7.184
51.99,7.180
52,7.177
52.01,7.173
52.02,7.170
52.03,7.168
52.04,7.165
52.05,7.162
52.06,7.158
52.07,7.155
52.08,7.153
52.09,7.150
52.1,7.148
52.11,7.145
52.12,7.142
52.13,7.139
52.14,7.136
52.15,7.134
52.16,7.132
52.17,7.130
52.18,7.127
52.19,7.124
52.2,7.121
52.21,7.119
52.22,7.116
52.23,7.113
52.24,7.110
52.25,7.107
52.26,7.104
52.27,7.101
52.28,7.099
52.29,7.097
52.3,7.095
52.31,7.092
52.32,7.089
52.33,7.087
52.34,7.085
52.35,7.084
52.36,7.081
52.37,7.078
52.38,7.075
52.39,7.073
52.4,7.072
52.41,7.070
52.42,7.068
52.43,7.065
52.44,7.063
52.45,7.061
52.46,7.060
52.47,7.060
52.48,7.058
52.49,7.056
52.5,7.054
52.51,7.053
52.52,7.052
52.53,7.051
52.54,7.050
52.55,7.047
52.56,7.045
52.57,7.042
52.58,7.041
52.59,7.040
52.6,7.038
52.61,7.036
52.62,7.033
52.63,7.030
52.64,7.028
52.65,7.027
52.66,7.025
52.67,7.023
52.68,7.020
52.69,7.018
52.7,7.016
52.71,7.015
52.72,7.014
52.73,7.011
52.74,7.009
52.75,7.006
52.76,7.005
52.77,7.003
52.78,7.002
52.79,7.000
52.8,6.998
52.81,6.995
52.82,6.993
52.83,6.992
52.84,6.990
52.85,6.988
52.86,6.985
52.87,6.983
52.88,6.981
52.89,6.979
52.9,6.978
52.91,6.975
52.92,6.973
52.93,6.971
52.94,6.970
52.95,6.968
52.96,6.966
52.97,6.963
52.98,6.960
52.99,6.958
53,6.956
53.01,6.954
53.02,6.951
53.03,6.948
53.04,6.945
53.05,6.943
53.06,6.942
53.07,6.941
53.08,6.939
53.09,6.937
53.1,6.935
53.11,6.934
53.12,6.933
53.13,6.931
53.14,6.929
53.15,6.927
53.16,6.926
53.17,6.925
53.18,6.924
53.19,6.922
53.2,6.920
53.21,6.918
53.22,6.917
53.23,6.916
53.24,6.916
53.25,6.913
53.26,6.912
53.27,6.910
53.28,6.910
53.29,6.910
53.3,6.909
53.31,6.907
53.32,6.906
53.33,6.905
53.34,6.904
53.35,6.904
53.36,6.902
53.37,6.901
53.38,6.900
53.39,6.900
53.4,6.899
53.41,6.898
53.42,6.897
53.43,6.895
53.44,6.894
53.45,6.894
53.46,6.894
53.47,6.894
53.48,6.894
53.49,6.893
53.5,6.893
53.51,6.894
53.52,6.894
53.53,6.894
53.54,6.893
53.55,6.893
53.56,6.893
53.57,6.893
53.58,6.893
53.59,6.893
53.6,6.893
53.61,6.893
53.62,6.893
53.63,6.894
53.64,6.893
53.65,6.894
53.66,6.893
53.67,6.893
53.68,6.892
53.69,6.891
53.7,6.892
53.71,6.892
53.72,6.892
53.73,6.891
53.74,6.890
53.75,6.890
53.76,6.890
53.77,6.890
53.78,6.890
53.79,6.889
53.8,6.889
53.81,6.889
53.82,6.890
53.83,6.889
53.84,6.889
53.85,6.888
53.86,6.888
53.87,6.888
53.88,6.888
53.89,6.888
53.9,6.888
53.91,6.887
53.92,6.887
53.93,6.888
53.94,6.888
53.95,6.888
53.96,6.887
53.97,6.887
53.98,6.888
53.99,6.889
54,6.889
54.01,6.889
54.02,6.888
54.03,6.888
54.04,6.889
54.05,6.889
54.06,6.889
54.07,6.889
54.08,6.889
54.09,6.889
54.1,6.889
54.11,6.890
54.12,6.891
54.13,6.891
54.14,6.890
54.15,6.891
54.16,6.892
54.17,6.892
54.18,6.892
54.19,6.891
54.2,6.891
54.21,6.891
54.22,6.892
54.23,6.892
54.24,6.893
54.25,6.892
54.26,6.892
54.27,6.892
54.28,6.892
54.29,6.893
54.3,6.892
54.31,6.891
54.32,6.890
54.33,6.890
54.34,6.890
54.35,6.891
54.36,6.891
54.37,6.890
54.38,6.889
54.39,6.889
54.4,6.889
54.41,6.890
54.42,6.890
54.43,6.889
54.44,6.889
54.45,6.889
54.46,6.889
54.47,6.890
54.48,6.890
54.49,6.890
54.5,6.889
54.51,6.889
54.52,6.890
54.53,6.891
54.54,6.891
54.55,6.891
54.56,6.890
54.57,6.889
54.58,6.889
54.59,6.890
54.6,6.891
54.61,6.890
54.62,6.890
54.63,6.889
54.64,6.889
54.65,6.890
54.66,6.891
54.67,6.892
54.68,6.892
54.69,6.891
54.7,6.891
54.71,6.892
54.72,6.892
54.73,6.892
54.74,6.892
54.75,6.891
54.76,6.892
54.77,6.893
54.78,6.894
54.79,6.894
54.8,6.894
54.81,6.894
54.82,6.894
54.83,6.894
54.84,6.895
54.85,6.895
54.86,6.894
54.87,6.893
54.88,6.892
54.89,6.892
54.9,6.892
54.91,6.893
54.92,6.892
54.93,6.891
54.94,6.890
54.95,6.889
54.96,6.890
54.97,6.890
54.98,6.889
54.99,6.888
55,6.886
55.01,6.885
55.02,6.884
55.03,6.884
55.04,6.883
55.05,6.881
55.06,6.880
55.07,6.878
55.08,6.878
55.09,6.878
55.1,6.877
55.11,6.875
55.12,6.874
55.13,6.873
55.14,6.872
55.15,6.872
55.16,6.870
55.17,6.868
55.18,6.867
55.19,6.866
55.2,6.866
55.21,6.865
55.22,6.864
55.23,6.863
55.24,6.861
55.25,6.860
55.26,6.859
55.27,6.858
55.28,6.857
55.29,6.856
55.3,6.855
55.31,6.854
55.32,6.853
55.33,6.852
55.34,6.852
55.35,6.851
55.36,6.849
55.37,6.847
55.38,6.847
55.39,6.847
55.4,6.848
55.41,6.848
55.42,6.848
55.43,6.847
55.44,6.848
55.45,6.849
55.46,6.850
55.47,6.851
55.48,6.852
55.49,6.852
55.5,6.852
55.51,6.853
55.52,6.854
55.53,6.854
55.54,6.854
55.55,6.855
55.56,6.855
55.57,6.854
55.58,6.854
55.59,6.854
55.6,6.854
55.61,6.855
55.62,6.855
55.63,6.854
55.64,6.854
55.65,6.855
55.66,6.857
55.67,6.857
55.68,6.858
55.69,6.858
55.7,6.859
55.71,6.860
55.72,6.862
55.73,6.863
55.74,6.864
55.75,6.863
55.76,6.864
55.77,6.864
55.78,6.865
55.79,6.866
55.8,6.867
55.81,6.867
55.82,6.867
55.83,6.867
55.84,6.868
55.85,6.869
55.86,6.870
55.87,6.870
55.88,6.870
55.89,6.871
55.9,6.872
55.91,6.874
55.92,6.875
55.93,6.875
55.94,6.875
55.95,6.875
55.96,6.877
55.97,6.878
55.98,6.879
55.99,6.879
56,6.880
56.01,6.880
56.02,6.881
56.03,6.882
56.04,6.883
56.05,6.884
56.06,6.885
56.07,6.885
56.08,6.886
56.09,6.887
56.1,6.887
56.11,6.888
56.12,6.888
56.13,6.889
56.14,6.889
56.15,6.890
56.16,6.890
56.17,6.891
56.18,6.891
56.19,6.891
56.2,6.891
56.21,6.891
56.22,6.891
56.23,6.892
56.24,6.893
56.25,6.892
56.26,6.892
56.27,6.892
56.28,6.893
56.29,6.894
56.3,6.894
56.31,6.894
56.32,6.893
56.33,6.894
56.34,6.894
56.35,6.895
56.36,6.895
56.37,6.895
56.38,6.894
56.39,6.895
56.4,6.896
56.41,6.897
56.42,6.898
56.43,6.898
56.44,6.897
56.45,6.896
56.46,6.897
56.47,6.898
56.48,6.899
56.49,6.900
56.5,6.900
56.51,6.900
56.52,6.901
56.53,6.903
56.54,6.904
56.55,6.905
56.56,6.905
56.57,6.905
56.58,6.906
56.59,6.907
56.6,6.908
56.61,6.908
56.62,6.908
56.63,6.908
56.64,6.909
56.65,6.910
56.66,6.911
56.67,6.911
56.68,6.911
56.69,6.912
56.7,6.913
56.71,6.915
56.72,6.917
56.73,6.919
56.74,6.920
56.75,6.921
56.76,6.922
56.77,6.924
56.78,6.926
56.79,6.929
56.8,6.930
56.81,6.933
56.82,6.934
56.83,6.936
56.84,6.937
56.85,6.938
56.86,6.939
56.87,6.941
56.88,6.942
56.89,6.944
56.9,6.945
56.91,6.946
56.92,6.948
56.93,6.949
56.94,6.951
56.95,6.953
56.96,6.955
56.97,6.957
56.98,6.959
56.99,6.960
57,6.962
57.01,6.965
57.02,6.966
57.03,6.968
57.04,6.969
57.05,6.971
57.06,6.972
57.07,6.973
57.08,6.975
57.09,6.976
57.1,6.977
57.11,6.978
57.12,6.980
57.13,6.980
57.14,6.981
57.15,6.981
57.16,6.982
57.17,6.981
57.18,6.982
57.19,6.983
57.2,6.983
57.21,6.984
57.22,6.984
57.23,6.985
57.24,6.985
57.25,6.986
57.26,6.986
57.27,6.987
57.28,6.987
57.29,6.986
57.3,6.986
57.31,6.986
57.32,6.986
57.33,6.986
57.34,6.986
57.35,6.985
57.36,6.985
57.37,6.985
57.38,6.985
57.39,6.985
57.4,6.985
57.41,6.985
57.42,6.984
57.43,6.984
57.44,6.983
57.45,6.983
57.46,6.982
57.47,6.980
57.48,6.979
57.49,6.979
57.5,6.980
57.51,6.980
57.52,6.979
57.53,6.977
57.54,6.976
57.55,6.977
57.56,6.979
57.57,6.980
57.58,6.980
57.59,6.979
57.6,6.978
57.61,6.979
57.62,6.980
57.63,6.981
57.64,6.981
57.65,6.980
57.66,6.980
57.67,6.981
57.68,6.982
57.69,6.983
57.7,6.983
57.71,6.982
57.72,6.982
57.73,6.984
57.74,6.985
57.75,6.986
57.76,6.985
57.77,6.985
57.78,6.984
57.79,6.986
57.8,6.987
57.81,6.988
57.82,6.988
57.83,6.987
57.84,6.987
57.85,6.989
57.86,6.991
57.87,6.991
57.88,6.992
57.89,6.992
57.9,6.992
57.91,6.994
57.92,6.995
57.93,6.995
57.94,6.994
57.95,6.994
57.96,6.995
57.97,6.997
57.98,6.998
57.99,6.998
58,6.998
58.01,6.998
58.02,7.000
58.03,7.001
58.04,7.002
58.05,7.001
58.06,7.000
58.07,7.001
58.08,7.002
58.09,7.002
58.1,7.002
58.11,7.000
58.12,7.000
58.13,7.001
58.14,7.002
58.15,7.002
58.16,7.002
58.17,7.000
58.18,7.000
58.19,7.000
58.2,7.001
58.21,7.000
58.22,7.000
58.23,6.998
58.24,6.997
58.25,6.999
58.26,6.999
58.27,6.998
58.28,6.997
58.29,6.997
58.3,6.997
58.31,6.998
58.32,6.998
58.33,6.997
58.34,6.996
58.35,6.996
58.36,6.996
58.37,6.997
58.38,6.996
58.39,6.994
58.4,6.994
58.41,6.994
58.42,6.995
58.43,6.995
58.44,6.994
58.45,6.992
58.46,6.992
58.47,6.993
58.48,6.993
58.49,6.993
58.5,6.991
58.51,6.990
58.52,6.989
58.53,6.990
58.54,6.990
58.55,6.989
58.56,6.989
58.57,6.988
58.58,6.987
58.59,6.988
58.6,6.987
58.61,6.986
58.62,6.985
58.63,6.984
58.64,6.985
58.65,6.985
58.66,6.984
58.67,6.984
58.68,6.984
58.69,6.985
58.7,6.985
58.71,6.984
58.72,6.985
58.73,6.985
58.74,6.986
58.75,6.987
58.76,6.988
58.77,6.988
58.78,6.988
58.79,6.989
58.8,6.989
58.81,6.990
58.82,6.991
58.83,6.991
58.84,6.992
58.85,6.994
58.86,6.995
58.87,6.995
58.88,6.995
58.89,6.996
58.9,6.996
58.91,6.997
58.92,6.998
58.93,6.998
58.94,6.998
58.95,6.999
58.96,6.999
58.97,6.999
58.98,7.000
58.99,7.000
59,7.001
59.01,7.001
59.02,7.002
59.03,7.003
59.04,7.004
59.05,7.003
59.06,7.003
59.07,7.004
59.08,7.005
59.09,7.006
59.1,7.006
59.11,7.006
59.12,7.005
59.13,7.006
59.14,7.007
59.15,7.008
59.16,7.008
59.17,7.007
59.18,7.007
59.19,7.008
59.2,7.010
59.21,7.010
59.22,7.010
59.23,7.010
59.24,7.009
59.25,7.010
59.26,7.011
59.27,7.011
59.28,7.011
59.29,7.012
59.3,7.012
59.31,7.013
59.32,7.014
59.33,7.014
59.34,7.014
59.35,7.015
59.36,7.015
59.37,7.015
59.38,7.015
59.39,7.016
59.4,7.016
59.41,7.016
59.42,7.016
59.43,7.017
59.44,7.017
59.45,7.017
59.46,7.018
59.47,7.018
59.48,7.018
59.49,7.018
59.5,7.018
59.51,7.018
59.52,7.018
59.53,7.017
59.54,7.016
59.55,7.016
59.56,7.015
59.57,7.016
59.58,7.016
59.59,7.016
59.6,7.015
59.61,7.015
59.62,7.015
59.63,7.015
59.64,7.016
59.65,7.015
59.66,7.014
59.67,7.013
59.68,7.013
59.69,7.013
59.7,7.014
59.71,7.014
59.72,7.013
59.73,7.012
59.74,7.012
59.75,7.013
59.76,7.013
59.77,7.012
59.78,7.011
59.79,7.010
59.8,7.009
59.81,7.009
59.82,7.010
59.83,7.010
59.84,7.009
59.85,7.009
59.86,7.009
59.87,7.010
59.88,7.011
59.89,7.012
59.9,7.012
59.91,7.011
59.92,7.011
59.93,7.013
59.94,7.014
59.95,7.015
59.96,7.015
59.97,7.015
59.98,7.016
59.99,7.017
60,7.019
60.01,7.021
60.02,7.022
60.03,7.022
60.04,7.022
60.05,7.023
60.06,7.025
60.07,7.027
60.08,7.028
60.09,7.028
60.1,7.028
60.11,7.028
60.12,7.030
60.13,7.031
60.14,7.030
60.15,7.029
60.16,7.029
60.17,7.030
60.18,7.030
60.19,7.031
60.2,7.032
60.21,7.031
60.22,7.030
60.23,7.030
60.24,7.030
60.25,7.032
60.26,7.032
60.27,7.033
60.28,7.032
60.29,7.032
60.3,7.032
60.31,7.033
60.32,7.034
60.33,7.034
60.34,7.034
60.35,7.033
60.36,7.034
60.37,7.035
60.38,7.036
60.39,7.036
60.4,7.035
60.41,7.034
60.42,7.035
60.43,7.036
60.44,7.037
60.45,7.037
60.46,7.036
60.47,7.036
60.48,7.035
60.49,7.035
60.5,7.036
60.51,7.036
60.52,7.036
60.53,7.036
60.54,7.035
60.55,7.035
60.56,7.036
60.57,7.037
60.58,7.038
60.59,7.038
60.6,7.038
60.61,7.037
60.62,7.038
60.63,7.039
60.64,7.041
60.65,7.041
60.66,7.040
60.67,7.039
60.68,7.038
60.69,7.039
60.7,7.040
60.71,7.039
60.72,7.037
60.73,7.036
60.74,7.035
60.75,7.035
60.76,7.036
60.77,7.035
60.78,7.034
60.79,7.032
60.8,7.031
60.81,7.032
60.82,7.032
60.83,7.033
60.84,7.031
60.85,7.030
60.86,7.028
60.87,7.029
60.88,7.029
60.89,7.028
60.9,7.027
60.91,7.026
60.92,7.024
60.93,7.024
60.94,7.025
60.95,7.025
60.96,7.023
60.97,7.022
60.98,7.021
60.99,7.021
61,7.021
61.01,7.020
61.02,7.019
61.03,7.019
61.04,7.018
61.05,7.018
61.06,7.017
61.07,7.017
61.08,7.016
61.09,7.016
61.1,7.016
61.11,7.015
61.12,7.015
61.13,7.015
61.14,7.016
61.15,7.015
61.16,7.014
61.17,7.014
61.18,7.013
61.19,7.013
61.2,7.015
61.21,7.016
61.22,7.016
61.23,7.017
61.24,7.017
61.25,7.017
61.26,7.018
61.27,7.019
61.28,7.019
61.29,7.019
61.3,7.019
61.31,7.019
61.32,7.020
61.33,7.020
61.34,7.021
61.35,7.021
61.36,7.021
61.37,7.021
61.38,7.021
61.39,7.022
61.4,7.022
61.41,7.023
61.42,7.022
61.43,7.022
61.44,7.023
61.45,7.024
61.46,7.024
61.47,7.025
61.48,7.025
61.49,7.025
61.5,7.025
61.51,7.026
61.52,7.027
61.53,7.027
61.54,7.028
61.55,7.028
61.56,7.028
61.57,7.029
61.58,7.030
61.59,7.031
61.6,7.031
61.61,7.030
61.62,7.031
61.63,7.031
61.64,7.031
61.65,7.032
61.66,7.032
61.67,7.031
61.68,7.032
61.69,7.031
61.7,7.030
61.71,7.030
61.72,7.030
61.73,7.029
61.74,7.029
61.75,7.029
61.76,7.030
61.77,7.031
61.78,7.031
61.79,7.030
61.8,7.030
61.81,7.030
61.82,7.030
61.83,7.031
61.84,7.031
61.85,7.030
61.86,7.029
61.87,7.030
61.88,7.031
61.89,7.031
61.9,7.030
61.91,7.030
61.92,7.029
61.93,7.030
61.94,7.030
61.95,7.031
61.96,7.030
61.97,7.029
61.98,7.028
61.99,7.029
62,7.030
62.01,7.031
62.02,7.031
62.03,7.030
62.04,7.030
62.05,7.030
62.06,7.031
62.07,7.032
62.08,7.032
62.09,7.031
62.1,7.031
62.11,7.031
62.12,7.031
62.13,7.033
62.14,7.033
62.15,7.032
62.16,7.032
62.17,7.032
62.18,7.032
62.19,7.034
62.2,7.034
62.21,7.033
62.22,7.033
62.23,7.033
62.24,7.032
62.25,7.034
62.26,7.035
62.27,7.034
62.28,7.033
62.29,7.033
62.3,7.034
62.31,7.035
62.32,7.036
62.33,7.035
62.34,7.035
62.35,7.034
62.36,7.035
62.37,7.036
62.38,7.036
62.39,7.036
62.4,7.035
62.41,7.035
62.42,7.036
62.43,7.037
62.44,7.039
62.45,7.039
62.46,7.039
62.47,7.040
62.48,7.041
62.49,7.042
62.5,7.043
62.51,7.043
62.52,7.043
62.53,7.044
62.54,7.044
62.55,7.045
62.56,7.046
62.57,7.046
62.58,7.046
62.59,7.046
62.6,7.047
62.61,7.048
62.62,7.049
62.63,7.049
62.64,7.050
62.65,7.050
62.66,7.051
62.67,7.053
62.68,7.053
62.69,7.054
62.7,7.055
62.71,7.057
62.72,7.057
62.73,7.058
62.74,7.059
62.75,7.061
62.76,7.062
62.77,7.063
62.78,7.064
62.79,7.064
62.8,7.066
62.81,7.068
62.82,7.069
62.83,7.070
62.84,7.071
62.85,7.071
62.86,7.072
62.87,7.075
62.88,7.076
62.89,7.077
62.9,7.077
62.91,7.077
62.92,7.079
62.93,7.081
62.94,7.082
62.95,7.082
62.96,7.082
62.97,7.082
62.98,7.084
62.99,7.086
63,7.088
63.01,7.089
63.02,7.090
63.03,7.091
63.04,7.093
63.05,7.096
63.06,7.097
63.07,7.097
63.08,7.096
63.09,7.096
63.1,7.097
63.11,7.098
63.12,7.098
63.13,7.098
63.14,7.097
63.15,7.097
63.16,7.098
63.17,7.099
63.18,7.100
63.19,7.099
63.2,7.099
63.21,7.100
63.22,7.101
63.23,7.102
63.24,7.103
63.25,7.104
63.26,7.104
63.27,7.105
63.28,7.106
63.29,7.107
63.3,7.107
63.31,7.108
63.32,7.108
63.33,7.108
63.34,7.109
63.35,7.110
63.36,7.110
63.37,7.111
63.38,7.112
63.39,7.113
63.4,7.113
63.41,7.113
63.42,7.114
63.43,7.115
63.44,7.116
63.45,7.116
63.46,7.116
63.47,7.116
63.48,7.117
63.49,7.119
63.5,7.120
63.51,7.120
63.52,7.120
63.53,7.120
63.54,7.121
63.55,7.123
63.56,7.124
63.57,7.124
63.58,7.124
63.59,7.124
63.6,7.126
63.61,7.127
63.62,7.129
63.63,7.129
63.64,7.129
63.65,7.130
63.66,7.132
63.67,7.134
63.68,7.136
63.69,7.136
63.7,7.136
63.71,7.137
63.72,7.138
63.73,7.139
63.74,7.140
63.75,7.140
63.76,7.139
63.77,7.140
63.78,7.141
63.79,7.142
63.8,7.143
63.81,7.142
63.82,7.142
63.83,7.142
63.84,7.143
63.85,7.144
63.86,7.145
63.87,7.145
63.88,7.144
63.89,7.145
63.9,7.146
63.91,7.147
63.92,7.148
63.93,7.148
63.94,7.148
63.95,7.149
63.96,7.150
63.97,7.151
63.98,7.151
63.99,7.151
64,7.152
64.01,7.152
64.02,7.152
64.03,7.152
64.04,7.152
64.05,7.153
64.06,7.154
64.07,7.154
64.08,7.154
64.09,7.153
64.1,7.153
64.11,7.153
64.12,7.153
64.13,7.153
64.14,7.152
64.15,7.152
64.16,7.153
64.17,7.154
64.18,7.155
64.19,7.155
64.2,7.154
64.21,7.153
64.22,7.154
64.23,7.155
64.24,7.156
64.25,7.155
64.26,7.155
64.27,7.156
64.28,7.156
64.29,7.157
64.3,7.157
64.31,7.158
64.32,7.158
64.33,7.158
64.34,7.158
64.35,7.159
64.36,7.160
64.37,7.161
64.38,7.161
64.39,7.160
64.4,7.160
64.41,7.161
64.42,7.162
64.43,7.162
64.44,7.163
64.45,7.162
64.46,7.162
64.47,7.162
64.48,7.163
64.49,7.164
64.5,7.165
64.51,7.165
64.52,7.165
64.53,7.166
64.54,7.168
64.55,7.169
64.56,7.170
64.57,7.170
64.58,7.170
64.59,7.171
64.6,7.172
64.61,7.173
64.62,7.173
64.63,7.173
64.64,7.173
64.65,7.174
64.66,7.175
64.67,7.176
64.68,7.177
64.69,7.177
64.7,7.177
64.71,7.177
64.72,7.179
64.73,7.179
64.74,7.179
64.75,7.180
64.76,7.180
64.77,7.181
64.78,7.182
64.79,7.183
64.8,7.183
64.81,7.183
64.82,7.184
64.83,7.184
64.84,7.185
64.85,7.186
64.86,7.186
64.87,7.186
64.88,7.186
64.89,7.186
64.9,7.187
64.91,7.187
64.92,7.188
64.93,7.188
64.94,7.188
64.95,7.187
64.96,7.187
64.97,7.188
64.98,7.188
64.99,7.188
65,7.187
65.01,7.185
65.02,7.185
65.03,7.185
65.04,7.185
65.05,7.185
65.06,7.184
65.07,7.183
65.08,7.182
65.09,7.182
65.1,7.182
65.11,7.181
65.12,7.180
65.13,7.179
65.14,7.180
65.15,7.181
65.16,7.181
65.17,7.182
65.18,7.182
65.19,7.182
65.2,7.182
65.21,7.182
65.22,7.183
65.23,7.183
65.24,7.184
65.25,7.184
65.26,7.183
65.27,7.182
65.28,7.182
65.29,7.182
65.3,7.182
65.31,7.183
65.32,7.183
65.33,7.182
65.34,7.182
65.35,7.182
65.36,7.184
65.37,7.184
65.38,7.183
65.39,7.182
65.4,7.182
65.41,7.183
65.42,7.184
65.43,7.184
65.44,7.183
65.45,7.182
65.46,7.182
65.47,7.182
65.48,7.184
65.49,7.184
65.5,7.183
65.51,7.182
65.52,7.182
65.53,7.183
65.54,7.184
65.55,7.184
65.56,7.183
65.57,7.182
65.58,7.182
65.59,7.183
65.6,7.185
65.61,7.186
65.62,7.186
65.63,7.185
65.64,7.184
65.65,7.184
65.66,7.185
65.67,7.186
65.68,7.185
65.69,7.184
65.7,7.182
65.71,7.183
65.72,7.184
65.73,7.185
65.74,7.186
65.75,7.186
65.76,7.186
65.77,7.187
65.78,7.190
65.79,7.192
65.8,7.193
65.81,7.192
65.82,7.192
65.83,7.194
65.84,7.196
65.85,7.198
65.86,7.199
65.87,7.199
65.88,7.199
65.89,7.201
65.9,7.203
65.91,7.206
65.92,7.207
65.93,7.207
65.94,7.207
65.95,7.209
65.96,7.211
65.97,7.213
65.98,7.214
65.99,7.214
66,7.214
66.01,7.215
66.02,7.217
66.03,7.218
66.04,7.219
66.05,7.219
66.06,7.219
66.07,7.219
66.08,7.220
66.09,7.221
66.1,7.221
66.11,7.221
66.12,7.220
66.13,7.220
66.14,7.220
66.15,7.221
66.16,7.221
66.17,7.221
66.18,7.221
66.19,7.222
66.2,7.223
66.21,7.223
66.22,7.223
66.23,7.222
66.24,7.222
66.25,7.223
66.26,7.223
66.27,7.223
66.28,7.223
66.29,7.222
66.3,7.222
66.31,7.223
66.32,7.224
66.33,7.225
66.34,7.225
66.35,7.224
66.36,7.223
66.37,7.224
66.38,7.225
66.39,7.225
66.4,7.224
66.41,7.223
66.42,7.222
66.43,7.223
66.44,7.223
66.45,7.224
66.46,7.223
66.47,7.221
66.48,7.221
66.49,7.222
66.5,7.223
66.51,7.224
66.52,7.223
66.53,7.222
66.54,7.221
66.55,7.222
66.56,7.223
66.57,7.223
66.58,7.222
66.59,7.221
66.6,7.220
66.61,7.221
66.62,7.223
66.63,7.224
66.64,7.225
66.65,7.224
66.66,7.224
66.67,7.226
66.68,7.228
66.69,7.229
66.7,7.230
66.71,7.229
66.72,7.230
66.73,7.231
66.74,7.232
66.75,7.233
66.76,7.233
66.77,7.233
66.78,7.233
66.79,7.234
66.8,7.235
66.81,7.236
66.82,7.236
66.83,7.236
66.84,7.237
66.85,7.239
66.86,7.239
66.87,7.239
66.88,7.239
66.89,7.239
66.9,7.240
66.91,7.241
66.92,7.242
66.93,7.242
66.94,7.242
66.95,7.242
66.96,7.243
66.97,7.244
66.98,7.245
66.99,7.245
67,7.244
67.01,7.244
67.02,7.245
67.03,7.246
67.04,7.247
67.05,7.247
67.06,7.247
67.07,7.246
67.08,7.246
67.09,7.247
67.1,7.248
67.11,7.247
67.12,7.246
67.13,7.246
67.14,7.247
67.15,7.248
67.16,7.250
67.17,7.251
67.18,7.250
67.19,7.250
67.2,7.250
67.21,7.251
67.22,7.252
67.23,7.253
67.24,7.253
67.25,7.253
67.26,7.253
67.27,7.254
67.28,7.255
67.29,7.256
67.3,7.255
67.31,7.254
67.32,7.254
67.33,7.256
67.34,7.257
67.35,7.258
67.36,7.257
67.37,7.257
67.38,7.257
67.39,7.258
67.4,7.260
67.41,7.260
67.42,7.260
67.43,7.259
67.44,7.259
67.45,7.260
67.46,7.262
67.47,7.262
67.48,7.262
67.49,7.261
67.5,7.261
67.51,7.262
67.52,7.263
67.53,7.264
67.54,7.264
67.55,7.263
67.56,7.263
67.57,7.264
67.58,7.265
67.59,7.266
67.6,7.266
67.61,7.265
67.62,7.265
67.63,7.265
67.64,7.267
67.65,7.268
67.66,7.268
67.67,7.268
67.68,7.267
67.69,7.267
67.7,7.268
67.71,7.270
67.72,7.270
67.73,7.270
67.74,7.269
67.75,7.269
67.76,7.270
67.77,7.270
67.78,7.270
67.79,7.269
67.8,7.268
67.81,7.267
67.82,7.268
67.83,7.268
67.84,7.269
67.85,7.268
67.86,7.267
67.87,7.266
67.88,7.266
67.89,7.267
67.9,7.267
67.91,7.267
67.92,7.266
67.93,7.264
67.94,7.264
67.95,7.265
67.96,7.266
67.97,7.266
67.98,7.265
67.99,7.264
68,7.263
68.01,7.263
68.02,7.263
68.03,7.261
68.04,7.260
68.05,7.259
68.06,7.258
68.07,7.259
68.08,7.260
68.09,7.261
68.1,7.261
68.11,7.260
68.12,7.259
68.13,7.260
68.14,7.261
68.15,7.262
68.16,7.261
68.17,7.261
68.18,7.261
68.19,7.262
68.2,7.264
68.21,7.265
68.22,7.264
68.23,7.263
68.24,7.263
68.25,7.263
68.26,7.264
68.27,7.266
68.28,7.265
68.29,7.264
68.3,7.263
68.31,7.263
68.32,7.264
68.33,7.265
68.34,7.265
68.35,7.264
68.36,7.263
68.37,7.263
68.38,7.264
68.39,7.265
68.4,7.265
68.41,7.264
68.42,7.263
68.43,7.262
68.44,7.263
68.45,7.264
68.46,7.264
68.47,7.263
68.48,7.262
68.49,7.262
68.5,7.263
68.51,7.264
68.52,7.265
68.53,7.265
68.54,7.265
68.55,7.265
68.56,7.265
68.57,7.266
68.58,7.266
68.59,7.266
68.6,7.266
68.61,7.266
68.62,7.266
68.63,7.267
68.64,7.266
68.65,7.265
68.66,7.264
68.67,7.264
68.68,7.264
68.69,7.264
68.7,7.264
68.71,7.263
68.72,7.263
68.73,7.262
68.74,7.262
68.75,7.262
68.76,7.262
68.77,7.262
68.78,7.262
68.79,7.262
68.8,7.262
68.81,7.263
68.82,7.263
68.83,7.263
68.84,7.263
68.85,7.263
68.86,7.263
68.87,7.263
68.88,7.264
68.89,7.264
68.9,7.263
68.91,7.263
68.92,7.263
68.93,7.264
68.94,7.265
68.95,7.265
68.96,7.265
68.97,7.264
68.98,7.265
68.99,7.265
69,7.266
69.01,7.267
69.02,7.269
69.03,7.269
69.04,7.269
69.05,7.268
69.06,7.268
69.07,7.268
69.08,7.269
69.09,7.271
69.1,7.271
69.11,7.270
69.12,7.271
69.13,7.271
69.14,7.272
69.15,7.273
69.16,7.273
69.17,7.272
69.18,7.272
69.19,7.272
69.2,7.273
69.21,7.274
69.22,7.275
69.23,7.274
69.24,7.274
69.25,7.274
69.26,7.275
69.27,7.276
69.28,7.276
69.29,7.275
69.3,7.275
69.31,7.275
69.32,7.275
69.33,7.276
69.34,7.276
69.35,7.276
69.36,7.275
69.37,7.274
69.38,7.275
69.39,7.277
69.4,7.277
69.41,7.277
69.42,7.276
69.43,7.276
69.44,7.277
69.45,7.278
69.46,7.278
69.47,7.278
69.48,7.277
69.49,7.277
69.5,7.277
69.51,7.278
69.52,7.279
69.53,7.279
69.54,7.278
69.55,7.278
69.56,7.278
69.57,7.279
69.58,7.280
69.59,7.280
69.6,7.280
69.61,7.281
69.62,7.282
69.63,7.283
69.64,7.285
69.65,7.286
69.66,7.287
69.67,7.288
69.68,7.289
69.69,7.290
69.7,7.291
69.71,7.292
69.72,7.293
69.73,7.294
69.74,7.295
69.75,7.295
69.76,7.296
69.77,7.297
69.78,7.298
69.79,7.299
69.8,7.299
69.81,7.300
69.82,7.301
69.83,7.302
69.84,7.303
69.85,7.303
69.86,7.304
69.87,7.305
69.88,7.306
69.89,7.306
69.9,7.308
69.91,7.309
69.92,7.309
69.93,7.310
69.94,7.311
69.95,7.312
69.96,7.314
69.97,7.315
69.98,7.316
69.99,7.318
70,7.320
70.01,7.321
70.02,7.322
70.03,7.322
70.04,7.322
70.05,7.324
70.06,7.326
70.07,7.328
70.08,7.328
70.09,7.327
70.1,7.328
70.11,7.330
70.12,7.332
70.13,7.334
70.14,7.334
70.15,7.333
70.16,7.333
70.17,7.335
70.18,7.336
70.19,7.337
70.2,7.337
70.21,7.337
70.22,7.338
70.23,7.339
70.24,7.340
70.25,7.341
70.26,7.341
70.27,7.342
70.28,7.343
70.29,7.344
70.3,7.345
70.31,7.345
70.32,7.346
70.33,7.346
70.34,7.346
70.35,7.346
70.36,7.346
70.37,7.347
70.38,7.348
70.39,7.348
70.4,7.349
70.41,7.349
70.42,7.349
70.43,7.349
70.44,7.351
70.45,7.351
70.46,7.352
70.47,7.351
70.48,7.351
70.49,7.351
70.5,7.353
70.51,7.354
70.52,7.354
70.53,7.353
70.54,7.353
70.55,7.353
70.56,7.355
70.57,7.356
70.58,7.355
70.59,7.354
70.6,7.353
70.61,7.353
70.62,7.354
70.63,7.355
70.64,7.355
70.65,7.355
70.66,7.354
70.67,7.355
70.68,7.356
70.69,7.357
70.7,7.358
70.71,7.359
70.72,7.359
70.73,7.359
70.74,7.358
70.75,7.357
70.76,7.356
70.77,7.356
70.78,7.355
70.79,7.354
70.8,7.354
70.81,7.354
70.82,7.354
70.83,7.353
70.84,7.353
70.85,7.351
70.86,7.350
70.87,7.350
70.88,7.350
70.89,7.350
70.9,7.350
70.91,7.348
70.92,7.347
70.93,7.346
70.94,7.346
70.95,7.346
70.96,7.346
70.97,7.345
70.98,7.343
70.99,7.343
71,7.343
71.01,7.343
71.02,7.343
71.03,7.341
71.04,7.340
71.05,7.340
71.06,7.341
71.07,7.342
71.08,7.342
71.09,7.341
71.1,7.340
71.11,7.341
71.12,7.342
71.13,7.343
71.14,7.342
71.15,7.341
71.16,7.341
71.17,7.341
71.18,7.341
71.19,7.341
71.2,7.340
71.21,7.338
71.22,7.338
71.23,7.338
71.24,7.339
71.25,7.339
71.26,7.339
71.27,7.338
71.28,7.338
71.29,7.339
71.3,7.340
71.31,7.340
71.32,7.339
71.33,7.339
71.34,7.339
71.35,7.340
71.36,7.341
71.37,7.341
71.38,7.341
71.39,7.341
71.4,7.342
71.41,7.343
71.42,7.344
71.43,7.344
71.44,7.343
71.45,7.344
71.46,7.345
71.47,7.347
71.48,7.347
71.49,7.347
71.5,7.346
71.51,7.346
71.52,7.347
71.53,7.348
71.54,7.349
71.55,7.349
71.56,7.348
71.57,7.348
71.58,7.349
71.59,7.351
71.6,7.351
71.61,7.351
71.62,7.349
71.63,7.349
71.64,7.349
71.65,7.350
71.66,7.350
71.67,7.348
71.68,7.347
71.69,7.347
71.7,7.347
71.71,7.348
71.72,7.348
71.73,7.346
71.74,7.345
71.75,7.344
71.76,7.343
71.77,7.343
71.78,7.343
71.79,7.342
71.8,7.341
71.81,7.340
71.82,7.341
71.83,7.341
71.84,7.341
71.85,7.340
71.86,7.340
71.87,7.340
71.88,7.341
71.89,7.342
71.9,7.341
71.91,7.341
71.92,7.341
71.93,7.341
71.94,7.342
71.95,7.342
71.96,7.342
71.97,7.342
71.98,7.341
71.99,7.342
72,7.342
72.01,7.343
72.02,7.343
72.03,7.343
72.04,7.342
72.05,7.342
72.06,7.343
72.07,7.344
72.08,7.345
72.09,7.345
72.1,7.346
72.11,7.347
72.12,7.348
72.13,7.349
72.14,7.350
72.15,7.350
72.16,7.350
72.17,7.351
72.18,7.352
72.19,7.353
72.2,7.354
72.21,7.355
72.22,7.355
72.23,7.356
72.24,7.357
72.25,7.358
72.26,7.359
72.27,7.360
72.28,7.360
72.29,7.360
72.3,7.361
72.31,7.363
72.32,7.364
72.33,7.365
72.34,7.365
72.35,7.365
72.36,7.366
72.37,7.367
72.38,7.369
72.39,7.369
72.4,7.370
72.41,7.371
72.42,7.372
72.43,7.373
72.44,7.374
72.45,7.375
72.46,7.375
72.47,7.376
72.48,7.376
72.49,7.378
72.5,7.379
72.51,7.380
72.52,7.380
72.53,7.380
72.54,7.381
72.55,7.383
72.56,7.383
72.57,7.383
72.58,7.383
72.59,7.384
72.6,7.384
72.61,7.386
72.62,7.387
72.63,7.386
72.64,7.386
72.65,7.387
72.66,7.388
72.67,7.389
72.68,7.389
72.69,7.389
72.7,7.388
72.71,7.387
72.72,7.388
72.73,7.389
72.74,7.389
72.75,7.389
72.76,7.388
72.77,7.388
72.78,7.390
72.79,7.391
72.8,7.392
72.81,7.393
72.82,7.392
72.83,7.392
72.84,7.393
72.85,7.395
72.86,7.396
72.87,7.397
72.88,7.396
72.89,7.397
72.9,7.398
72.91,7.400
72.92,7.402
72.93,7.403
72.94,7.403
72.95,7.403
72.96,7.404
72.97,7.406
72.98,7.407
72.99,7.408
73,7.409
73.01,7.408
73.02,7.409
73.03,7.411
73.04,7.413
73.05,7.413
73.06,7.414
73.07,7.413
73.08,7.414
73.09,7.415
73.1,7.417
73.11,7.418
73.12,7.418
73.13,7.418
73.14,7.418
73.15,7.419
73.16,7.420
73.17,7.421
73.18,7.421
73.19,7.420
73.2,7.420
73.21,7.421
73.22,7.422
73.23,7.423
73.24,7.423
73.25,7.423
73.26,7.422
73.27,7.422
73.28,7.424
73.29,7.425
73.3,7.425
73.31,7.425
73.32,7.424
73.33,7.424
73.34,7.426
73.35,7.427
73.36,7.427
73.37,7.426
73.38,7.426
73.39,7.426
73.4,7.427
73.41,7.429
73.42,7.430
73.43,7.430
73.44,7.430
73.45,7.430
73.46,7.431
73.47,7.433
73.48,7.434
73.49,7.433
73.5,7.432
73.51,7.432
73.52,7.432
73.53,7.433
73.54,7.433
73.55,7.433
73.56,7.432
73.57,7.432
73.58,7.433
73.59,7.435
73.6,7.435
73.61,7.434
73.62,7.433
73.63,7.433
73.64,7.433
73.65,7.435
73.66,7.435
73.67,7.434
73.68,7.433
73.69,7.432
73.7,7.433
73.71,7.434
73.72,7.434
73.73,7.433
73.74,7.432
73.75,7.431
73.76,7.432
73.77,7.432
73.78,7.432
73.79,7.431
73.8,7.430
73.81,7.428
73.82,7.428
73.83,7.429
73.84,7.429
73.85,7.429
73.86,7.427
73.87,7.425
73.88,7.425
73.89,7.425
73.9,7.425
73.91,7.424
73.92,7.422
73.93,7.420
73.94,7.419
73.95,7.418
73.96,7.419
73.97,7.418
73.98,7.417
73.99,7.415
74,7.414
74.01,7.413
74.02,7.413
74.03,7.412
74.04,7.411
74.05,7.411
74.06,7.410
74.07,7.411
74.08,7.411
74.09,7.410
74.1,7.411
74.11,7.412
74.12,7.412
74.13,7.414
74.14,7.415
74.15,7.416
74.16,7.416
74.17,7.418
74.18,7.419
74.19,7.420
74.2,7.421
74.21,7.422
74.22,7.423
74.23,7.424
74.24,7.425
74.25,7.426
74.26,7.427
74.27,7.428
74.28,7.428
74.29,7.428
74.3,7.429
74.31,7.430
74.32,7.431
74.33,7.432
74.34,7.433
74.35,7.433
74.36,7.434
74.37,7.435
74.38,7.435
74.39,7.435
74.4,7.434
74.41,7.434
74.42,7.434
74.43,7.435
74.44,7.435
74.45,7.435
74.46,7.436
74.47,7.436
74.48,7.437
74.49,7.438
74.5,7.439
74.51,7.440
74.52,7.440
74.53,7.440
74.54,7.441
74.55,7.442
74.56,7.442
74.57,7.442
74.58,7.441
74.59,7.442
74.6,7.442
74.61,7.442
74.62,7.442
74.63,7.441
74.64,7.440
74.65,7.440
74.66,7.440
74.67,7.440
74.68,7.440
74.69,7.438
74.7,7.436
74.71,7.435
74.72,7.435
74.73,7.435
74.74,7.435
74.75,7.434
74.76,7.432
74.77,7.431
74.78,7.431
74.79,7.431
74.8,7.431
74.81,7.430
74.82,7.429
74.83,7.428
74.84,7.427
74.85,7.427
74.86,7.427
74.87,7.427
74.88,7.426
74.89,7.426
74.9,7.426
74.91,7.427
74.92,7.427
74.93,7.427
74.94,7.427
74.95,7.426
74.96,7.426
74.97,7.427
74.98,7.426
74.99,7.426
75,7.425
75.01,7.425
75.02,7.426
75.03,7.427
75.04,7.428
75.05,7.427
75.06,7.426
75.07,7.425
75.08,7.425
75.09,7.427
75.1,7.428
75.11,7.428
75.12,7.427
75.13,7.427
75.14,7.428
75.15,7.430
75.16,7.432
75.17,7.432
75.18,7.432
75.19,7.431
75.2,7.432
75.21,7.434
75.22,7.436
75.23,7.437
75.24,7.438
75.25,7.437
75.26,7.438
75.27,7.439
75.28,7.441
75.29,7.442
75.3,7.443
75.31,7.443
75.32,7.443
75.33,7.445
75.34,7.447
75.35,7.448
75.36,7.449
75.37,7.449
75.38,7.449
75.39,7.450
75.4,7.452
75.41,7.454
75.42,7.454
75.43,7.454
75.44,7.454
75.45,7.455
75.46,7.457
75.47,7.459
75.48,7.460
75.49,7.459
75.5,7.459
75.51,7.460
75.52,7.462
75.53,7.464
75.54,7.465
75.55,7.465
75.56,7.464
75.57,7.465
75.58,7.467
75.59,7.469
75.6,7.471
75.61,7.471
75.62,7.471
75.63,7.471
75.64,7.473
75.65,7.475
75.66,7.477
75.67,7.478
75.68,7.477
75.69,7.477
75.7,7.479
75.71,7.480
75.72,7.482
75.73,7.482
75.74,7.483
75.75,7.484
75.76,7.486
75.77,7.487
75.78,7.488
75.79,7.488
75.8,7.488
75.81,7.489
75.82,7.490
75.83,7.492
75.84,7.493
75.85,7.493
75.86,7.494
75.87,7.495
75.88,7.496
75.89,7.497
75.9,7.498
75.91,7.499
75.92,7.500
75.93,7.501
75.94,7.502
75.95,7.502
75.96,7.503
75.97,7.505
75.98,7.506
75.99,7.507
76,7.507
76.01,7.508
76.02,7.509
76.03,7.511
76.04,7.512
76.05,7.512
76.06,7.512
76.07,7.512
76.08,7.514
76.09,7.516
76.1,7.517
76.11,7.517
76.12,7.517
76.13,7.517
76.14,7.520
76.15,7.522
76.16,7.523
76.17,7.524
76.18,7.524
76.19,7.526
76.2,7.528
76.21,7.531
76.22,7.532
76.23,7.532
76.24,7.532
76.25,7.534
76.26,7.536
76.27,7.537
76.28,7.538
76.29,7.539
76.3,7.539
76.31,7.539
76.32,7.541
76.33,7.543
76.34,7.544
76.35,7.544
76.36,7.544
76.37,7.545
76.38,7.547
76.39,7.548
76.4,7.549
76.41,7.548
76.42,7.549
76.43,7.550
76.44,7.551
76.45,7.551
76.46,7.551
76.47,7.551
76.48,7.551
76.49,7.551
76.5,7.552
76.51,7.552
76.52,7.553
76.53,7.553
76.54,7.554
76.55,7.554
76.56,7.554
76.57,7.554
76.58,7.554
76.59,7.554
76.6,7.554
76.61,7.555
76.62,7.555
76.63,7.555
76.64,7.555
76.65,7.554
76.66,7.553
76.67,7.553
76.68,7.553
76.69,7.553
76.7,7.553
76.71,7.553
76.72,7.553
76.73,7.554
76.74,7.554
76.75,7.555
76.76,7.555
76.77,7.555
76.78,7.555
76.79,7.555
76.8,7.556
76.81,7.557
76.82,7.556
76.83,7.556
76.84,7.556
76.85,7.556
76.86,7.556
76.87,7.555
76.88,7.555
76.89,7.554
76.9,7.554
76.91,7.554
76.92,7.553
76.93,7.553
76.94,7.552
76.95,7.552
76.96,7.552
76.97,7.551
76.98,7.551
76.99,7.550
77,7.550
77.01,7.549
77.02,7.549
77.03,7.548
77.04,7.548
77.05,7.547
77.06,7.547
77.07,7.546
77.08,7.546
77.09,7.545
77.1,7.544
77.11,7.543
77.12,7.543
77.13,7.543
77.14,7.543
77.15,7.543
77.16,7.543
77.17,7.543
77.18,7.543
77.19,7.544
77.2,7.544
77.21,7.544
77.22,7.544
77.23,7.544
77.24,7.543
77.25,7.543
77.26,7.543
77.27,7.543
77.28,7.543
77.29,7.544
77.3,7.544
77.31,7.544
77.32,7.544
77.33,7.544
77.34,7.544
77.35,7.544
77.36,7.544
77.37,7.544
77.38,7.544
77.39,7.544
77.4,7.544
77.41,7.544
77.42,7.545
77.43,7.545
77.44,7.545
77.45,7.545
77.46,7.545
77.47,7.545
77.48,7.546
77.49,7.546
77.5,7.546
77.51,7.546
77.52,7.547
77.53,7.547
77.54,7.547
77.55,7.547
77.56,7.548
77.57,7.548
77.58,7.549
77.59,7.549
77.6,7.549
77.61,7.548
77.62,7.549
77.63,7.550
77.64,7.551
77.65,7.551
77.66,7.550
77.67,7.549
77.68,7.550
77.69,7.551
77.7,7.553
77.71,7.553
77.72,7.552
77.73,7.552
77.74,7.553
77.75,7.554
77.76,7.555
77.77,7.555
77.78,7.555
77.79,7.554
77.8,7.555
77.81,7.556
77.82,7.558
77.83,7.558
77.84,7.557
77.85,7.556
77.86,7.556
77.87,7.558
77.88,7.559
77.89,7.559
77.9,7.558
77.91,7.557
77.92,7.557
77.93,7.557
77.94,7.559
77.95,7.560
77.96,7.559
77.97,7.558
77.98,7.557
77.99,7.558
78,7.559
78.01,7.561
78.02,7.561
78.03,7.560
78.04,7.559
78.05,7.560
78.06,7.561
78.07,7.562
78.08,7.562
78.09,7.561
78.1,7.560
78.11,7.561
78.12,7.563
78.13,7.564
78.14,7.565
78.15,7.566
78.16,7.565
78.17,7.566
78.18,7.567
78.19,7.569
78.2,7.570
78.21,7.570
78.22,7.570
78.23,7.570
78.24,7.571
78.25,7.573
78.26,7.574
78.27,7.574
78.28,7.573
78.29,7.573
78.3,7.574
78.31,7.576
78.32,7.578
78.33,7.579
78.34,7.579
78.35,7.580
78.36,7.581
78.37,7.582
78.38,7.583
78.39,7.584
78.4,7.584
78.41,7.585
78.42,7.585
78.43,7.587
78.44,7.588
78.45,7.589
78.46,7.589
78.47,7.590
78.48,7.590
78.49,7.591
78.5,7.592
78.51,7.593
78.52,7.594
78.53,7.595
78.54,7.595
78.55,7.595
78.56,7.596
78.57,7.597
78.58,7.598
78.59,7.599
78.6,7.599
78.61,7.600
78.62,7.601
78.63,7.602
78.64,7.604
78.65,7.604
78.66,7.604
78.67,7.605
78.68,7.606
78.69,7.607
78.7,7.609
78.71,7.609
78.72,7.610
78.73,7.610
78.74,7.611
78.75,7.613
78.76,7.614
78.77,7.616
78.78,7.616
78.79,7.616
78.8,7.617
78.81,7.619
78.82,7.620
78.83,7.621
78.84,7.621
78.85,7.621
78.86,7.622
78.87,7.624
78.88,7.626
78.89,7.627
78.9,7.628
78.91,7.628
78.92,7.630
78.93,7.632
78.94,7.634
78.95,7.636
78.96,7.636
78.97,7.637
78.98,7.638
78.99,7.639
79,7.640
79.01,7.641
79.02,7.642
79.03,7.642
79.04,7.643
79.05,7.643
79.06,7.645
79.07,7.646
79.08,7.647
79.09,7.646
79.1,7.645
79.11,7.644
79.12,7.643
79.13,7.643
79.14,7.642
79.15,7.641
79.16,7.639
79.17,7.638
79.18,7.638
79.19,7.638
79.2,7.638
79.21,7.637
79.22,7.635
79.23,7.634
79.24,7.633
79.25,7.634
79.26,7.634
79.27,7.633
79.28,7.632
79.29,7.631
79.3,7.631
79.31,7.631
79.32,7.631
79.33,7.630
79.34,7.629
79.35,7.628
79.36,7.628
79.37,7.627
79.38,7.627
79.39,7.627
79.4,7.626
79.41,7.626
79.42,7.625
79.43,7.625
79.44,7.625
79.45,7.625
79.46,7.624
79.47,7.623
79.48,7.622
79.49,7.622
79.5,7.622
79.51,7.623
79.52,7.623
79.53,7.621
79.54,7.621
79.55,7.621
79.56,7.622
79.57,7.623
79.58,7.623
79.59,7.622
79.6,7.621
79.61,7.621
79.62,7.622
79.63,7.623
79.64,7.623
79.65,7.623
79.66,7.622
79.67,7.621
79.68,7.621
79.69,7.621
79.7,7.622
79.71,7.622
79.72,7.621
79.73,7.620
79.74,7.620
79.75,7.620
79.76,7.621
79.77,7.621
79.78,7.620
79.79,7.619
79.8,7.620
79.81,7.620
79.82,7.620
79.83,7.620
79.84,7.620
79.85,7.620
79.86,7.620
79.87,7.620
79.88,7.620
79.89,7.620
79.9,7.618
79.91,7.617
79.92,7.616
79.93,7.617
79.94,7.618
79.95,7.619
79.96,7.618
79.97,7.617
79.98,7.617
79.99,7.618
80,7.619
80.01,7.620
80.02,7.619
80.03,7.618
80.04,7.617
80.05,7.617
80.06,7.619
80.07,7.620
80.08,7.620
80.09,7.619
80.1,7.618
80.11,7.619
80.12,7.620
80.13,7.621
80.14,7.621
80.15,7.620
80.16,7.619
80.17,7.619
80.18,7.620
80.19,7.622
80.2,7.622
80.21,7.621
80.22,7.620
80.23,7.620
80.24,7.620
80.25,7.621
80.26,7.621
80.27,7.621
80.28,7.619
80.29,7.619
80.3,7.619
80.31,7.620
80.32,7.621
80.33,7.620
80.34,7.619
80.35,7.618
80.36,7.618
80.37,7.619
80.38,7.620
80.39,7.620
80.4,7.619
80.41,7.618
80.42,7.618
80.43,7.619
80.44,7.620
80.45,7.620
80.46,7.619
80.47,7.617
80.48,7.618
80.49,7.619
80.5,7.620
80.51,7.620
80.52,7.619
80.53,7.617
80.54,7.617
80.55,7.618
80.56,7.619
80.57,7.620
80.58,7.619
80.59,7.617
80.6,7.617
80.61,7.618
80.62,7.619
80.63,7.619
80.64,7.618
80.65,7.616
80.66,7.615
80.67,7.615
80.68,7.617
80.69,7.618
80.7,7.617
80.71,7.616
80.72,7.615
80.73,7.615
80.74,7.616
80.75,7.617
80.76,7.617
80.77,7.615
80.78,7.614
80.79,7.615
80.8,7.616
80.81,7.617
80.82,7.616
80.83,7.615
80.84,7.614
80.85,7.614
80.86,7.615
80.87,7.616
80.88,7.616
80.89,7.615
80.9,7.614
80.91,7.614
80.92,7.615
80.93,7.616
80.94,7.615
80.95,7.614
80.96,7.613
80.97,7.613
80.98,7.614
80.99,7.614
81,7.614
81.01,7.613
81.02,7.612
81.03,7.612
81.04,7.614
81.05,7.614
81.06,7.614
81.07,7.614
81.08,7.613
81.09,7.613
81.1,7.614
81.11,7.614
81.12,7.614
81.13,7.613
81.14,7.612
81.15,7.613
81.16,7.613
81.17,7.613
81.18,7.613
81.19,7.612
81.2,7.612
81.21,7.613
81.22,7.612
81.23,7.612
81.24,7.612
81.25,7.612
81.26,7.612
81.27,7.611
81.28,7.611
81.29,7.610
81.3,7.611
81.31,7.611
81.32,7.612
81.33,7.611
81.34,7.610
81.35,7.610
81.36,7.610
81.37,7.611
81.38,7.611
81.39,7.610
81.4,7.609
81.41,7.610
81.42,7.610
81.43,7.611
81.44,7.612
81.45,7.612
81.46,7.612
81.47,7.612
81.48,7.613
81.49,7.615
81.5,7.615
81.51,7.615
81.52,7.614
81.53,7.614
81.54,7.615
81.55,7.617
81.56,7.619
81.57,7.619
81.58,7.618
81.59,7.618
81.6,7.619
81.61,7.620
81.62,7.622
81.63,7.622
81.64,7.621
81.65,7.622
81.66,7.624
81.67,7.626
81.68,7.628
81.69,7.628
81.7,7.628
81.71,7.628
81.72,7.628
81.73,7.629
81.74,7.630
81.75,7.631
81.76,7.630
81.77,7.630
81.78,7.630
81.79,7.631
81.8,7.632
81.81,7.633
81.82,7.633
81.83,7.632
81.84,7.632
81.85,7.633
81.86,7.633
81.87,7.635
81.88,7.636
81.89,7.636
81.9,7.637
81.91,7.638
81.92,7.640
81.93,7.641
81.94,7.642
81.95,7.642
81.96,7.641
81.97,7.642
81.98,7.644
81.99,7.645
82,7.647
82.01,7.647
82.02,7.647
82.03,7.646
82.04,7.648
82.05,7.649
82.06,7.650
82.07,7.650
82.08,7.650
82.09,7.650
82.1,7.652
82.11,7.653
82.12,7.654
82.13,7.654
82.14,7.653
82.15,7.652
82.16,7.652
82.17,7.653
82.18,7.654
82.19,7.654
82.2,7.653
82.21,7.652
82.22,7.653
82.23,7.654
82.24,7.655
82.25,7.656
82.26,7.655
82.27,7.653
82.28,7.652
82.29,7.652
82.3,7.653
82.31,7.653
82.32,7.651
82.33,7.650
82.34,7.649
82.35,7.649
82.36,7.650
82.37,7.650
82.38,7.648
82.39,7.647
82.4,7.646
82.41,7.646
82.42,7.646
82.43,7.646
82.44,7.645
82.45,7.643
82.46,7.642
82.47,7.642
82.48,7.642
82.49,7.642
82.5,7.641
82.51,7.639
82.52,7.638
82.53,7.637
82.54,7.638
82.55,7.638
82.56,7.637
82.57,7.635
82.58,7.634
82.59,7.634
82.6,7.634
82.61,7.634
82.62,7.634
82.63,7.632
82.64,7.631
82.65,7.630
82.66,7.631
82.67,7.631
82.68,7.631
82.69,7.629
82.7,7.627
82.71,7.626
82.72,7.626
82.73,7.626
82.74,7.626
82.75,7.624
82.76,7.623
82.77,7.621
82.78,7.621
82.79,7.621
82.8,7.621
82.81,7.619
82.82,7.617
82.83,7.616
82.84,7.616
82.85,7.616
82.86,7.616
82.87,7.616
82.88,7.614
82.89,7.612
82.9,7.612
82.91,7.613
82.92,7.613
82.93,7.613
82.94,7.611
82.95,7.609
82.96,7.609
82.97,7.610
82.98,7.611
82.99,7.611
83,7.610
83.01,7.609
83.02,7.608
83.03,7.608
83.04,7.609
83.05,7.610
83.06,7.609
83.07,7.608
83.08,7.608
83.09,7.609
83.1,7.610
83.11,7.610
83.12,7.610
83.13,7.609
83.14,7.608
83.15,7.608
83.16,7.609
83.17,7.610
83.18,7.610
83.19,7.609
83.2,7.608
83.21,7.609
83.22,7.610
83.23,7.612
83.24,7.612
83.25,7.611
83.26,7.611
83.27,7.611
83.28,7.612
83.29,7.614
83.3,7.614
83.31,7.613
83.32,7.611
83.33,7.611
83.34,7.611
83.35,7.611
83.36,7.611
83.37,7.610
83.38,7.609
83.39,7.608
83.4,7.607
83.41,7.607
83.42,7.607
83.43,7.606
83.44,7.605
83.45,7.604
83.46,7.604
83.47,7.604
83.48,7.604
83.49,7.604
83.5,7.603
83.51,7.601
83.52,7.600
83.53,7.600
83.54,7.600
83.55,7.600
83.56,7.600
83.57,7.599
83.58,7.598
83.59,7.597
83.6,7.598
83.61,7.598
83.62,7.598
83.63,7.597
83.64,7.595
83.65,7.595
83.66,7.595
83.67,7.596
83.68,7.595
83.69,7.594
83.7,7.592
83.71,7.591
83.72,7.591
83.73,7.592
83.74,7.591
83.75,7.590
83.76,7.588
83.77,7.587
83.78,7.586
83.79,7.587
83.8,7.587
83.81,7.586
83.82,7.585
83.83,7.585
83.84,7.584
83.85,7.584
83.86,7.585
83.87,7.584
83.88,7.584
83.89,7.582
83.9,7.582
83.91,7.582
83.92,7.582
83.93,7.582
83.94,7.581
83.95,7.580
83.96,7.579
83.97,7.579
83.98,7.579
83.99,7.579
84,7.579
84.01,7.578
84.02,7.577
84.03,7.577
84.04,7.577
84.05,7.577
84.06,7.577
84.07,7.577
84.08,7.576
84.09,7.577
84.1,7.578
84.11,7.579
84.12,7.580
84.13,7.580
84.14,7.581
84.15,7.582
84.16,7.583
84.17,7.584
84.18,7.584
84.19,7.584
84.2,7.584
84.21,7.584
84.22,7.585
84.23,7.586
84.24,7.587
84.25,7.587
84.26,7.587
84.27,7.588
84.28,7.588
84.29,7.589
84.3,7.590
84.31,7.590
84.32,7.590
84.33,7.590
84.34,7.590
84.35,7.590
84.36,7.590
84.37,7.590
84.38,7.590
84.39,7.590
84.4,7.591
84.41,7.592
84.42,7.593
84.43,7.593
84.44,7.593
84.45,7.592
84.46,7.593
84.47,7.594
84.48,7.594
84.49,7.594
84.5,7.593
84.51,7.591
84.52,7.591
84.53,7.592
84.54,7.593
84.55,7.593
84.56,7.593
84.57,7.593
84.58,7.593
84.59,7.593
84.6,7.594
84.61,7.595
84.62,7.595
84.63,7.594
84.64,7.594
84.65,7.595
84.66,7.595
84.67,7.596
84.68,7.597
84.69,7.598
84.7,7.598
84.71,7.598
84.72,7.598
84.73,7.599
84.74,7.599
84.75,7.600
84.76,7.600
84.77,7.599
84.78,7.598
84.79,7.599
84.8,7.600
84.81,7.601
84.82,7.602
84.83,7.602
84.84,7.603
84.85,7.603
84.86,7.604
84.87,7.604
84.88,7.605
84.89,7.605
84.9,7.605
84.91,7.605
84.92,7.606
84.93,7.606
84.94,7.606
84.95,7.605
84.96,7.605
84.97,7.604
84.98,7.605
84.99,7.605
85,7.604
85.01,7.603
85.02,7.603
85.03,7.602
85.04,7.603
85.05,7.604
85.06,7.604
85.07,7.604
85.08,7.604
85.09,7.604
85.1,7.604
85.11,7.605
85.12,7.605
85.13,7.605
85.14,7.604
85.15,7.604
85.16,7.605
85.17,7.606
85.18,7.606
85.19,7.606
85.2,7.605
85.21,7.605
85.22,7.605
85.23,7.605
85.24,7.605
85.25,7.605
85.26,7.603
85.27,7.602
85.28,7.602
85.29,7.602
85.3,7.602
85.31,7.601
85.32,7.599
85.33,7.599
85.34,7.598
85.35,7.598
85.36,7.598
85.37,7.598
85.38,7.597
85.39,7.596
85.4,7.596
85.41,7.596
85.42,7.596
85.43,7.595
85.44,7.595
85.45,7.594
85.46,7.593
85.47,7.594
85.48,7.594
85.49,7.594
85.5,7.593
85.51,7.592
85.52,7.592
85.53,7.591
85.54,7.591
85.55,7.591
85.56,7.590
85.57,7.589
85.58,7.588
85.59,7.588
85.6,7.587
85.61,7.587
85.62,7.587
85.63,7.585
85.64,7.585
85.65,7.584
85.66,7.585
85.67,7.585
85.68,7.584
85.69,7.584
85.7,7.583
85.71,7.583
85.72,7.583
85.73,7.583
85.74,7.583
85.75,7.582
85.76,7.581
85.77,7.581
85.78,7.581
85.79,7.581
85.8,7.581
85.81,7.581
85.82,7.580
85.83,7.580
85.84,7.580
85.85,7.580
85.86,7.580
85.87,7.581
85.88,7.580
85.89,7.581
85.9,7.581
85.91,7.581
85.92,7.581
85.93,7.581
85.94,7.581
85.95,7.581
85.96,7.582
85.97,7.582
85.98,7.582
85.99,7.583
86,7.583
86.01,7.583
86.02,7.583
86.03,7.582
86.04,7.582
86.05,7.583
86.06,7.583
86.07,7.583
86.08,7.582
86.09,7.582
86.1,7.582
86.11,7.582
86.12,7.582
86.13,7.582
86.14,7.583
86.15,7.583
86.16,7.583
86.17,7.583
86.18,7.583
86.19,7.582
86.2,7.582
86.21,7.582
86.22,7.582
86.23,7.582
86.24,7.582
86.25,7.582
86.26,7.580
86.27,7.580
86.28,7.580
86.29,7.579
86.3,7.578
86.31,7.577
86.32,7.577
86.33,7.577
86.34,7.576
86.35,7.576
86.36,7.575
86.37,7.574
86.38,7.574
86.39,7.574
86.4,7.574
86.41,7.573
86.42,7.572
86.43,7.571
86.44,7.571
86.45,7.570
86.46,7.570
86.47,7.569
86.48,7.568
86.49,7.568
86.5,7.567
86.51,7.567
86.52,7.567
86.53,7.566
86.54,7.565
86.55,7.564
86.56,7.564
86.57,7.565
86.58,7.565
86.59,7.565
86.6,7.564
86.61,7.563
86.62,7.564
86.63,7.564
86.64,7.564
86.65,7.564
86.66,7.562
86.67,7.561
86.68,7.560
86.69,7.561
86.7,7.561
86.71,7.561
86.72,7.560
86.73,7.559
86.74,7.559
86.75,7.559
86.76,7.559
86.77,7.558
86.78,7.557
86.79,7.557
86.8,7.557
86.81,7.557
86.82,7.556
86.83,7.555
86.84,7.554
86.85,7.555
86.86,7.556
86.87,7.556
86.88,7.556
86.89,7.555
86.9,7.554
86.91,7.554
86.92,7.554
86.93,7.554
86.94,7.553
86.95,7.553
86.96,7.554
86.97,7.555
86.98,7.555
86.99,7.554
87,7.553
87.01,7.552
87.02,7.553
87.03,7.555
87.04,7.555
87.05,7.554
87.06,7.554
87.07,7.554
87.08,7.555
87.09,7.556
87.1,7.556
87.11,7.555
87.12,7.554
87.13,7.555
87.14,7.556
87.15,7.557
87.16,7.557
87.17,7.556
87.18,7.556
87.19,7.556
87.2,7.556
87.21,7.558
87.22,7.558
87.23,7.557
87.24,7.556
87.25,7.556
87.26,7.557
87.27,7.559
87.28,7.559
87.29,7.559
87.3,7.558
87.31,7.557
87.32,7.558
87.33,7.560
87.34,7.560
87.35,7.559
87.36,7.558
87.37,7.557
87.38,7.558
87.39,7.559
87.4,7.559
87.41,7.559
87.42,7.558
87.43,7.558
87.44,7.559
87.45,7.560
87.46,7.561
87.47,7.560
87.48,7.559
87.49,7.559
87.5,7.560
87.51,7.561
87.52,7.562
87.53,7.562
87.54,7.561
87.55,7.560
87.56,7.560
87.57,7.561
87.58,7.563
87.59,7.562
87.6,7.561
87.61,7.560
87.62,7.560
87.63,7.560
87.64,7.561
87.65,7.561
87.66,7.559
87.67,7.558
87.68,7.558
87.69,7.559
87.7,7.561
87.71,7.561
87.72,7.561
87.73,7.560
87.74,7.560
87.75,7.561
87.76,7.562
87.77,7.562
87.78,7.562
87.79,7.561
87.8,7.561
87.81,7.562
87.82,7.563
87.83,7.564
87.84,7.564
87.85,7.563
87.86,7.563
87.87,7.564
87.88,7.566
87.89,7.567
87.9,7.567
87.91,7.567
87.92,7.567
87.93,7.568
87.94,7.570
87.95,7.571
87.96,7.571
87.97,7.571
87.98,7.570
87.99,7.570
88,7.570
88.01,7.570
88.02,7.571
88.03,7.570
88.04,7.570
88.05,7.570
88.06,7.571
88.07,7.571
88.08,7.571
88.09,7.571
88.1,7.571
88.11,7.571
88.12,7.572
88.13,7.572
88.14,7.573
88.15,7.572
88.16,7.572
88.17,7.572
88.18,7.572
88.19,7.572
88.2,7.572
88.21,7.572
88.22,7.571
88.23,7.571
88.24,7.572
88.25,7.571
88.26,7.570
88.27,7.569
88.28,7.568
88.29,7.567
88.3,7.566
88.31,7.566
88.32,7.566
88.33,7.566
88.34,7.566
88.35,7.565
88.36,7.564
88.37,7.564
88.38,7.564
88.39,7.564
88.4,7.565
88.41,7.564
88.42,7.564
88.43,7.564
88.44,7.564
88.45,7.564
88.46,7.563
88.47,7.562
88.48,7.562
88.49,7.562
88.5,7.563
88.51,7.562
88.52,7.562
88.53,7.561
88.54,7.560
88.55,7.561
88.56,7.561
88.57,7.561
88.58,7.561
88.59,7.560
88.6,7.559
88.61,7.559
88.62,7.560
88.63,7.561
88.64,7.562
88.65,7.562
88.66,7.562
88.67,7.562
88.68,7.563
88.69,7.564
88.7,7.565
88.71,7.565
88.72,7.566
88.73,7.566
88.74,7.566
88.75,7.567
88.76,7.569
88.77,7.569
88.78,7.569
88.79,7.570
88.8,7.571
88.81,7.572
88.82,7.574
88.83,7.575
88.84,7.576
88.85,7.577
88.86,7.578
88.87,7.579
88.88,7.580
88.89,7.581
88.9,7.582
88.91,7.583
88.92,7.584
88.93,7.585
88.94,7.586
88.95,7.587
88.96,7.588
88.97,7.589
88.98,7.590
88.99,7.591
89,7.592
89.01,7.593
89.02,7.594
89.03,7.595
89.04,7.596
89.05,7.597
89.06,7.598
89.07,7.598
89.08,7.599
89.09,7.600
89.1,7.601
89.11,7.603
89.12,7.604
89.13,7.604
89.14,7.605
89.15,7.606
89.16,7.607
89.17,7.608
89.18,7.609
89.19,7.610
89.2,7.610
89.21,7.612
89.22,7.613
89.23,7.614
89.24,7.615
89.25,7.615
89.26,7.615
89.27,7.615
89.28,7.615
89.29,7.615
89.3,7.616
89.31,7.616
89.32,7.617
89.33,7.617
89.34,7.618
89.35,7.619
89.36,7.620
89.37,7.621
89.38,7.622
89.39,7.623
89.4,7.623
89.41,7.624
89.42,7.625
89.43,7.626
89.44,7.627
89.45,7.629
89.46,7.629
89.47,7.629
89.48,7.630
89.49,7.631
89.5,7.632
89.51,7.633
89.52,7.635
89.53,7.635
89.54,7.635
89.55,7.636
89.56,7.636
89.57,7.635
89.58,7.634
89.59,7.633
89.6,7.632
89.61,7.630
89.62,7.629
89.63,7.629
89.64,7.630
89.65,7.630
89.66,7.629
89.67,7.628
89.68,7.627
89.69,7.626
89.7,7.626
89.71,7.627
89.72,7.627
89.73,7.628
89.74,7.628
89.75,7.629
89.76,7.630
89.77,7.631
89.78,7.633
89.79,7.633
89.8,7.633
89.81,7.633
89.82,7.633
89.83,7.633
89.84,7.633
89.85,7.633
89.86,7.633
89.87,7.633
89.88,7.633
89.89,7.634
89.9,7.635
89.91,7.636
89.92,7.636
89.93,7.635
89.94,7.635
89.95,7.636
89.96,7.636
89.97,7.637
89.98,7.637
89.99,7.636
90,7.635
90.01,7.636
90.02,7.637
90.03,7.638
90.04,7.638
90.05,7.637
90.06,7.636
90.07,7.636
90.08,7.637
90.09,7.638
90.1,7.639
90.11,7.639
90.12,7.639
90.13,7.640
90.14,7.641
90.15,7.642
90.16,7.643
90.17,7.643
90.18,7.643
90.19,7.643
90.2,7.644
90.21,7.646
90.22,7.647
90.23,7.647
90.24,7.648
90.25,7.648
90.26,7.650
90.27,7.651
90.28,7.652
90.29,7.653
90.3,7.653
90.31,7.653
90.32,7.654
90.33,7.655
90.34,7.656
90.35,7.656
90.36,7.655
90.37,7.655
90.38,7.655
90.39,7.656
90.4,7.656
90.41,7.657
90.42,7.656
90.43,7.656
90.44,7.656
90.45,7.657
90.46,7.659
90.47,7.659
90.48,7.659
90.49,7.659
90.5,7.659
90.51,7.660
90.52,7.661
90.53,7.662
90.54,7.661
90.55,7.660
90.56,7.661
90.57,7.662
90.58,7.663
90.59,7.664
90.6,7.663
90.61,7.661
90.62,7.660
90.63,7.661
90.64,7.662
90.65,7.663
90.66,7.664
90.67,7.662
90.68,7.661
90.69,7.660
90.7,7.659
90.71,7.660
90.72,7.661
90.73,7.660
90.74,7.659
90.75,7.658
90.76,7.659
90.77,7.660
90.78,7.660
90.79,7.660
90.8,7.660
90.81,7.660
90.82,7.661
90.83,7.662
90.84,7.663
90.85,7.662
90.86,7.661
90.87,7.661
90.88,7.661
90.89,7.662
90.9,7.662
90.91,7.662
90.92,7.661
90.93,7.660
90.94,7.661
90.95,7.661
90.96,7.661
90.97,7.661
90.98,7.661
90.99,7.660
91,7.660
91.01,7.661
91.02,7.661
91.03,7.661
91.04,7.660
91.05,7.660
91.06,7.660
91.07,7.661
91.08,7.662
91.09,7.662
91.1,7.662
91.11,7.663
91.12,7.663
91.13,7.663
91.14,7.662
91.15,7.662
91.16,7.663
91.17,7.664
91.18,7.666
91.19,7.666
91.2,7.665
91.21,7.664
91.22,7.662
91.23,7.663
91.24,7.664
91.25,7.664
91.26,7.665
91.27,7.665
91.28,7.666
91.29,7.668
91.3,7.669
91.31,7.670
91.32,7.670
91.33,7.670
91.34,7.670
91.35,7.671
91.36,7.671
91.37,7.670
91.38,7.669
91.39,7.669
91.4,7.670
91.41,7.672
91.42,7.673
91.43,7.672
91.44,7.671
91.45,7.672
91.46,7.673
91.47,7.674
91.48,7.675
91.49,7.675
91.5,7.676
91.51,7.676
91.52,7.677
91.53,7.678
91.54,7.679
91.55,7.679
91.56,7.679
91.57,7.679
91.58,7.680
91.59,7.681
91.6,7.681
91.61,7.682
91.62,7.682
91.63,7.683
91.64,7.683
91.65,7.685
91.66,7.686
91.67,7.687
91.68,7.688
91.69,7.688
91.7,7.687
91.71,7.687
91.72,7.687
91.73,7.688
91.74,7.688
91.75,7.688
91.76,7.689
91.77,7.690
91.78,7.692
91.79,7.693
91.8,7.693
91.81,7.693
91.82,7.694
91.83,7.695
91.84,7.696
91.85,7.694
91.86,7.692
91.87,7.690
91.88,7.689
91.89,7.688
91.9,7.689
91.91,7.689
91.92,7.688
91.93,7.688
91.94,7.689
91.95,7.689
91.96,7.689
91.97,7.688
91.98,7.688
91.99,7.688
92,7.689
92.01,7.689
92.02,7.689
92.03,7.688
92.04,7.688
92.05,7.688
92.06,7.688
92.07,7.688
92.08,7.688
92.09,7.687
92.1,7.687
92.11,7.687
92.12,7.688
92.13,7.688
92.14,7.688
92.15,7.688
92.16,7.689
92.17,7.690
92.18,7.691
92.19,7.692
92.2,7.692
92.21,7.692
92.22,7.692
92.23,7.693
92.24,7.693
92.25,7.693
92.26,7.692
92.27,7.692
92.28,7.693
92.29,7.694
92.3,7.695
92.31,7.696
92.32,7.696
92.33,7.696
92.34,7.697
92.35,7.698
92.36,7.699
92.37,7.700
92.38,7.699
92.39,7.699
92.4,7.699
92.41,7.700
92.42,7.701
92.43,7.702
92.44,7.702
92.45,7.702
92.46,7.703
92.47,7.704
92.48,7.705
92.49,7.705
92.5,7.705
92.51,7.705
92.52,7.705
92.53,7.705
92.54,7.704
92.55,7.706
92.56,7.706
92.57,7.705
92.58,7.704
92.59,7.704
92.6,7.705
92.61,7.707
92.62,7.708
92.63,7.708
92.64,7.709
92.65,7.710
92.66,7.712
92.67,7.713
92.68,7.714
92.69,7.714
92.7,7.714
92.71,7.714
92.72,7.715
92.73,7.717
92.74,7.717
92.75,7.717
92.76,7.718
92.77,7.719
92.78,7.720
92.79,7.721
92.8,7.721
92.81,7.721
92.82,7.721
92.83,7.722
92.84,7.723
92.85,7.724
92.86,7.725
92.87,7.724
92.88,7.723
92.89,7.723
92.9,7.724
92.91,7.724
92.92,7.724
92.93,7.724
92.94,7.722
92.95,7.722
92.96,7.723
92.97,7.723
92.98,7.723
92.99,7.723
93,7.723
93.01,7.724
93.02,7.724
93.03,7.725
93.04,7.725
93.05,7.725
93.06,7.724
93.07,7.724
93.08,7.725
93.09,7.724
93.1,7.723
93.11,7.722
93.12,7.721
93.13,7.722
93.14,7.722
93.15,7.722
93.16,7.722
93.17,7.722
93.18,7.722
93.19,7.723
93.2,7.724
93.21,7.725
93.22,7.726
93.23,7.726
93.24,7.726
93.25,7.727
93.26,7.728
93.27,7.728
93.28,7.729
93.29,7.729
93.3,7.729
93.31,7.730
93.32,7.731
93.33,7.732
93.34,7.730
93.35,7.729
93.36,7.731
93.37,7.732
93.38,7.733
93.39,7.734
93.4,7.734
93.41,7.734
93.42,7.734
93.43,7.734
93.44,7.735
93.45,7.736
93.46,7.736
93.47,7.736
93.48,7.735
93.49,7.734
93.5,7.733
93.51,7.735
93.52,7.736
93.53,7.737
93.54,7.737
93.55,7.737
93.56,7.738
93.57,7.739
93.58,7.740
93.59,7.741
93.6,7.742
93.61,7.742
93.62,7.742
93.63,7.742
93.64,7.743
93.65,7.743
93.66,7.743
93.67,7.743
93.68,7.743
93.69,7.744
93.7,7.744
93.71,7.744
93.72,7.744
93.73,7.745
93.74,7.745
93.75,7.745
93.76,7.746
93.77,7.746
93.78,7.746
93.79,7.746
93.8,7.745
93.81,7.745
93.82,7.744
93.83,7.744
93.84,7.744
93.85,7.743
93.86,7.743
93.87,7.742
93.88,7.742
93.89,7.742
93.9,7.741
93.91,7.741
93.92,7.741
93.93,7.740
93.94,7.739
93.95,7.739
93.96,7.739
93.97,7.738
93.98,7.738
93.99,7.737
94,7.737
94.01,7.736
94.02,7.736
94.03,7.735
94.04,7.735
94.05,7.734
94.06,7.734
94.07,7.733
94.08,7.733
94.09,7.732
94.1,7.731
94.11,7.731
94.12,7.730
94.13,7.730
94.14,7.729
94.15,7.729
94.16,7.729
94.17,7.730
94.18,7.730
94.19,7.730
94.2,7.730
94.21,7.730
94.22,7.730
94.23,7.730
94.24,7.730
94.25,7.731
94.26,7.729
94.27,7.728
94.28,7.726
94.29,7.726
94.3,7.726
94.31,7.726
94.32,7.726
94.33,7.726
94.34,7.726
94.35,7.726
94.36,7.726
94.37,7.726
94.38,7.726
94.39,7.726
94.4,7.726
94.41,7.725
94.42,7.725
94.43,7.725
94.44,7.725
94.45,7.725
94.46,7.725
94.47,7.725
94.48,7.725
94.49,7.725
94.5,7.725
94.51,7.725
94.52,7.725
94.53,7.725
94.54,7.725
94.55,7.725
94.56,7.725
94.57,7.725
94.58,7.725
94.59,7.728
94.6,7.729
94.61,7.731
94.62,7.733
94.63,7.732
94.64,7.733
94.65,7.733
94.66,7.735
94.67,7.737
94.68,7.739
94.69,7.740
94.7,7.740
94.71,7.741
94.72,7.741
94.73,7.741
94.74,7.742
94.75,7.742
94.76,7.742
94.77,7.742
94.78,7.743
94.79,7.743
94.8,7.744
94.81,7.744
94.82,7.744
94.83,7.745
94.84,7.745
94.85,7.745
94.86,7.746
94.87,7.746
94.88,7.746
94.89,7.746
94.9,7.746
94.91,7.747
94.92,7.747
94.93,7.747
94.94,7.747
94.95,7.747
94.96,7.748
94.97,7.747
94.98,7.747
94.99,7.747
95,7.748
95.01,7.749
95.02,7.749
95.03,7.749
95.04,7.749
95.05,7.749
95.06,7.750
95.07,7.750
95.08,7.750
95.09,7.750
95.1,7.749
95.11,7.749
95.12,7.748
95.13,7.748
95.14,7.747
95.15,7.747
95.16,7.747
95.17,7.747
95.18,7.747
95.19,7.747
95.2,7.747
95.21,7.747
95.22,7.748
95.23,7.748
95.24,7.748
95.25,7.748
95.26,7.749
95.27,7.749
95.28,7.750
95.29,7.750
95.3,7.750
95.31,7.750
95.32,7.751
95.33,7.751
95.34,7.751
95.35,7.752
95.36,7.753
95.37,7.754
95.38,7.754
95.39,7.755
95.4,7.755
95.41,7.756
95.42,7.756
95.43,7.757
95.44,7.757
95.45,7.757
95.46,7.757
95.47,7.757
95.48,7.756
95.49,7.757
95.5,7.757
95.51,7.757
95.52,7.756
95.53,7.756
95.54,7.758
95.55,7.759
95.56,7.758
95.57,7.758
95.58,7.758
95.59,7.759
95.6,7.760
95.61,7.762
95.62,7.764
95.63,7.764
95.64,7.764
95.65,7.764
95.66,7.764
95.67,7.765
95.68,7.767
95.69,7.768
95.7,7.770
95.71,7.770
95.72,7.771
95.73,7.771
95.74,7.773
95.75,7.773
95.76,7.772
95.77,7.771
95.78,7.770
95.79,7.771
95.8,7.771
95.81,7.771
95.82,7.771
95.83,7.771
95.84,7.771
95.85,7.770
95.86,7.770
95.87,7.770
95.88,7.770
95.89,7.768
95.9,7.767
95.91,7.767
95.92,7.767
95.93,7.767
95.94,7.768
95.95,7.768
95.96,7.768
95.97,7.769
95.98,7.769
95.99,7.769
96,7.770
96.01,7.770
96.02,7.770
96.03,7.771
96.04,7.771
96.05,7.772
96.06,7.772
96.07,7.772
96.08,7.772
96.09,7.772
96.1,7.772
96.11,7.772
96.12,7.774
96.13,7.775
96.14,7.777
96.15,7.777
96.16,7.778
96.17,7.778
96.18,7.778
96.19,7.780
96.2,7.781
96.21,7.783
96.22,7.785
96.23,7.786
96.24,7.787
96.25,7.788
96.26,7.788
96.27,7.789
96.28,7.790
96.29,7.791
96.3,7.791
96.31,7.791
96.32,7.791
96.33,7.791
96.34,7.793
96.35,7.793
96.36,7.795
96.37,7.797
96.38,7.798
96.39,7.798
96.4,7.798
96.41,7.798
96.42,7.798
96.43,7.800
96.44,7.801
96.45,7.802
96.46,7.802
96.47,7.802
96.48,7.802
96.49,7.802
96.5,7.802
96.51,7.803
96.52,7.803
96.53,7.803
96.54,7.803
96.55,7.803
96.56,7.803
96.57,7.803
96.58,7.803
96.59,7.803
96.6,7.803
96.61,7.803
96.62,7.803
96.63,7.803
96.64,7.803
96.65,7.803
96.66,7.802
96.67,7.801
96.68,7.799
96.69,7.798
96.7,7.799
96.71,7.798
96.72,7.800
96.73,7.800
96.74,7.800
96.75,7.800
96.76,7.799
96.77,7.797
96.78,7.796
96.79,7.795
96.8,7.795
96.81,7.794
96.82,7.795
96.83,7.795
96.84,7.795
96.85,7.797
96.86,7.799
96.87,7.800
96.88,7.802
96.89,7.803
96.9,7.803
96.91,7.804
96.92,7.804
96.93,7.804
96.94,7.804
96.95,7.804
96.96,7.804
96.97,7.805
96.98,7.805
96.99,7.805
97,7.805
97.01,7.806
97.02,7.806
97.03,7.806
97.04,7.805
97.05,7.804
97.06,7.804
97.07,7.804
97.08,7.805
97.09,7.805
97.1,7.804
97.11,7.803
97.12,7.803
97.13,7.802
97.14,7.802
97.15,7.802
97.16,7.801
97.17,7.801
97.18,7.801
97.19,7.801
97.2,7.801
97.21,7.801
97.22,7.801
97.23,7.801
97.24,7.800
97.25,7.800
97.26,7.801
97.27,7.802
97.28,7.803
97.29,7.804
97.3,7.804
97.31,7.805
97.32,7.806
97.33,7.807
97.34,7.808
97.35,7.809
97.36,7.810
97.37,7.811
97.38,7.812
97.39,7.814
97.4,7.815
97.41,7.816
97.42,7.817
97.43,7.817
97.44,7.818
97.45,7.819
97.46,7.819
97.47,7.820
97.48,7.821
97.49,7.821
97.5,7.822
97.51,7.823
97.52,7.824
97.53,7.826
97.54,7.828
97.55,7.829
97.56,7.829
97.57,7.831
97.58,7.833
97.59,7.835
97.6,7.835
97.61,7.835
97.62,7.835
97.63,7.835
97.64,7.835
97.65,7.835
97.66,7.836
97.67,7.836
97.68,7.836
97.69,7.836
97.7,7.836
97.71,7.836
97.72,7.836
97.73,7.836
97.74,7.836
97.75,7.836
97.76,7.836
97.77,7.836
97.78,7.836
97.79,7.836
97.8,7.836
97.81,7.835
97.82,7.836
97.83,7.836
97.84,7.836
97.85,7.835
97.86,7.835
97.87,7.835
97.88,7.835
97.89,7.835
97.9,7.834
97.91,7.834
97.92,7.834
97.93,7.833
97.94,7.834
97.95,7.835
97.96,7.835
97.97,7.835
97.98,7.835
97.99,7.835
98,7.834
98.01,7.832
98.02,7.832
98.03,7.832
98.04,7.832
98.05,7.833
98.06,7.833
98.07,7.833
98.08,7.833
98.09,7.832
98.1,7.832
98.11,7.831
98.12,7.830
98.13,7.829
98.14,7.828
98.15,7.827
98.16,7.826
98.17,7.827
98.18,7.827
98.19,7.827
98.2,7.826
98.21,7.825
98.22,7.824
98.23,7.823
98.24,7.822
98.25,7.823
98.26,7.824
98.27,7.825
98.28,7.824
98.29,7.823
98.3,7.824
98.31,7.824
98.32,7.825
98.33,7.825
98.34,7.827
98.35,7.829
98.36,7.829
98.37,7.829
98.38,7.829
98.39,7.830
98.4,7.830
98.41,7.830
98.42,7.832
98.43,7.834
98.44,7.834
98.45,7.834
98.46,7.834
98.47,7.834
98.48,7.834
98.49,7.834
98.5,7.836
98.51,7.836
98.52,7.836
98.53,7.836
98.54,7.836
98.55,7.837
98.56,7.837
98.57,7.837
98.58,7.837
98.59,7.837
98.6,7.836
98.61,7.836
98.62,7.835
98.63,7.835
98.64,7.835
98.65,7.835
98.66,7.835
98.67,7.835
98.68,7.835
98.69,7.835
98.7,7.835
98.71,7.835
98.72,7.835
98.73,7.835
98.74,7.835
98.75,7.835
98.76,7.836
98.77,7.836
98.78,7.836
98.79,7.836
98.8,7.836
98.81,7.836
98.82,7.836
98.83,7.836
98.84,7.836
98.85,7.836
98.86,7.836
98.87,7.836
98.88,7.835
98.89,7.835
98.9,7.835
98.91,7.835
98.92,7.835
98.93,7.835
98.94,7.835
98.95,7.835
98.96,7.835
98.97,7.835
98.98,7.835
98.99,7.834
99,7.834
99.01,7.834
99.02,7.834
99.03,7.834
99.04,7.834
99.05,7.834
99.06,7.833
99.07,7.833
99.08,7.833
99.09,7.833
99.1,7.834
99.11,7.835
99.12,7.835
99.13,7.836
99.14,7.836
99.15,7.836
99.16,7.836
99.17,7.836
99.18,7.836
99.19,7.836
99.2,7.836
99.21,7.836
99.22,7.836
99.23,7.836
99.24,7.836
99.25,7.837
99.26,7.839
99.27,7.841
99.28,7.844
99.29,7.845
99.3,7.845
99.31,7.847
99.32,7.848
99.33,7.849
99.34,7.850
99.35,7.851
99.36,7.852
99.37,7.853
99.38,7.854
99.39,7.854
99.4,7.856
99.41,7.857
99.42,7.858
99.43,7.859
99.44,7.859
99.45,7.860
99.46,7.862
99.47,7.863
99.48,7.864
99.49,7.864
99.5,7.864
99.51,7.864
99.52,7.865
99.53,7.865
99.54,7.865
99.55,7.865
99.56,7.865
99.57,7.867
99.58,7.869
99.59,7.869
99.6,7.869
99.61,7.869
99.62,7.870
99.63,7.870
99.64,7.870
99.65,7.870
99.66,7.870
99.67,7.870
99.68,7.870
99.69,7.871
99.7,7.871
99.71,7.871
99.72,7.871
99.73,7.871
99.74,7.871
99.75,7.872
99.76,7.872
99.77,7.872
99.78,7.872
99.79,7.872
99.8,7.872
99.81,7.872
99.82,7.872
99.83,7.872
99.84,7.872
99.85,7.872
99.86,7.873
99.87,7.873
99.88,7.873
99.89,7.873
99.9,7.873
99.91,7.873
99.92,7.873
99.93,7.872
99.94,7.872
99.95,7.871
99.96,7.869
99.97,7.869
99.98,7.869
99.99,7.868
100,7.867
100.01,7.866
100.02,7.866
100.03,7.865
100.04,7.865
100.05,7.864
100.06,7.864
100.07,7.864
100.08,7.864
100.09,7.863
100.1,7.863
100.11,7.863
100.12,7.863
100.13,7.863
100.14,7.862
100.15,7.862
100.16,7.862
100.17,7.861
100.18,7.860
100.19,7.859
100.2,7.858
100.21,7.858
100.22,7.857
100.23,7.856
100.24,7.856
100.25,7.855
100.26,7.854
100.27,7.854
100.28,7.854
100.29,7.854
100.3,7.854
100.31,7.854
100.32,7.853
100.33,7.853
100.34,7.853
100.35,7.854
100.36,7.854
100.37,7.853
100.38,7.854
100.39,7.854
100.4,7.854
100.41,7.854
100.42,7.854
100.43,7.854
100.44,7.853
100.45,7.852
100.46,7.853
100.47,7.855
100.48,7.856
100.49,7.856
100.5,7.856
100.51,7.856
100.52,7.855
100.53,7.855
100.54,7.856
100.55,7.856
100.56,7.856
100.57,7.857
100.58,7.857
100.59,7.857
100.6,7.857
100.61,7.858
100.62,7.858
100.63,7.858
100.64,7.859
100.65,7.859
100.66,7.859
100.67,7.859
100.68,7.859
100.69,7.860
100.7,7.860
100.71,7.860
100.72,7.860
100.73,7.860
100.74,7.861
100.75,7.862
100.76,7.863
100.77,7.865
100.78,7.866
100.79,7.866
100.8,7.866
100.81,7.866
100.82,7.866
100.83,7.866
100.84,7.867
100.85,7.867
100.86,7.868
100.87,7.869
100.88,7.869
100.89,7.871
100.9,7.873
100.91,7.874
100.92,7.874
100.93,7.874
100.94,7.874
100.95,7.874
100.96,7.874
100.97,7.874
100.98,7.874
100.99,7.874
101,7.874
101.01,7.873
101.02,7.874
101.03,7.874
101.04,7.874
101.05,7.874
101.06,7.874
101.07,7.874
101.08,7.874
101.09,7.875
101.1,7.874
101.11,7.874
101.12,7.874
101.13,7.873
101.14,7.872
101.15,7.872
101.16,7.871
101.17,7.870
101.18,7.870
101.19,7.869
101.2,7.868
101.21,7.867
101.22,7.867
101.23,7.866
101.24,7.865
101.25,7.865
101.26,7.865
101.27,7.865
101.28,7.865
101.29,7.865
101.3,7.866
101.31,7.866
101.32,7.867
101.33,7.867
101.34,7.867
101.35,7.867
101.36,7.867
101.37,7.867
101.38,7.867
101.39,7.868
101.4,7.868
101.41,7.869
101.42,7.869
101.43,7.870
101.44,7.871
101.45,7.871
101.46,7.872
101.47,7.873
101.48,7.873
101.49,7.874
101.5,7.873
101.51,7.874
101.52,7.874
101.53,7.874
101.54,7.874
101.55,7.874
101.56,7.874
101.57,7.874
101.58,7.874
101.59,7.875
101.6,7.875
101.61,7.875
101.62,7.875
101.63,7.876
101.64,7.876
101.65,7.876
101.66,7.877
101.67,7.878
101.68,7.880
101.69,7.882
101.7,7.882
101.71,7.884
101.72,7.884
101.73,7.884
101.74,7.885
101.75,7.885
101.76,7.887
101.77,7.888
101.78,7.890
101.79,7.890
101.8,7.888
101.81,7.889
101.82,7.889
101.83,7.889
101.84,7.889
101.85,7.889
101.86,7.889
101.87,7.890
101.88,7.890
101.89,7.890
101.9,7.890
101.91,7.890
101.92,7.890
101.93,7.890
101.94,7.890
101.95,7.890
101.96,7.890
101.97,7.891
101.98,7.890
101.99,7.891
102,7.891
102.01,7.891
102.02,7.891
102.03,7.891
102.04,7.893
102.05,7.895
102.06,7.894
102.07,7.894
102.08,7.895
102.09,7.895
102.1,7.898
102.11,7.900
102.12,7.900
102.13,7.901
102.14,7.902
102.15,7.903
102.16,7.903
102.17,7.904
102.18,7.905
102.19,7.905
102.2,7.905
102.21,7.905
102.22,7.906
102.23,7.908
102.24,7.909
102.25,7.911
102.26,7.911
102.27,7.911
102.28,7.910
102.29,7.909
102.3,7.909
102.31,7.908
102.32,7.908
102.33,7.907
102.34,7.907
102.35,7.906
102.36,7.905
102.37,7.905
102.38,7.904
102.39,7.903
102.4,7.902
102.41,7.901
102.42,7.901
102.43,7.900
102.44,7.899
102.45,7.899
102.46,7.898
102.47,7.898
102.48,7.897
102.49,7.897
102.5,7.896
102.51,7.895
102.52,7.894
102.53,7.894
102.54,7.892
102.55,7.891
102.56,7.891
102.57,7.890
102.58,7.889
102.59,7.890
102.6,7.890
102.61,7.890
102.62,7.890
102.63,7.890
102.64,7.890
102.65,7.890
102.66,7.890
102.67,7.890
102.68,7.890
102.69,7.890
102.7,7.890
102.71,7.890
102.72,7.890
102.73,7.890
102.74,7.891
102.75,7.891
102.76,7.891
102.77,7.891
102.78,7.892
102.79,7.892
102.8,7.892
102.81,7.893
102.82,7.893
102.83,7.893
102.84,7.893
102.85,7.894
102.86,7.894
102.87,7.894
102.88,7.894
102.89,7.894
102.9,7.894
102.91,7.894
102.92,7.895
102.93,7.895
102.94,7.896
102.95,7.896
102.96,7.896
102.97,7.896
102.98,7.896
102.99,7.896
103,7.898
103.01,7.899
103.02,7.899
103.03,7.900
103.04,7.900
103.05,7.900
103.06,7.900
103.07,7.900
103.08,7.900
103.09,7.902
103.1,7.903
103.11,7.905
103.12,7.906
103.13,7.908
103.14,7.909
103.15,7.910
103.16,7.911
103.17,7.910
103.18,7.909
103.19,7.909
103.2,7.910
103.21,7.911
103.22,7.911
103.23,7.912
103.24,7.913
103.25,7.913
103.26,7.912
103.27,7.912
103.28,7.913
103.29,7.915
103.3,7.915
103.31,7.916
103.32,7.917
103.33,7.917
103.34,7.918
103.35,7.919
103.36,7.919
103.37,7.920
103.38,7.921
103.39,7.921
103.4,7.922
103.41,7.923
103.42,7.924
103.43,7.924
103.44,7.925
103.45,7.925
103.46,7.927
103.47,7.929
103.48,7.931
103.49,7.934
103.5,7.934
103.51,7.935
103.52,7.935
103.53,7.935
103.54,7.935
103.55,7.935
103.56,7.935
103.57,7.935
103.58,7.935
103.59,7.935
103.6,7.936
103.61,7.936
103.62,7.937
103.63,7.937
103.64,7.937
103.65,7.938
103.66,7.937
103.67,7.938
103.68,7.937
103.69,7.937
103.7,7.937
103.71,7.937
103.72,7.937
103.73,7.937
103.74,7.937
103.75,7.937
103.76,7.937
103.77,7.936
103.78,7.936
103.79,7.936
103.8,7.936
103.81,7.937
103.82,7.935
103.83,7.934
103.84,7.933
103.85,7.931
103.86,7.931
103.87,7.932
103.88,7.932
103.89,7.931
103.9,7.929
103.91,7.928
103.92,7.927
103.93,7.927
103.94,7.927
103.95,7.927
103.96,7.927
103.97,7.928
103.98,7.928
103.99,7.928
104,7.929
104.01,7.929
104.02,7.929
104.03,7.930
104.04,7.930
104.05,7.930
104.06,7.930
104.07,7.930
104.08,7.930
104.09,7.930
104.1,7.929
104.11,7.928
104.12,7.928
104.13,7.927
104.14,7.926
104.15,7.925
104.16,7.925
104.17,7.925
104.18,7.924
104.19,7.924
104.2,7.923
104.21,7.923
104.22,7.922
104.23,7.922
104.24,7.921
104.25,7.921
104.26,7.920
104.27,7.920
104.28,7.919
104.29,7.919
104.3,7.919
104.31,7.919
104.32,7.920
104.33,7.920
104.34,7.920
104.35,7.920
104.36,7.920
104.37,7.920
104.38,7.920
104.39,7.920
104.4,7.921
104.41,7.921
104.42,7.921
104.43,7.919
104.44,7.919
104.45,7.919
104.46,7.919
104.47,7.919
104.48,7.919
104.49,7.919
104.5,7.919
104.51,7.919
104.52,7.920
104.53,7.920
104.54,7.920
104.55,7.921
104.56,7.921
104.57,7.921
104.58,7.921
104.59,7.921
104.6,7.921
104.61,7.921
104.62,7.921
104.63,7.921
104.64,7.921
104.65,7.921
104.66,7.921
104.67,7.921
104.68,7.921
104.69,7.921
104.7,7.921
104.71,7.921
104.72,7.921
104.73,7.921
104.74,7.921
104.75,7.921
104.76,7.921
104.77,7.921
104.78,7.921
104.79,7.921
104.8,7.921
104.81,7.921
104.82,7.920
104.83,7.920
104.84,7.920
104.85,7.920
104.86,7.920
104.87,7.920
104.88,7.920
104.89,7.920
104.9,7.920
104.91,7.920
104.92,7.920
104.93,7.920
104.94,7.920
104.95,7.921
104.96,7.922
104.97,7.923
104.98,7.924
104.99,7.925
105,7.925
105.01,7.926
105.02,7.927
105.03,7.927
105.04,7.926
105.05,7.925
105.06,7.925
105.07,7.924
105.08,7.924
105.09,7.923
105.1,7.923
105.11,7.922
105.12,7.923
105.13,7.924
105.14,7.925
105.15,7.925
105.16,7.924
105.17,7.923
105.18,7.923
105.19,7.924
105.2,7.925
105.21,7.925
105.22,7.926
105.23,7.927
105.24,7.928
105.25,7.929
105.26,7.930
105.27,7.931
105.28,7.932
105.29,7.933
105.3,7.934
105.31,7.935
105.32,7.936
105.33,7.935
105.34,7.934
105.35,7.933
105.36,7.932
105.37,7.931
105.38,7.930
105.39,7.931
105.4,7.931
105.41,7.932
105.42,7.932
105.43,7.933
105.44,7.935
105.45,7.936
105.46,7.935
105.47,7.935
105.48,7.934
105.49,7.933
105.5,7.934
105.51,7.935
105.52,7.935
105.53,7.934
105.54,7.933
105.55,7.933
105.56,7.933
105.57,7.933
105.58,7.932
105.59,7.932
105.6,7.932
105.61,7.932
105.62,7.932
105.63,7.932
105.64,7.932
105.65,7.932
105.66,7.932
105.67,7.932
105.68,7.932
105.69,7.932
105.7,7.932
105.71,7.932
105.72,7.932
105.73,7.932
105.74,7.933
105.75,7.933
105.76,7.933
105.77,7.933
105.78,7.933
105.79,7.933
105.8,7.933
105.81,7.933
105.82,7.933
105.83,7.934
105.84,7.934
105.85,7.934
105.86,7.934
105.87,7.934
105.88,7.935
105.89,7.935
105.9,7.935
105.91,7.935
105.92,7.935
105.93,7.935
105.94,7.936
105.95,7.936
105.96,7.936
105.97,7.936
105.98,7.937
105.99,7.937
106,7.937
106.01,7.937
106.02,7.937
106.03,7.937
106.04,7.938
106.05,7.939
106.06,7.940
106.07,7.940
106.08,7.941
106.09,7.942
106.1,7.943
106.11,7.944
106.12,7.945
106.13,7.945
106.14,7.946
106.15,7.947
106.16,7.948
106.17,7.949
106.18,7.950
106.19,7.951
106.2,7.952
106.21,7.953
106.22,7.954
106.23,7.954
106.24,7.955
106.25,7.956
106.26,7.956
106.27,7.956
106.28,7.957
106.29,7.957
106.3,7.958
106.31,7.958
106.32,7.958
106.33,7.959
106.34,7.960
106.35,7.961
106.36,7.961
106.37,7.962
106.38,7.963
106.39,7.963
106.4,7.964
106.41,7.964
106.42,7.965
106.43,7.965
106.44,7.965
106.45,7.965
106.46,7.965
106.47,7.965
106.48,7.965
106.49,7.964
106.5,7.964
106.51,7.964
106.52,7.964
106.53,7.964
106.54,7.964
106.55,7.964
106.56,7.964
106.57,7.964
106.58,7.964
106.59,7.964
106.6,7.964
106.61,7.964
106.62,7.964
106.63,7.964
106.64,7.964
106.65,7.963
106.66,7.963
106.67,7.963
106.68,7.963
106.69,7.963
106.7,7.963
106.71,7.963
106.72,7.962
106.73,7.962
106.74,7.962
106.75,7.962
106.76,7.962
106.77,7.962
106.78,7.961
106.79,7.962
106.8,7.963
106.81,7.961
106.82,7.959
106.83,7.958
106.84,7.956
106.85,7.955
106.86,7.955
106.87,7.955
106.88,7.954
106.89,7.952
106.9,7.951
106.91,7.950
106.92,7.950
106.93,7.950
106.94,7.950
106.95,7.950
106.96,7.949
106.97,7.947
106.98,7.948
106.99,7.948
107,7.948
107.01,7.948
107.02,7.948
107.03,7.948
107.04,7.948
107.05,7.948
107.06,7.948
107.07,7.949
107.08,7.949
107.09,7.948
107.1,7.947
107.11,7.946
107.12,7.946
107.13,7.946
107.14,7.945
107.15,7.945
107.16,7.944
107.17,7.943
107.18,7.943
107.19,7.942
107.2,7.942
107.21,7.941
107.22,7.940
107.23,7.940
107.24,7.939
107.25,7.939
107.26,7.938
107.27,7.938
107.28,7.938
107.29,7.938
107.3,7.938
107.31,7.939
107.32,7.940
107.33,7.940
107.34,7.941
107.35,7.942
107.36,7.943
107.37,7.944
107.38,7.945
107.39,7.946
107.4,7.947
107.41,7.948
107.42,7.949
107.43,7.949
107.44,7.949
107.45,7.948
107.46,7.948
107.47,7.948
107.48,7.949
107.49,7.949
107.5,7.949
107.51,7.950
107.52,7.950
107.53,7.950
107.54,7.951
107.55,7.951
107.56,7.951
107.57,7.952
107.58,7.952
107.59,7.952
107.6,7.952
107.61,7.952
107.62,7.952
107.63,7.952
107.64,7.953
107.65,7.953
107.66,7.953
107.67,7.953
107.68,7.953
107.69,7.953
107.7,7.953
107.71,7.953
107.72,7.953
107.73,7.954
107.74,7.953
107.75,7.953
107.76,7.953
107.77,7.953
107.78,7.954
107.79,7.954
107.8,7.953
107.81,7.953
107.82,7.952
107.83,7.952
107.84,7.952
107.85,7.952
107.86,7.950
107.87,7.949
107.88,7.949
107.89,7.950
107.9,7.950
107.91,7.950
107.92,7.950
107.93,7.950
107.94,7.950
107.95,7.950
107.96,7.950
107.97,7.950
107.98,7.951
107.99,7.950
108,7.951
108.01,7.951
108.02,7.951
108.03,7.951
108.04,7.951
108.05,7.951
108.06,7.951
108.07,7.952
108.08,7.952
108.09,7.953
108.1,7.954
108.11,7.954
108.12,7.955
108.13,7.956
108.14,7.956
108.15,7.957
108.16,7.958
108.17,7.958
108.18,7.959
108.19,7.960
108.2,7.960
108.21,7.961
108.22,7.962
108.23,7.962
108.24,7.963
108.25,7.964
108.26,7.964
108.27,7.965
108.28,7.966
108.29,7.966
108.3,7.966
108.31,7.966
108.32,7.966
108.33,7.966
108.34,7.966
108.35,7.966
108.36,7.966
108.37,7.966
108.38,7.966
108.39,7.966
108.4,7.966
108.41,7.966
108.42,7.966
108.43,7.967
108.44,7.967
108.45,7.967
108.46,7.967
108.47,7.967
108.48,7.967
108.49,7.968
108.5,7.967
108.51,7.966
108.52,7.966
108.53,7.967
108.54,7.967
108.55,7.967
108.56,7.967
108.57,7.968
108.58,7.968
108.59,7.968
108.6,7.968
108.61,7.969
108.62,7.969
108.63,7.969
108.64,7.969
108.65,7.969
108.66,7.970
108.67,7.970
108.68,7.969
108.69,7.968
108.7,7.968
108.71,7.968
108.72,7.969
108.73,7.969
108.74,7.969
108.75,7.969
108.76,7.970
108.77,7.970
108.78,7.970
108.79,7.971
108.8,7.971
108.81,7.971
108.82,7.972
108.83,7.974
108.84,7.975
108.85,7.977
108.86,7.976
108.87,7.976
108.88,7.976
108.89,7.978
108.9,7.979
108.91,7.981
108.92,7.982
108.93,7.982
108.94,7.982
108.95,7.982
108.96,7.982
108.97,7.982
108.98,7.982
108.99,7.981
109,7.981
109.01,7.981
109.02,7.981
109.03,7.981
109.04,7.980
109.05,7.980
109.06,7.980
109.07,7.980
109.08,7.980
109.09,7.980
109.1,7.981
109.11,7.981
109.12,7.981
109.13,7.982
109.14,7.983
109.15,7.982
109.16,7.982
109.17,7.982
109.18,7.983
109.19,7.982
109.2,7.982
109.21,7.983
109.22,7.983
109.23,7.983
109.24,7.983
109.25,7.983
109.26,7.982
109.27,7.981
109.28,7.981
109.29,7.981
109.3,7.980
109.31,7.979
109.32,7.978
109.33,7.978
109.34,7.977
109.35,7.976
109.36,7.976
109.37,7.975
109.38,7.975
109.39,7.974
109.4,7.974
109.41,7.973
109.42,7.973
109.43,7.974
109.44,7.973
109.45,7.973
109.46,7.972
109.47,7.971
109.48,7.971
109.49,7.970
109.5,7.969
109.51,7.967
109.52,7.965
109.53,7.963
109.54,7.961
109.55,7.959
109.56,7.957
109.57,7.957
109.58,7.957
109.59,7.956
109.6,7.955
109.61,7.953
109.62,7.954
109.63,7.954
109.64,7.954
109.65,7.954
109.66,7.955
109.67,7.954
109.68,7.954
109.69,7.954
109.7,7.954
109.71,7.955
109.72,7.955
109.73,7.955
109.74,7.955
109.75,7.955
109.76,7.955
109.77,7.955
109.78,7.955
109.79,7.956
109.8,7.956
109.81,7.956
109.82,7.957
109.83,7.957
109.84,7.957
109.85,7.957
109.86,7.957
109.87,7.957
109.88,7.956
109.89,7.956
109.9,7.956
109.91,7.956
109.92,7.956
109.93,7.957
109.94,7.958
109.95,7.958
109.96,7.958
109.97,7.959
109.98,7.959
109.99,7.959
110,7.959
110.01,7.959
110.02,7.959
110.03,7.960
110.04,7.961
110.05,7.961
110.06,7.960
110.07,7.960
110.08,7.961
110.09,7.962
110.1,7.963
110.11,7.965
110.12,7.965
110.13,7.965
110.14,7.965
110.15,7.966
110.16,7.968
110.17,7.970
110.18,7.971
110.19,7.971
110.2,7.971
110.21,7.971
110.22,7.971
110.23,7.971
110.24,7.971
110.25,7.971
110.26,7.971
110.27,7.971
110.28,7.971
110.29,7.971
110.3,7.971
110.31,7.971
110.32,7.971
110.33,7.973
110.34,7.975
110.35,7.977
110.36,7.978
110.37,7.980
110.38,7.981
110.39,7.980
110.4,7.980
110.41,7.980
110.42,7.980
110.43,7.979
110.44,7.979
110.45,7.978
110.46,7.979
110.47,7.979
110.48,7.979
110.49,7.979
110.5,7.979
110.51,7.979
110.52,7.979
110.53,7.981
110.54,7.982
110.55,7.983
110.56,7.983
110.57,7.983
110.58,7.984
110.59,7.984
110.6,7.984
110.61,7.984
110.62,7.985
110.63,7.985
110.64,7.985
110.65,7.985
110.66,7.985
110.67,7.985
110.68,7.985
110.69,7.985
110.7,7.986
110.71,7.986
110.72,7.986
110.73,7.986
110.74,7.986
110.75,7.986
110.76,7.986
110.77,7.986
110.78,7.986
110.79,7.987
110.8,7.987
110.81,7.987
110.82,7.987
110.83,7.987
110.84,7.987
110.85,7.987
110.86,7.988
110.87,7.988
110.88,7.989
110.89,7.988
110.9,7.987
110.91,7.986
110.92,7.986
110.93,7.986
110.94,7.987
110.95,7.988
110.96,7.987
110.97,7.986
110.98,7.985
110.99,7.984
111,7.985
111.01,7.985
111.02,7.986
111.03,7.987
111.04,7.987
111.05,7.987
111.06,7.987
111.07,7.987
111.08,7.987
111.09,7.987
111.1,7.986
111.11,7.986
111.12,7.986
111.13,7.986
111.14,7.986
111.15,7.986
111.16,7.986
111.17,7.986
111.18,7.986
111.19,7.986
111.2,7.985
111.21,7.985
111.22,7.984
111.23,7.984
111.24,7.984
111.25,7.984
111.26,7.984
111.27,7.983
111.28,7.983
111.29,7.983
111.3,7.983
111.31,7.983
111.32,7.983
111.33,7.983
111.34,7.983
111.35,7.982
111.36,7.982
111.37,7.982
111.38,7.982
111.39,7.982
111.4,7.982
111.41,7.981
111.42,7.982
111.43,7.982
111.44,7.982
111.45,7.982
111.46,7.982
111.47,7.983
111.48,7.983
111.49,7.984
111.5,7.985
111.51,7.985
111.52,7.985
111.53,7.986
111.54,7.986
111.55,7.986
111.56,7.985
111.57,7.984
111.58,7.983
111.59,7.981
111.6,7.982
111.61,7.982
111.62,7.982
111.63,7.981
111.64,7.980
111.65,7.979
111.66,7.978
111.67,7.978
111.68,7.978
111.69,7.979
111.7,7.979
111.71,7.979
111.72,7.980
111.73,7.980
111.74,7.980
111.75,7.980
111.76,7.980
111.77,7.981
111.78,7.982
111.79,7.982
111.8,7.983
111.81,7.985
111.82,7.987
111.83,7.989
111.84,7.991
111.85,7.992
111.86,7.992
111.87,7.992
111.88,7.994
111.89,7.995
111.9,7.996
111.91,7.998
111.92,7.997
111.93,7.995
111.94,7.995
111.95,7.995
111.96,7.997
111.97,7.997
111.98,7.996
111.99,7.995
112,7.995
112.01,7.996
112.02,7.996
112.03,7.996
112.04,7.996
112.05,7.996
112.06,7.996
112.07,7.996
112.08,7.997
112.09,7.996
112.1,7.997
112.11,7.997
112.12,7.997
112.13,7.997
112.14,7.997
112.15,7.997
112.16,7.997
112.17,7.997
112.18,7.997
112.19,7.997
112.2,7.997
112.21,7.997
112.22,7.997
112.23,7.997
112.24,7.997
112.25,7.997
112.26,7.997
112.27,7.996
112.28,7.994
112.29,7.992
112.3,7.990
112.31,7.987
112.32,7.986
112.33,7.985
112.34,7.984
112.35,7.983
112.36,7.982
112.37,7.981
112.38,7.980
112.39,7.980
112.4,7.980
112.41,7.980
112.42,7.980
112.43,7.980
112.44,7.981
112.45,7.982
112.46,7.984
112.47,7.984
112.48,7.985
112.49,7.985
112.5,7.986
112.51,7.986
112.52,7.987
112.53,7.987
112.54,7.988
112.55,7.989
112.56,7.989
112.57,7.990
112.58,7.991
112.59,7.991
112.6,7.991
112.61,7.991
112.62,7.992
112.63,7.993
112.64,7.993
112.65,7.993
112.66,7.993
112.67,7.993
112.68,7.993
112.69,7.992
112.7,7.991
112.71,7.989
112.72,7.989
112.73,7.987
112.74,7.986
112.75,7.985
112.76,7.985
112.77,7.985
112.78,7.985
112.79,7.985
112.8,7.985
112.81,7.985
112.82,7.986
112.83,7.986
112.84,7.987
112.85,7.987
112.86,7.988
112.87,7.990
112.88,7.990
112.89,7.990
112.9,7.991
112.91,7.991
112.92,7.990
112.93,7.991
112.94,7.991
112.95,7.991
112.96,7.992
112.97,7.992
112.98,7.992
112.99,7.992
113,7.992
113.01,7.992
113.02,7.992
113.03,7.992
113.04,7.992
113.05,7.992
113.06,7.992
113.07,7.991
113.08,7.989
113.09,7.987
113.1,7.985
113.11,7.983
113.12,7.982
113.13,7.982
113.14,7.981
113.15,7.980
113.16,7.979
113.17,7.977
113.18,7.976
113.19,7.976
113.2,7.976
113.21,7.976
113.22,7.976
113.23,7.976
113.24,7.976
113.25,7.976
113.26,7.977
113.27,7.976
113.28,7.976
113.29,7.976
113.3,7.976
113.31,7.976
113.32,7.976
113.33,7.976
113.34,7.976
113.35,7.976
113.36,7.976
113.37,7.976
113.38,7.976
113.39,7.976
113.4,7.976
113.41,7.976
113.42,7.976
113.43,7.976
113.44,7.976
113.45,7.975
113.46,7.975
113.47,7.975
113.48,7.975
113.49,7.975
113.5,7.976
113.51,7.975
113.52,7.974
113.53,7.975
113.54,7.975
113.55,7.976
113.56,7.976
113.57,7.977
113.58,7.978
113.59,7.978
113.6,7.978
113.61,7.977
113.62,7.976
113.63,7.976
113.64,7.975
113.65,7.974
113.66,7.974
113.67,7.974
113.68,7.976
113.69,7.978
113.7,7.979
113.71,7.978
113.72,7.977
113.73,7.978
113.74,7.979
113.75,7.980
113.76,7.980
113.77,7.981
113.78,7.982
113.79,7.982
113.8,7.983
113.81,7.984
113.82,7.985
113.83,7.986
113.84,7.987
113.85,7.987
113.86,7.988
113.87,7.989
113.88,7.990
113.89,7.991
113.9,7.992
113.91,7.993
113.92,7.993
113.93,7.994
113.94,7.995
113.95,7.996
113.96,7.997
113.97,7.998
113.98,7.999
113.99,8.000
114,8.001
114.01,8.002
114.02,8.003
114.03,8.004
114.04,8.005
114.05,8.005
114.06,8.007
114.07,8.008
114.08,8.009
114.09,8.010
114.1,8.011
114.11,8.012
114.12,8.013
114.13,8.014
114.14,8.014
114.15,8.015
114.16,8.016
114.17,8.017
114.18,8.018
114.19,8.018
114.2,8.019
114.21,8.019
114.22,8.020
114.23,8.020
114.24,8.021
114.25,8.022
114.26,8.024
114.27,8.026
114.28,8.027
114.29,8.027
114.3,8.028
114.31,8.029
114.32,8.029
114.33,8.030
114.34,8.031
114.35,8.031
114.36,8.032
114.37,8.032
114.38,8.033
114.39,8.034
114.4,8.034
114.41,8.035
114.42,8.035
114.43,8.036
114.44,8.036
114.45,8.037
114.46,8.036
114.47,8.035
114.48,8.036
114.49,8.038
114.5,8.040
114.51,8.042
114.52,8.044
114.53,8.046
114.54,8.049
114.55,8.050
114.56,8.051
114.57,8.052
114.58,8.053
114.59,8.053
114.6,8.056
114.61,8.058
114.62,8.058
114.63,8.058
114.64,8.059
114.65,8.059
114.66,8.060
114.67,8.060
114.68,8.061
114.69,8.061
114.7,8.062
114.71,8.061
114.72,8.060
114.73,8.061
114.74,8.062
114.75,8.062
114.76,8.063
114.77,8.064
114.78,8.064
114.79,8.065
114.8,8.065
114.81,8.066
114.82,8.067
114.83,8.068
114.84,8.068
114.85,8.068
114.86,8.069
114.87,8.070
114.88,8.071
114.89,8.072
114.9,8.073
114.91,8.074
114.92,8.075
114.93,8.076
114.94,8.076
114.95,8.076
114.96,8.076
114.97,8.076
114.98,8.076
114.99,8.077
115,8.077
115.01,8.077
115.02,8.076
115.03,8.076
115.04,8.076
115.05,8.077
115.06,8.078
115.07,8.079
115.08,8.079
115.09,8.079
115.1,8.079
115.11,8.078
115.12,8.078
115.13,8.077
115.14,8.077
115.15,8.076
115.16,8.076
115.17,8.075
115.18,8.075
115.19,8.074
115.2,8.073
115.21,8.073
115.22,8.073
115.23,8.072
115.24,8.071
115.25,8.071
115.26,8.070
115.27,8.070
115.28,8.070
115.29,8.069
115.3,8.068
115.31,8.067
115.32,8.067
115.33,8.066
115.34,8.066
115.35,8.065
115.36,8.064
115.37,8.064
115.38,8.065
115.39,8.065
115.4,8.065
115.41,8.065
115.42,8.065
115.43,8.065
115.44,8.066
115.45,8.067
115.46,8.068
115.47,8.068
115.48,8.069
115.49,8.070
115.5,8.071
115.51,8.071
115.52,8.072
115.53,8.073
115.54,8.074
115.55,8.074
115.56,8.073
115.57,8.072
115.58,8.071
115.59,8.071
115.6,8.072
115.61,8.072
115.62,8.073
115.63,8.073
115.64,8.074
115.65,8.075
115.66,8.075
115.67,8.076
115.68,8.076
115.69,8.077
115.7,8.077
115.71,8.078
115.72,8.078
115.73,8.079
115.74,8.079
115.75,8.080
115.76,8.080
115.77,8.081
115.78,8.081
115.79,8.081
115.8,8.082
115.81,8.082
115.82,8.083
115.83,8.083
115.84,8.084
115.85,8.084
115.86,8.084
115.87,8.084
115.88,8.084
115.89,8.085
115.9,8.086
115.91,8.088
115.92,8.089
115.93,8.089
115.94,8.089
115.95,8.089
115.96,8.090
115.97,8.091
115.98,8.093
115.99,8.095
116,8.095
116.01,8.095
116.02,8.095
116.03,8.095
116.04,8.095
116.05,8.095
116.06,8.095
116.07,8.095
116.08,8.095
116.09,8.095
116.1,8.095
116.11,8.095
116.12,8.096
116.13,8.096
116.14,8.096
116.15,8.096
116.16,8.096
116.17,8.096
116.18,8.097
116.19,8.097
116.2,8.097
116.21,8.098
116.22,8.098
116.23,8.097
116.24,8.096
116.25,8.096
116.26,8.096
116.27,8.096
116.28,8.097
116.29,8.097
116.3,8.097
116.31,8.097
116.32,8.096
116.33,8.095
116.34,8.095
116.35,8.095
116.36,8.095
116.37,8.096
116.38,8.096
116.39,8.096
116.4,8.096
116.41,8.096
116.42,8.096
116.43,8.096
116.44,8.096
116.45,8.096
116.46,8.096
116.47,8.096
116.48,8.096
116.49,8.096
116.5,8.096
116.51,8.097
116.52,8.098
116.53,8.099
116.54,8.099
116.55,8.100
116.56,8.102
116.57,8.104
116.58,8.106
116.59,8.109
116.6,8.109
116.61,8.110
116.62,8.111
116.63,8.112
116.64,8.114
116.65,8.117
116.66,8.119
116.67,8.119
116.68,8.120
116.69,8.121
116.7,8.121
116.71,8.122
116.72,8.123
116.73,8.123
116.74,8.124
116.75,8.124
116.76,8.125
116.77,8.126
116.78,8.126
116.79,8.127
116.8,8.127
116.81,8.128
116.82,8.129
116.83,8.129
116.84,8.129
116.85,8.130
116.86,8.130
116.87,8.131
116.88,8.131
116.89,8.132
116.9,8.133
116.91,8.133
116.92,8.135
116.93,8.137
116.94,8.137
116.95,8.138
116.96,8.138
116.97,8.138
116.98,8.139
116.99,8.140
117,8.140
117.01,8.141
117.02,8.141
117.03,8.140
117.04,8.139
117.05,8.138
117.06,8.139
117.07,8.138
117.08,8.138
117.09,8.138
117.1,8.139
117.11,8.139
117.12,8.139
117.13,8.138
117.14,8.137
117.15,8.136
117.16,8.137
117.17,8.137
117.18,8.138
117.19,8.138
117.2,8.139
117.21,8.140
117.22,8.141
117.23,8.141
117.24,8.142
117.25,8.143
117.26,8.144
117.27,8.145
117.28,8.148
117.29,8.151
117.3,8.153
117.31,8.156
117.32,8.157
117.33,8.158
117.34,8.158
117.35,8.157
117.36,8.156
117.37,8.156
117.38,8.155
117.39,8.155
117.4,8.156
117.41,8.156
117.42,8.156
117.43,8.155
117.44,8.154
117.45,8.152
117.46,8.153
117.47,8.153
117.48,8.152
117.49,8.151
117.5,8.151
117.51,8.150
117.52,8.150
117.53,8.149
117.54,8.149
117.55,8.148
117.56,8.148
117.57,8.146
117.58,8.144
117.59,8.142
117.6,8.141
117.61,8.141
117.62,8.141
117.63,8.140
117.64,8.139
117.65,8.138
117.66,8.136
117.67,8.135
117.68,8.135
117.69,8.137
117.7,8.138
117.71,8.139
117.72,8.140
117.73,8.141
117.74,8.143
117.75,8.144
117.76,8.143
117.77,8.143
117.78,8.142
117.79,8.142
117.8,8.142
117.81,8.142
117.82,8.142
117.83,8.141
117.84,8.141
117.85,8.141
117.86,8.142
117.87,8.142
117.88,8.141
117.89,8.141
117.9,8.141
117.91,8.141
117.92,8.141
117.93,8.141
117.94,8.141
117.95,8.141
117.96,8.140
117.97,8.140
117.98,8.140
117.99,8.140
118,8.140
118.01,8.140
118.02,8.140
118.03,8.139
118.04,8.139
118.05,8.139
118.06,8.139
118.07,8.139
118.08,8.140
118.09,8.142
118.1,8.143
118.11,8.144
118.12,8.144
118.13,8.144
118.14,8.144
118.15,8.144
118.16,8.144
118.17,8.145
118.18,8.144
118.19,8.142
118.2,8.140
118.21,8.139
118.22,8.137
118.23,8.136
118.24,8.134
118.25,8.134
118.26,8.134
118.27,8.134
118.28,8.134
118.29,8.134
118.3,8.134
118.31,8.134
118.32,8.134
118.33,8.134
118.34,8.135
118.35,8.135
118.36,8.135
118.37,8.135
118.38,8.135
118.39,8.135
118.4,8.135
118.41,8.135
118.42,8.135
118.43,8.136
118.44,8.136
118.45,8.136
118.46,8.136
118.47,8.136
118.48,8.136
118.49,8.136
118.5,8.137
118.51,8.138
118.52,8.140
118.53,8.138
118.54,8.137
118.55,8.137
118.56,8.137
118.57,8.138
118.58,8.138
118.59,8.136
118.6,8.136
118.61,8.136
118.62,8.138
118.63,8.139
118.64,8.141
118.65,8.142
118.66,8.144
118.67,8.144
118.68,8.144
118.69,8.144
118.7,8.144
118.71,8.145
118.72,8.147
118.73,8.147
118.74,8.147
118.75,8.147
118.76,8.147
118.77,8.147
118.78,8.147
118.79,8.147
118.8,8.147
118.81,8.147
118.82,8.147
118.83,8.147
118.84,8.147
118.85,8.147
118.86,8.147
118.87,8.147
118.88,8.147
118.89,8.147
118.9,8.147
118.91,8.148
118.92,8.148
118.93,8.148
118.94,8.148
118.95,8.148
118.96,8.148
118.97,8.148
118.98,8.148
118.99,8.148
119,8.148
119.01,8.148
119.02,8.148
119.03,8.148
119.04,8.148
119.05,8.148
119.06,8.148
119.07,8.148
119.08,8.148
119.09,8.148
119.1,8.148
119.11,8.148
119.12,8.148
119.13,8.148
119.14,8.148
119.15,8.147
119.16,8.147
119.17,8.147
119.18,8.147
119.19,8.147
119.2,8.147
119.21,8.147
119.22,8.147
119.23,8.147
119.24,8.147
119.25,8.147
119.26,8.147
119.27,8.147
119.28,8.146
119.29,8.146
119.3,8.146
119.31,8.146
119.32,8.146
119.33,8.144
119.34,8.143
119.35,8.143
119.36,8.143
119.37,8.144
119.38,8.142
119.39,8.141
119.4,8.139
119.41,8.138
119.42,8.138
119.43,8.138
119.44,8.138
119.45,8.138
119.46,8.140
119.47,8.141
119.48,8.141
119.49,8.141
119.5,8.141
119.51,8.142
119.52,8.142
119.53,8.142
119.54,8.142
119.55,8.144
119.56,8.146
119.57,8.146
119.58,8.146
119.59,8.146
119.6,8.147
119.61,8.147
119.62,8.147
119.63,8.147
119.64,8.148
119.65,8.148
119.66,8.148
119.67,8.148
119.68,8.148
119.69,8.149
119.7,8.149
119.71,8.150
119.72,8.152
119.73,8.152
119.74,8.152
119.75,8.152
119.76,8.152
119.77,8.152
119.78,8.152
119.79,8.153
119.8,8.153
119.81,8.153
119.82,8.153
119.83,8.152
119.84,8.150
119.85,8.150
119.86,8.150
119.87,8.150
119.88,8.151
119.89,8.150
119.9,8.150
119.91,8.150
119.92,8.150
119.93,8.150
119.94,8.151
119.95,8.152
119.96,8.152
119.97,8.153
119.98,8.154
119.99,8.155
120,8.155
120.01,8.156
120.02,8.158
120.03,8.159
120.04,8.160
120.05,8.161
120.06,8.162
120.07,8.162
120.08,8.161
120.09,8.162
120.1,8.163
120.11,8.163
120.12,8.164
120.13,8.165
120.14,8.165
120.15,8.166
120.16,8.166
120.17,8.167
120.18,8.168
120.19,8.169
120.2,8.169
120.21,8.170
120.22,8.171
120.23,8.170
120.24,8.169
120.25,8.168
120.26,8.167
120.27,8.166
120.28,8.165
120.29,8.166
120.3,8.167
120.31,8.167
120.32,8.168
120.33,8.168
120.34,8.169
120.35,8.170
120.36,8.170
120.37,8.171
120.38,8.171
120.39,8.172
120.4,8.172
120.41,8.173
120.42,8.173
120.43,8.173
120.44,8.173
120.45,8.173
120.46,8.173
120.47,8.172
120.48,8.172
120.49,8.172
120.5,8.172
120.51,8.171
120.52,8.169
120.53,8.168
120.54,8.167
120.55,8.166
120.56,8.166
120.57,8.166
120.58,8.167
120.59,8.167
120.6,8.167
120.61,8.166
120.62,8.165
120.63,8.165
120.64,8.164
120.65,8.163
120.66,8.163
120.67,8.162
120.68,8.160
120.69,8.159
120.7,8.158
120.71,8.158
120.72,8.157
120.73,8.157
120.74,8.156
120.75,8.156
120.76,8.155
120.77,8.154
120.78,8.154
120.79,8.153
120.8,8.153
120.81,8.153
120.82,8.152
120.83,8.152
120.84,8.152
120.85,8.151
120.86,8.151
120.87,8.151
120.88,8.150
120.89,8.150
120.9,8.149
120.91,8.149
120.92,8.149
120.93,8.148
120.94,8.148
120.95,8.147
120.96,8.147
120.97,8.146
120.98,8.146
120.99,8.145
121,8.144
121.01,8.143
121.02,8.143
121.03,8.142
121.04,8.142
121.05,8.141
121.06,8.140
121.07,8.140
121.08,8.139
121.09,8.139
121.1,8.138
121.11,8.138
121.12,8.137
121.13,8.136
121.14,8.136
121.15,8.135
121.16,8.135
121.17,8.134
121.18,8.133
121.19,8.133
121.2,8.132
121.21,8.131
121.22,8.131
121.23,8.132
121.24,8.132
121.25,8.131
121.26,8.131
121.27,8.131
121.28,8.131
121.29,8.131
121.3,8.131
121.31,8.131
121.32,8.133
121.33,8.134
121.34,8.134
121.35,8.134
121.36,8.134
121.37,8.135
121.38,8.135
121.39,8.135
121.4,8.135
121.41,8.135
121.42,8.135
121.43,8.133
121.44,8.132
121.45,8.132
121.46,8.132
121.47,8.132
121.48,8.132
121.49,8.132
121.5,8.132
121.51,8.132
121.52,8.132
121.53,8.132
121.54,8.132
121.55,8.131
121.56,8.131
121.57,8.131
121.58,8.131
121.59,8.131
121.6,8.131
121.61,8.131
121.62,8.131
121.63,8.130
121.64,8.130
121.65,8.130
121.66,8.130
121.67,8.130
121.68,8.130
121.69,8.129
121.7,8.129
121.71,8.129
121.72,8.129
121.73,8.129
121.74,8.129
121.75,8.129
121.76,8.129
121.77,8.129
121.78,8.129
121.79,8.129
121.8,8.129
121.81,8.128
121.82,8.128
121.83,8.129
121.84,8.129
121.85,8.129
121.86,8.129
121.87,8.129
121.88,8.129
121.89,8.129
121.9,8.129
121.91,8.129
121.92,8.130
121.93,8.130
121.94,8.130
121.95,8.130
121.96,8.131
121.97,8.132
121.98,8.132
121.99,8.131
122,8.130
122.01,8.129
122.02,8.129
122.03,8.131
122.04,8.132
122.05,8.133
122.06,8.131
122.07,8.133
122.08,8.133
122.09,8.134
122.1,8.134
122.11,8.134
122.12,8.135
122.13,8.137
122.14,8.138
122.15,8.140
122.16,8.140
122.17,8.140
122.18,8.139
122.19,8.138
122.2,8.138
122.21,8.138
122.22,8.138
122.23,8.137
122.24,8.135
122.25,8.135
122.26,8.135
122.27,8.135
122.28,8.135
122.29,8.135
122.3,8.136
122.31,8.136
122.32,8.135
122.33,8.134
122.34,8.136
122.35,8.137
122.36,8.139
122.37,8.140
122.38,8.142
122.39,8.142
122.4,8.142
122.41,8.142
122.42,8.142
122.43,8.144
122.44,8.145
122.45,8.147
122.46,8.147
122.47,8.147
122.48,8.148
122.49,8.149
122.5,8.149
122.51,8.150
122.52,8.151
122.53,8.152
122.54,8.152
122.55,8.152
122.56,8.152
122.57,8.154
122.58,8.155
122.59,8.157
122.6,8.158
122.61,8.158
122.62,8.158
122.63,8.158
122.64,8.159
122.65,8.160
122.66,8.162
122.67,8.163
122.68,8.164
122.69,8.164
122.7,8.164
122.71,8.164
122.72,8.163
122.73,8.163
122.74,8.162
122.75,8.163
122.76,8.163
122.77,8.164
122.78,8.165
122.79,8.165
122.8,8.165
122.81,8.165
122.82,8.165
122.83,8.165
122.84,8.165
122.85,8.165
122.86,8.165
122.87,8.164
122.88,8.164
122.89,8.164
122.9,8.165
122.91,8.165
122.92,8.165
122.93,8.165
122.94,8.164
122.95,8.164
122.96,8.164
122.97,8.164
122.98,8.164
122.99,8.164
123,8.164
123.01,8.164
123.02,8.164
123.03,8.164
123.04,8.164
123.05,8.165
123.06,8.165
123.07,8.165
123.08,8.165
123.09,8.166
123.1,8.166
123.11,8.166
123.12,8.166
123.13,8.166
123.14,8.167
123.15,8.167
123.16,8.167
123.17,8.167
123.18,8.169
123.19,8.169
123.2,8.170
123.21,8.171
123.22,8.172
123.23,8.173
123.24,8.174
123.25,8.172
123.26,8.171
123.27,8.170
123.28,8.170
123.29,8.169
123.3,8.168
123.31,8.167
123.32,8.166
123.33,8.165
123.34,8.164
123.35,8.162
123.36,8.162
123.37,8.161
123.38,8.161
123.39,8.160
123.4,8.160
123.41,8.159
123.42,8.158
123.43,8.158
123.44,8.157
123.45,8.157
123.46,8.156
123.47,8.156
123.48,8.155
123.49,8.155
123.5,8.154
123.51,8.154
123.52,8.153
123.53,8.154
123.54,8.155
123.55,8.154
123.56,8.154
123.57,8.154
123.58,8.153
123.59,8.154
123.6,8.154
123.61,8.155
123.62,8.155
123.63,8.154
123.64,8.154
123.65,8.153
123.66,8.152
123.67,8.152
123.68,8.151
123.69,8.151
123.7,8.150
123.71,8.149
123.72,8.149
123.73,8.148
123.74,8.147
123.75,8.145
123.76,8.143
123.77,8.143
123.78,8.142
123.79,8.141
123.8,8.141
123.81,8.140
123.82,8.139
123.83,8.139
123.84,8.138
123.85,8.137
123.86,8.137
123.87,8.136
123.88,8.135
123.89,8.135
123.9,8.134
123.91,8.133
123.92,8.133
123.93,8.132
123.94,8.131
123.95,8.130
123.96,8.130
123.97,8.129
123.98,8.128
123.99,8.127
124,8.127
124.01,8.126
124.02,8.125
124.03,8.124
124.04,8.124
124.05,8.121
124.06,8.119
124.07,8.118
124.08,8.116
124.09,8.116
124.1,8.116
124.11,8.116
124.12,8.115
124.13,8.114
124.14,8.112
124.15,8.111
124.16,8.111
124.17,8.111
124.18,8.111
124.19,8.111
124.2,8.111
124.21,8.111
124.22,8.111
124.23,8.111
124.24,8.111
124.25,8.111
124.26,8.111
124.27,8.111
124.28,8.111
124.29,8.111
124.3,8.112
124.31,8.112
124.32,8.112
124.33,8.114
124.34,8.115
124.35,8.115
124.36,8.115
124.37,8.115
124.38,8.117
124.39,8.118
124.4,8.120
124.41,8.120
124.42,8.119
124.43,8.117
124.44,8.116
124.45,8.117
124.46,8.117
124.47,8.117
124.48,8.117
124.49,8.117
124.5,8.117
124.51,8.117
124.52,8.117
124.53,8.117
124.54,8.118
124.55,8.118
124.56,8.118
124.57,8.118
124.58,8.118
124.59,8.118
124.6,8.118
124.61,8.118
124.62,8.118
124.63,8.117
124.64,8.115
124.65,8.114
124.66,8.113
124.67,8.113
124.68,8.113
124.69,8.113
124.7,8.112
124.71,8.110
124.72,8.109
124.73,8.108
124.74,8.108
124.75,8.108
124.76,8.108
124.77,8.108
124.78,8.108
124.79,8.108
124.8,8.108
124.81,8.107
124.82,8.107
124.83,8.107
124.84,8.109
124.85,8.110
124.86,8.109
124.87,8.108
124.88,8.107
124.89,8.107
124.9,8.106
124.91,8.106
124.92,8.105
124.93,8.104
124.94,8.104
124.95,8.103
124.96,8.102
124.97,8.102
124.98,8.101
124.99,8.101
125,8.100
125.01,8.100
125.02,8.099
125.03,8.098
125.04,8.097
125.05,8.097
125.06,8.096
125.07,8.097
125.08,8.098
125.09,8.097
125.1,8.096
125.11,8.096
125.12,8.095
125.13,8.095
125.14,8.094
125.15,8.093
125.16,8.092
125.17,8.092
125.18,8.091
125.19,8.090
125.2,8.089
125.21,8.089
125.22,8.088
125.23,8.089
125.24,8.089
125.25,8.090
125.26,8.091
125.27,8.091
125.28,8.092
125.29,8.092
125.3,8.091
125.31,8.090
125.32,8.089
125.33,8.088
125.34,8.087
125.35,8.087
125.36,8.087
125.37,8.087
125.38,8.087
125.39,8.087
125.4,8.087
125.41,8.087
125.42,8.087
125.43,8.087
125.44,8.087
125.45,8.087
125.46,8.087
125.47,8.087
125.48,8.087
125.49,8.087
125.5,8.088
125.51,8.089
125.52,8.090
125.53,8.092
125.54,8.093
125.55,8.094
125.56,8.096
125.57,8.097
125.58,8.098
125.59,8.098
125.6,8.098
125.61,8.097
125.62,8.098
125.63,8.099
125.64,8.100
125.65,8.100
125.66,8.101
125.67,8.102
125.68,8.104
125.69,8.106
125.7,8.107
125.71,8.108
125.72,8.108
125.73,8.109
125.74,8.110
125.75,8.110
125.76,8.110
125.77,8.109
125.78,8.109
125.79,8.108
125.8,8.109
125.81,8.109
125.82,8.110
125.83,8.111
125.84,8.111
125.85,8.112
125.86,8.113
125.87,8.113
125.88,8.114
125.89,8.115
125.9,8.115
125.91,8.116
125.92,8.116
125.93,8.117
125.94,8.117
125.95,8.116
125.96,8.117
125.97,8.117
125.98,8.118
125.99,8.118
126,8.119
126.01,8.119
126.02,8.119
126.03,8.120
126.04,8.120
126.05,8.120
126.06,8.120
126.07,8.119
126.08,8.118
126.09,8.119
126.1,8.120
126.11,8.121
126.12,8.121
126.13,8.122
126.14,8.122
126.15,8.123
126.16,8.123
126.17,8.124
126.18,8.125
126.19,8.126
126.2,8.126
126.21,8.127
126.22,8.128
126.23,8.128
126.24,8.129
126.25,8.130
126.26,8.131
126.27,8.131
126.28,8.130
126.29,8.130
126.3,8.130
126.31,8.130
126.32,8.130
126.33,8.130
126.34,8.130
126.35,8.130
126.36,8.129
126.37,8.128
126.38,8.127
126.39,8.127
126.4,8.126
126.41,8.125
126.42,8.124
126.43,8.125
126.44,8.126
126.45,8.125
126.46,8.124
126.47,8.123
126.48,8.123
126.49,8.122
126.5,8.121
126.51,8.120
126.52,8.119
126.53,8.118
126.54,8.118
126.55,8.117
126.56,8.116
126.57,8.116
126.58,8.115
126.59,8.114
126.6,8.113
126.61,8.113
126.62,8.112
126.63,8.111
126.64,8.111
126.65,8.109
126.66,8.108
126.67,8.107
126.68,8.107
126.69,8.107
126.7,8.106
126.71,8.106
126.72,8.105
126.73,8.104
126.74,8.102
126.75,8.100
126.76,8.098
126.77,8.098
126.78,8.097
126.79,8.097
126.8,8.096
126.81,8.096
126.82,8.095
126.83,8.095
126.84,8.094
126.85,8.094
126.86,8.093
126.87,8.092
126.88,8.092
126.89,8.091
126.9,8.091
126.91,8.090
126.92,8.090
126.93,8.089
126.94,8.089
126.95,8.088
126.96,8.088
126.97,8.087
126.98,8.088
126.99,8.089
127,8.090
127.01,8.091
127.02,8.091
127.03,8.091
127.04,8.091
127.05,8.093
127.06,8.094
127.07,8.094
127.08,8.094
127.09,8.094
127.1,8.094
127.11,8.094
127.12,8.095
127.13,8.095
127.14,8.095
127.15,8.095
127.16,8.095
127.17,8.096
127.18,8.097
127.19,8.099
127.2,8.099
127.21,8.099
127.22,8.099
127.23,8.101
127.24,8.102
127.25,8.103
127.26,8.103
127.27,8.103
127.28,8.103
127.29,8.103
127.3,8.103
127.31,8.104
127.32,8.104
127.33,8.106
127.34,8.106
127.35,8.107
127.36,8.107
127.37,8.107
127.38,8.107
127.39,8.107
127.4,8.107
127.41,8.107
127.42,8.108
127.43,8.107
127.44,8.108
127.45,8.108
127.46,8.108
127.47,8.108
127.48,8.108
127.49,8.108
127.5,8.108
127.51,8.108
127.52,8.108
127.53,8.108
127.54,8.107
127.55,8.107
127.56,8.107
127.57,8.107
127.58,8.107
127.59,8.107
127.6,8.107
127.61,8.107
127.62,8.107
127.63,8.107
127.64,8.107
127.65,8.107
127.66,8.107
127.67,8.107
127.68,8.107
127.69,8.106
127.7,8.106
127.71,8.106
127.72,8.107
127.73,8.107
127.74,8.108
127.75,8.108
127.76,8.108
127.77,8.108
127.78,8.109
127.79,8.109
127.8,8.109
127.81,8.110
127.82,8.110
127.83,8.111
127.84,8.111
127.85,8.111
127.86,8.111
127.87,8.112
127.88,8.111
127.89,8.112
127.9,8.111
127.91,8.111
127.92,8.111
127.93,8.112
127.94,8.112
127.95,8.112
127.96,8.113
127.97,8.113
127.98,8.113
127.99,8.114
128,8.114
128.01,8.115
128.02,8.115
128.03,8.115
128.04,8.115
128.05,8.115
128.06,8.115
128.07,8.115
128.08,8.115
128.09,8.115
128.1,8.116
128.11,8.116
128.12,8.116
128.13,8.117
128.14,8.117
128.15,8.117
128.16,8.117
128.17,8.118
128.18,8.118
128.19,8.120
128.2,8.120
128.21,8.120
128.22,8.120
128.23,8.120
128.24,8.120
128.25,8.121
128.26,8.122
128.27,8.122
128.28,8.123
128.29,8.123
128.3,8.124
128.31,8.125
128.32,8.125
128.33,8.126
128.34,8.126
128.35,8.128
128.36,8.128
128.37,8.128
128.38,8.129
128.39,8.130
128.4,8.131
128.41,8.132
128.42,8.132
128.43,8.133
128.44,8.134
128.45,8.135
128.46,8.135
128.47,8.136
128.48,8.137
128.49,8.138
128.5,8.138
128.51,8.139
128.52,8.140
128.53,8.141
128.54,8.142
128.55,8.142
128.56,8.141
128.57,8.141
128.58,8.141
128.59,8.141
128.6,8.142
128.61,8.142
128.62,8.142
128.63,8.142
128.64,8.142
128.65,8.143
128.66,8.143
128.67,8.143
128.68,8.143
128.69,8.143
128.7,8.143
128.71,8.143
128.72,8.143
128.73,8.143
128.74,8.143
128.75,8.144
128.76,8.145
128.77,8.144
128.78,8.144
128.79,8.143
128.8,8.143
128.81,8.142
128.82,8.142
128.83,8.142
128.84,8.142
128.85,8.142
128.86,8.142
128.87,8.142
128.88,8.143
128.89,8.142
128.9,8.142
128.91,8.142
128.92,8.142
128.93,8.142
128.94,8.143
128.95,8.143
128.96,8.143
128.97,8.143
128.98,8.143
128.99,8.143
129,8.143
129.01,8.143
129.02,8.143
129.03,8.144
129.04,8.144
129.05,8.146
129.06,8.148
129.07,8.150
129.08,8.153
129.09,8.153
129.1,8.153
129.11,8.153
129.12,8.154
129.13,8.156
129.14,8.157
129.15,8.159
129.16,8.160
129.17,8.160
129.18,8.160
129.19,8.161
129.2,8.161
129.21,8.161
129.22,8.162
129.23,8.162
129.24,8.163
129.25,8.163
129.26,8.163
129.27,8.163
129.28,8.164
129.29,8.164
129.3,8.164
129.31,8.165
129.32,8.165
129.33,8.165
129.34,8.165
129.35,8.165
129.36,8.165
129.37,8.166
129.38,8.166
129.39,8.166
129.4,8.166
129.41,8.167
129.42,8.169
129.43,8.170
129.44,8.172
129.45,8.172
129.46,8.173
129.47,8.173
129.48,8.173
129.49,8.172
129.5,8.172
129.51,8.171
129.52,8.171
129.53,8.170
129.54,8.170
129.55,8.169
129.56,8.169
129.57,8.168
129.58,8.168
129.59,8.167
129.6,8.167
129.61,8.166
129.62,8.166
129.63,8.167
129.64,8.168
129.65,8.169
129.66,8.169
129.67,8.168
129.68,8.168
129.69,8.167
129.7,8.168
129.71,8.169
129.72,8.170
129.73,8.171
129.74,8.171
129.75,8.170
129.76,8.170
129.77,8.170
129.78,8.168
129.79,8.167
129.8,8.167
129.81,8.167
129.82,8.167
129.83,8.166
129.84,8.166
129.85,8.166
129.86,8.167
129.87,8.167
129.88,8.167
129.89,8.167
129.9,8.167
129.91,8.167
129.92,8.167
129.93,8.167
129.94,8.167
129.95,8.167
129.96,8.167
129.97,8.167
129.98,8.167
129.99,8.167
130,8.167
130.01,8.167
130.02,8.167
130.03,8.167
130.04,8.168
130.05,8.168
130.06,8.168
130.07,8.169
130.08,8.169
130.09,8.170
130.1,8.171
130.11,8.172
130.12,8.172
130.13,8.173
130.14,8.174
130.15,8.175
130.16,8.175
130.17,8.177
130.18,8.177
130.19,8.178
130.2,8.179
130.21,8.180
130.22,8.181
130.23,8.182
130.24,8.183
130.25,8.184
130.26,8.185
130.27,8.186
130.28,8.187
130.29,8.188
130.3,8.188
130.31,8.189
130.32,8.191
130.33,8.192
130.34,8.193
130.35,8.194
130.36,8.194
130.37,8.194
130.38,8.195
130.39,8.195
130.4,8.196
130.41,8.196
130.42,8.196
130.43,8.197
130.44,8.197
130.45,8.197
130.46,8.197
130.47,8.198
130.48,8.198
130.49,8.198
130.5,8.198
130.51,8.197
130.52,8.197
130.53,8.196
130.54,8.196
130.55,8.195
130.56,8.195
130.57,8.195
130.58,8.194
130.59,8.194
130.6,8.195
130.61,8.196
130.62,8.195
130.63,8.195
130.64,8.194
130.65,8.194
130.66,8.193
130.67,8.193
130.68,8.192
130.69,8.192
130.7,8.191
130.71,8.191
130.72,8.190
130.73,8.190
130.74,8.189
130.75,8.189
130.76,8.190
130.77,8.191
130.78,8.192
130.79,8.193
130.8,8.192
130.81,8.192
130.82,8.191
130.83,8.191
130.84,8.190
130.85,8.190
130.86,8.189
130.87,8.189
130.88,8.188
130.89,8.188
130.9,8.188
130.91,8.187
130.92,8.187
130.93,8.186
130.94,8.187
130.95,8.188
130.96,8.187
130.97,8.187
130.98,8.186
130.99,8.186
131,8.186
131.01,8.186
131.02,8.185
131.03,8.185
131.04,8.185
131.05,8.185
131.06,8.185
131.07,8.186
131.08,8.188
131.09,8.188
131.1,8.188
131.11,8.188
131.12,8.188
131.13,8.188
131.14,8.188
131.15,8.188
131.16,8.189
131.17,8.188
131.18,8.188
131.19,8.187
131.2,8.187
131.21,8.186
131.22,8.186
131.23,8.185
131.24,8.184
131.25,8.184
131.26,8.183
131.27,8.183
131.28,8.183
131.29,8.182
131.3,8.181
131.31,8.181
131.32,8.180
131.33,8.180
131.34,8.179
131.35,8.179
131.36,8.179
131.37,8.180
131.38,8.180
131.39,8.180
131.4,8.180
131.41,8.180
131.42,8.181
131.43,8.181
131.44,8.182
131.45,8.182
131.46,8.182
131.47,8.182
131.48,8.182
131.49,8.182
131.5,8.182
131.51,8.183
131.52,8.182
131.53,8.182
131.54,8.182
131.55,8.182
131.56,8.182
131.57,8.183
131.58,8.183
131.59,8.183
131.6,8.184
131.61,8.184
131.62,8.184
131.63,8.185
131.64,8.185
131.65,8.187
131.66,8.188
131.67,8.188
131.68,8.188
131.69,8.188
131.7,8.188
131.71,8.189
131.72,8.189
131.73,8.189
131.74,8.191
131.75,8.193
131.76,8.194
131.77,8.194
131.78,8.195
131.79,8.195
131.8,8.195
131.81,8.196
131.82,8.196
131.83,8.196
131.84,8.196
131.85,8.196
131.86,8.197
131.87,8.197
131.88,8.197
131.89,8.197
131.9,8.197
131.91,8.197
131.92,8.198
131.93,8.198
131.94,8.198
131.95,8.198
131.96,8.198
131.97,8.198
131.98,8.198
131.99,8.198
132,8.199
132.01,8.198
132.02,8.198
132.03,8.197
132.04,8.196
132.05,8.196
132.06,8.196
132.07,8.195
132.08,8.195
132.09,8.195
132.1,8.195
132.11,8.195
132.12,8.195
132.13,8.195
132.14,8.195
132.15,8.195
132.16,8.195
132.17,8.195
132.18,8.195
132.19,8.195
132.2,8.195
132.21,8.195
132.22,8.195
132.23,8.195
132.24,8.195
132.25,8.195
132.26,8.195
132.27,8.195
132.28,8.195
132.29,8.195
132.3,8.195
132.31,8.195
132.32,8.195
132.33,8.195
132.34,8.194
132.35,8.194
132.36,8.194
132.37,8.194
132.38,8.194
132.39,8.194
132.4,8.193
132.41,8.193
132.42,8.193
132.43,8.193
132.44,8.193
132.45,8.193
132.46,8.193
132.47,8.192
132.48,8.192
132.49,8.191
132.5,8.190
132.51,8.189
132.52,8.189
132.53,8.188
132.54,8.189
132.55,8.188
132.56,8.188
132.57,8.188
132.58,8.188
132.59,8.189
132.6,8.189
132.61,8.189
132.62,8.189
132.63,8.189
132.64,8.190
132.65,8.190
132.66,8.190
132.67,8.190
132.68,8.189
132.69,8.190
132.7,8.190
132.71,8.191
132.72,8.191
132.73,8.191
132.74,8.191
132.75,8.192
132.76,8.192
132.77,8.191
132.78,8.191
132.79,8.191
132.8,8.191
132.81,8.192
132.82,8.192
132.83,8.192
132.84,8.192
132.85,8.193
132.86,8.193
132.87,8.193
132.88,8.194
132.89,8.194
132.9,8.194
132.91,8.195
132.92,8.195
132.93,8.195
132.94,8.195
132.95,8.195
132.96,8.196
132.97,8.196
132.98,8.196
132.99,8.195
133,8.195
133.01,8.196
133.02,8.196
133.03,8.198
133.04,8.199
133.05,8.199
133.06,8.200
133.07,8.201
133.08,8.202
133.09,8.203
133.1,8.203
133.11,8.204
133.12,8.205
133.13,8.205
133.14,8.206
133.15,8.206
133.16,8.207
133.17,8.208
133.18,8.209
133.19,8.210
133.2,8.210
133.21,8.211
133.22,8.212
133.23,8.212
133.24,8.213
133.25,8.214
133.26,8.215
133.27,8.216
133.28,8.216
133.29,8.217
133.3,8.217
133.31,8.218
133.32,8.219
133.33,8.220
133.34,8.220
133.35,8.221
133.36,8.221
133.37,8.222
133.38,8.222
133.39,8.222
133.4,8.222
133.41,8.222
133.42,8.222
133.43,8.222
133.44,8.222
133.45,8.222
133.46,8.221
133.47,8.221
133.48,8.220
133.49,8.219
133.5,8.218
133.51,8.217
133.52,8.216
133.53,8.216
133.54,8.215
133.55,8.215
133.56,8.215
133.57,8.215
133.58,8.215
133.59,8.214
133.6,8.214
133.61,8.214
133.62,8.214
133.63,8.214
133.64,8.214
133.65,8.214
133.66,8.214
133.67,8.214
133.68,8.214
133.69,8.214
133.7,8.214
133.71,8.214
133.72,8.214
133.73,8.214
133.74,8.214
133.75,8.215
133.76,8.216
133.77,8.216
133.78,8.217
133.79,8.217
133.8,8.218
133.81,8.218
133.82,8.218
133.83,8.218
133.84,8.219
133.85,8.219
133.86,8.219
133.87,8.219
133.88,8.219
133.89,8.219
133.9,8.220
133.91,8.221
133.92,8.220
133.93,8.220
133.94,8.220
133.95,8.220
133.96,8.220
133.97,8.220
133.98,8.221
133.99,8.221
134,8.221
134.01,8.222
134.02,8.222
134.03,8.222
134.04,8.222
134.05,8.222
134.06,8.221
134.07,8.220
134.08,8.219
134.09,8.219
134.1,8.218
134.11,8.217
134.12,8.217
134.13,8.217
134.14,8.216
134.15,8.215
134.16,8.214
134.17,8.214
134.18,8.213
134.19,8.212
134.2,8.212
134.21,8.212
134.22,8.212
134.23,8.211
134.24,8.211
134.25,8.210
134.26,8.210
134.27,8.210
134.28,8.210
134.29,8.209
134.3,8.208
134.31,8.208
134.32,8.209
134.33,8.208
134.34,8.209
134.35,8.209
134.36,8.209
134.37,8.209
134.38,8.209
134.39,8.209
134.4,8.209
134.41,8.209
134.42,8.210
134.43,8.210
134.44,8.209
134.45,8.209
134.46,8.209
134.47,8.209
134.48,8.209
134.49,8.209
134.5,8.209
134.51,8.209
134.52,8.209
134.53,8.209
134.54,8.209
134.55,8.209
134.56,8.209
134.57,8.209
134.58,8.209
134.59,8.209
134.6,8.208
134.61,8.208
134.62,8.208
134.63,8.208
134.64,8.209
134.65,8.209
134.66,8.208
134.67,8.208
134.68,8.209
134.69,8.208
134.7,8.208
134.71,8.208
134.72,8.208
134.73,8.207
134.74,8.207
134.75,8.207
134.76,8.206
134.77,8.205
134.78,8.206
134.79,8.206
134.8,8.206
134.81,8.206
134.82,8.206
134.83,8.206
134.84,8.206
134.85,8.206
134.86,8.206
134.87,8.206
134.88,8.205
134.89,8.206
134.9,8.205
134.91,8.205
134.92,8.206
134.93,8.206
134.94,8.206
134.95,8.206
134.96,8.206
134.97,8.206
134.98,8.206
134.99,8.206
135,8.207
135.01,8.207
135.02,8.207
135.03,8.207
135.04,8.208
135.05,8.208
135.06,8.209
135.07,8.209
135.08,8.209
135.09,8.209
135.1,8.209
135.11,8.209
135.12,8.210
135.13,8.210
135.14,8.210
135.15,8.210
135.16,8.209
135.17,8.208
135.18,8.207
135.19,8.207
135.2,8.206
135.21,8.206
135.22,8.205
135.23,8.205
135.24,8.204
135.25,8.203
135.26,8.203
135.27,8.202
135.28,8.202
135.29,8.201
135.3,8.201
135.31,8.200
135.32,8.199
135.33,8.199
135.34,8.198
135.35,8.198
135.36,8.197
135.37,8.197
135.38,8.196
135.39,8.195
135.4,8.194
135.41,8.193
135.42,8.193
135.43,8.192
135.44,8.191
135.45,8.191
135.46,8.190
135.47,8.189
135.48,8.188
135.49,8.188
135.5,8.188
135.51,8.188
135.52,8.188
135.53,8.188
135.54,8.188
135.55,8.188
135.56,8.189
135.57,8.188
135.58,8.188
135.59,8.189
135.6,8.189
135.61,8.188
135.62,8.188
135.63,8.188
135.64,8.188
135.65,8.188
135.66,8.188
135.67,8.188
135.68,8.188
135.69,8.188
135.7,8.188
135.71,8.188
135.72,8.188
135.73,8.188
135.74,8.188
135.75,8.188
135.76,8.188
135.77,8.188
135.78,8.188
135.79,8.188
135.8,8.188
135.81,8.188
135.82,8.188
135.83,8.188
135.84,8.188
135.85,8.188
135.86,8.188
135.87,8.187
135.88,8.188
135.89,8.188
135.9,8.187
135.91,8.187
135.92,8.187
135.93,8.187
135.94,8.186
135.95,8.186
135.96,8.186
135.97,8.186
135.98,8.185
135.99,8.186
136,8.186
136.01,8.187
136.02,8.187
136.03,8.188
136.04,8.189
136.05,8.190
136.06,8.190
136.07,8.191
136.08,8.191
136.09,8.191
136.1,8.191
136.11,8.192
136.12,8.191
136.13,8.191
136.14,8.191
136.15,8.191
136.16,8.192
136.17,8.191
136.18,8.191
136.19,8.192
136.2,8.192
136.21,8.191
136.22,8.191
136.23,8.191
136.24,8.192
136.25,8.192
136.26,8.192
136.27,8.192
136.28,8.192
136.29,8.192
136.3,8.192
136.31,8.193
136.32,8.193
136.33,8.193
136.34,8.193
136.35,8.193
136.36,8.193
136.37,8.193
136.38,8.193
136.39,8.194
136.4,8.194
136.41,8.194
136.42,8.194
136.43,8.194
136.44,8.194
136.45,8.194
136.46,8.194
136.47,8.195
136.48,8.195
136.49,8.196
136.5,8.196
136.51,8.197
136.52,8.197
136.53,8.198
136.54,8.198
136.55,8.199
136.56,8.199
136.57,8.199
136.58,8.199
136.59,8.199
136.6,8.199
136.61,8.199
136.62,8.200
136.63,8.200
136.64,8.200
136.65,8.200
136.66,8.199
136.67,8.199
136.68,8.199
136.69,8.200
136.7,8.200
136.71,8.199
136.72,8.199
136.73,8.199
136.74,8.199
136.75,8.199
136.76,8.200
136.77,8.200
136.78,8.199
136.79,8.199
136.8,8.199
136.81,8.199
136.82,8.199
136.83,8.199
136.84,8.200
136.85,8.200
136.86,8.199
136.87,8.199
136.88,8.199
136.89,8.199
136.9,8.199
136.91,8.199
136.92,8.199
136.93,8.199
136.94,8.199
136.95,8.199
136.96,8.199
136.97,8.199
136.98,8.198
136.99,8.198
137,8.197
137.01,8.196
137.02,8.196
137.03,8.195
137.04,8.195
137.05,8.194
137.06,8.194
137.07,8.194
137.08,8.194
137.09,8.193
137.1,8.192
137.11,8.191
137.12,8.190
137.13,8.190
137.14,8.189
137.15,8.188
137.16,8.187
137.17,8.186
137.18,8.185
137.19,8.185
137.2,8.184
137.21,8.184
137.22,8.183
137.23,8.182
137.24,8.182
137.25,8.181
137.26,8.180
137.27,8.180
137.28,8.179
137.29,8.179
137.3,8.178
137.31,8.177
137.32,8.177
137.33,8.176
137.34,8.175
137.35,8.175
137.36,8.175
137.37,8.174
137.38,8.173
137.39,8.173
137.4,8.173
137.41,8.172
137.42,8.172
137.43,8.171
137.44,8.171
137.45,8.170
137.46,8.170
137.47,8.170
137.48,8.170
137.49,8.171
137.5,8.172
137.51,8.172
137.52,8.171
137.53,8.172
137.54,8.172
137.55,8.172
137.56,8.172
137.57,8.173
137.58,8.173
137.59,8.173
137.6,8.173
137.61,8.173
137.62,8.173
137.63,8.172
137.64,8.172
137.65,8.173
137.66,8.173
137.67,8.173
137.68,8.173
137.69,8.174
137.7,8.174
137.71,8.174
137.72,8.174
137.73,8.174
137.74,8.174
137.75,8.174
137.76,8.174
137.77,8.174
137.78,8.174
137.79,8.174
137.8,8.174
137.81,8.174
137.82,8.174
137.83,8.174
137.84,8.174
137.85,8.174
137.86,8.174
137.87,8.174
137.88,8.174
137.89,8.174
137.9,8.174
137.91,8.174
137.92,8.174
137.93,8.175
137.94,8.175
137.95,8.175
137.96,8.174
137.97,8.174
137.98,8.174
137.99,8.175
138,8.175
138.01,8.174
138.02,8.174
138.03,8.173
138.04,8.172
138.05,8.171
138.06,8.170
138.07,8.169
138.08,8.169
138.09,8.168
138.1,8.167
138.11,8.167
138.12,8.166
138.13,8.165
138.14,8.164
138.15,8.163
138.16,8.163
138.17,8.162
138.18,8.161
138.19,8.160
138.2,8.159
138.21,8.158
138.22,8.157
138.23,8.156
138.24,8.156
138.25,8.155
138.26,8.154
138.27,8.153
138.28,8.152
138.29,8.151
138.3,8.150
138.31,8.150
138.32,8.148
138.33,8.148
138.34,8.147
138.35,8.146
138.36,8.145
138.37,8.145
138.38,8.144
138.39,8.144
138.4,8.142
138.41,8.142
138.42,8.141
138.43,8.140
138.44,8.140
138.45,8.140
138.46,8.139
138.47,8.139
138.48,8.139
138.49,8.140
138.5,8.140
138.51,8.140
138.52,8.140
138.53,8.140
138.54,8.140
138.55,8.141
138.56,8.141
138.57,8.141
138.58,8.141
138.59,8.142
138.6,8.142
138.61,8.142
138.62,8.142
138.63,8.142
138.64,8.143
138.65,8.143
138.66,8.143
138.67,8.143
138.68,8.144
138.69,8.144
138.7,8.144
138.71,8.144
138.72,8.144
138.73,8.144
138.74,8.145
138.75,8.145
138.76,8.145
138.77,8.145
138.78,8.145
138.79,8.145
138.8,8.145
138.81,8.146
138.82,8.146
138.83,8.146
138.84,8.146
138.85,8.146
138.86,8.146
138.87,8.146
138.88,8.146
138.89,8.146
138.9,8.146
138.91,8.146
138.92,8.146
138.93,8.146
138.94,8.146
138.95,8.146
138.96,8.147
138.97,8.147
138.98,8.147
138.99,8.148
139,8.149
139.01,8.149
139.02,8.150
139.03,8.151
139.04,8.152
139.05,8.151
139.06,8.151
139.07,8.150
139.08,8.150
139.09,8.149
139.1,8.148
139.11,8.149
139.12,8.149
139.13,8.148
139.14,8.148
139.15,8.148
139.16,8.148
139.17,8.148
139.18,8.148
139.19,8.148
139.2,8.148
139.21,8.147
139.22,8.146
139.23,8.146
139.24,8.145
139.25,8.145
139.26,8.144
139.27,8.144
139.28,8.143
139.29,8.143
139.3,8.143
139.31,8.142
139.32,8.141
139.33,8.140
139.34,8.140
139.35,8.139
139.36,8.138
139.37,8.137
139.38,8.136
139.39,8.135
139.4,8.135
139.41,8.134
139.42,8.133
139.43,8.132
139.44,8.132
139.45,8.131
139.46,8.130
139.47,8.129
139.48,8.130
139.49,8.130
139.5,8.130
139.51,8.129
139.52,8.129
139.53,8.129
139.54,8.129
139.55,8.129
139.56,8.129
139.57,8.129
139.58,8.129
139.59,8.129
139.6,8.129
139.61,8.130
139.62,8.130
139.63,8.130
139.64,8.130
139.65,8.130
139.66,8.130
139.67,8.130
139.68,8.130
139.69,8.130
139.7,8.131
139.71,8.131
139.72,8.131
139.73,8.130
139.74,8.130
139.75,8.129
139.76,8.129
139.77,8.130
139.78,8.130
139.79,8.130
139.8,8.130
139.81,8.130
139.82,8.130
139.83,8.130
139.84,8.130
139.85,8.131
139.86,8.131
139.87,8.131
139.88,8.131
139.89,8.131
139.9,8.132
139.91,8.131
139.92,8.132
139.93,8.132
139.94,8.132
139.95,8.132
139.96,8.132
139.97,8.132
139.98,8.132
139.99,8.133
140,8.133
140.01,8.132
140.02,8.133
140.03,8.134
140.04,8.133
140.05,8.133
140.06,8.133
140.07,8.134
140.08,8.133
140.09,8.133
140.1,8.133
140.11,8.133
140.12,8.133
140.13,8.133
140.14,8.133
140.15,8.133
140.16,8.134
140.17,8.133
140.18,8.133
140.19,8.133
140.2,8.133
140.21,8.133
140.22,8.132
140.23,8.132
140.24,8.132
140.25,8.132
140.26,8.131
140.27,8.131
140.28,8.131
140.29,8.131
140.3,8.131
140.31,8.130
140.32,8.130
140.33,8.130
140.34,8.130
140.35,8.129
140.36,8.129
140.37,8.128
140.38,8.127
140.39,8.127
140.4,8.126
140.41,8.125
140.42,8.124
140.43,8.123
140.44,8.124
140.45,8.123
140.46,8.123
140.47,8.123
140.48,8.122
140.49,8.123
140.5,8.122
140.51,8.122
140.52,8.122
140.53,8.122
140.54,8.122
140.55,8.121
140.56,8.121
140.57,8.121
140.58,8.121
140.59,8.121
140.6,8.121
140.61,8.121
140.62,8.121
140.63,8.121
140.64,8.122
140.65,8.122
140.66,8.122
140.67,8.122
140.68,8.122
140.69,8.122
140.7,8.122
140.71,8.122
140.72,8.122
140.73,8.123
140.74,8.122
140.75,8.122
140.76,8.122
140.77,8.122
140.78,8.122
140.79,8.123
140.8,8.123
140.81,8.123
140.82,8.123
140.83,8.123
140.84,8.123
140.85,8.123
140.86,8.124
140.87,8.124
140.88,8.124
140.89,8.124
140.9,8.124
140.91,8.124
140.92,8.124
140.93,8.124
140.94,8.125
140.95,8.126
140.96,8.126
140.97,8.126
140.98,8.126
140.99,8.126
141,8.126
141.01,8.125
141.02,8.125
141.03,8.124
141.04,8.124
141.05,8.123
141.06,8.123
141.07,8.123
141.08,8.123
141.09,8.123
141.1,8.123
141.11,8.123
141.12,8.123
141.13,8.122
141.14,8.121
141.15,8.121
141.16,8.120
141.17,8.120
141.18,8.120
141.19,8.120
141.2,8.120
141.21,8.121
141.22,8.121
141.23,8.121
141.24,8.121
141.25,8.120
141.26,8.120
141.27,8.120
141.28,8.120
141.29,8.120
141.3,8.120
141.31,8.120
141.32,8.120
141.33,8.119
141.34,8.119
141.35,8.119
141.36,8.119
141.37,8.119
141.38,8.119
141.39,8.118
141.4,8.117
141.41,8.117
141.42,8.117
141.43,8.116
141.44,8.116
141.45,8.116
141.46,8.117
141.47,8.116
141.48,8.116
141.49,8.116
141.5,8.116
141.51,8.116
141.52,8.116
141.53,8.116
141.54,8.116
141.55,8.115
141.56,8.115
141.57,8.115
141.58,8.115
141.59,8.115
141.6,8.115
141.61,8.116
141.62,8.115
141.63,8.115
141.64,8.115
141.65,8.115
141.66,8.115
141.67,8.115
141.68,8.116
141.69,8.115
141.7,8.115
141.71,8.115
141.72,8.116
141.73,8.116
141.74,8.116
141.75,8.116
141.76,8.116
141.77,8.116
141.78,8.116
141.79,8.116
141.8,8.116
141.81,8.116
141.82,8.116
141.83,8.117
141.84,8.116
141.85,8.116
141.86,8.116
141.87,8.116
141.88,8.116
141.89,8.116
141.9,8.116
141.91,8.116
141.92,8.116
141.93,8.116
141.94,8.116
141.95,8.116
141.96,8.117
141.97,8.118
141.98,8.119
141.99,8.120
142,8.122
142.01,8.123
142.02,8.124
142.03,8.126
142.04,8.127
142.05,8.128
142.06,8.129
142.07,8.130
142.08,8.131
142.09,8.132
142.1,8.133
142.11,8.133
142.12,8.134
142.13,8.134
142.14,8.135
142.15,8.135
142.16,8.135
142.17,8.135
142.18,8.135
142.19,8.136
142.2,8.135
142.21,8.135
142.22,8.135
142.23,8.135
142.24,8.135
142.25,8.135
142.26,8.136
142.27,8.136
142.28,8.135
142.29,8.136
142.3,8.136
142.31,8.136
142.32,8.136
142.33,8.136
142.34,8.136
142.35,8.136
142.36,8.136
142.37,8.136
142.38,8.136
142.39,8.136
142.4,8.136
142.41,8.136
142.42,8.136
142.43,8.136
142.44,8.136
142.45,8.135
142.46,8.135
142.47,8.134
142.48,8.134
142.49,8.133
142.5,8.132
142.51,8.131
142.52,8.131
142.53,8.130
142.54,8.130
142.55,8.130
142.56,8.130
142.57,8.129
142.58,8.129
142.59,8.128
142.6,8.128
142.61,8.127
142.62,8.128
142.63,8.128
142.64,8.128
142.65,8.128
142.66,8.127
142.67,8.127
142.68,8.127
142.69,8.127
142.7,8.127
142.71,8.127
142.72,8.127
142.73,8.127
142.74,8.127
142.75,8.126
142.76,8.126
142.77,8.126
142.78,8.126
142.79,8.126
142.8,8.126
142.81,8.126
142.82,8.126
142.83,8.126
142.84,8.126
142.85,8.127
142.86,8.126
142.87,8.126
142.88,8.126
142.89,8.126
142.9,8.126
142.91,8.126
142.92,8.126
142.93,8.126
142.94,8.126
142.95,8.126
142.96,8.126
142.97,8.126
142.98,8.126
142.99,8.126
143,8.127
143.01,8.128
143.02,8.128
143.03,8.129
143.04,8.130
143.05,8.131
143.06,8.132
143.07,8.133
143.08,8.133
143.09,8.134
143.1,8.135
143.11,8.135
143.12,8.136
143.13,8.136
143.14,8.137
143.15,8.137
143.16,8.137
143.17,8.137
143.18,8.137
143.19,8.138
143.2,8.138
143.21,8.138
143.22,8.139
143.23,8.139
143.24,8.139
143.25,8.139
143.26,8.140
143.27,8.140
143.28,8.140
143.29,8.141
143.3,8.141
143.31,8.141
143.32,8.141
143.33,8.141
143.34,8.141
143.35,8.141
143.36,8.142
143.37,8.142
143.38,8.142
143.39,8.142
143.4,8.143
143.41,8.143
143.42,8.143
143.43,8.143
143.44,8.143
143.45,8.143
143.46,8.143
143.47,8.143
143.48,8.143
143.49,8.143
143.5,8.143
143.51,8.143
143.52,8.143
143.53,8.143
143.54,8.143
143.55,8.143
143.56,8.143
143.57,8.143
143.58,8.143
143.59,8.143
143.6,8.143
143.61,8.143
143.62,8.143
143.63,8.143
143.64,8.142
143.65,8.142
143.66,8.142
143.67,8.142
143.68,8.142
143.69,8.142
143.7,8.141
143.71,8.141
143.72,8.141
143.73,8.141
143.74,8.141
143.75,8.141
143.76,8.141
143.77,8.141
143.78,8.141
143.79,8.141
143.8,8.141
143.81,8.141
143.82,8.141
143.83,8.140
143.84,8.140
143.85,8.140
143.86,8.140
143.87,8.140
143.88,8.140
143.89,8.140
143.9,8.140
143.91,8.140
143.92,8.139
143.93,8.139
143.94,8.139
143.95,8.139
143.96,8.139
143.97,8.139
143.98,8.138
143.99,8.137
144,8.137
144.01,8.136
144.02,8.135
144.03,8.134
144.04,8.134
144.05,8.134
144.06,8.134
144.07,8.135
144.08,8.135
144.09,8.136
144.1,8.137
144.11,8.137
144.12,8.137
144.13,8.137
144.14,8.137
144.15,8.137
144.16,8.137
144.17,8.137
144.18,8.137
144.19,8.137
144.2,8.138
144.21,8.138
144.22,8.138
144.23,8.138
144.24,8.139
144.25,8.139
144.26,8.139
144.27,8.139
144.28,8.139
144.29,8.139
144.3,8.139
144.31,8.140
144.32,8.140
144.33,8.141
144.34,8.141
144.35,8.141
144.36,8.141
144.37,8.141
144.38,8.141
144.39,8.142
144.4,8.142
144.41,8.142
144.42,8.142
144.43,8.142
144.44,8.142
144.45,8.142
144.46,8.142
144.47,8.143
144.48,8.143
144.49,8.142
144.5,8.142
144.51,8.142
144.52,8.142
144.53,8.143
144.54,8.143
144.55,8.143
144.56,8.143
144.57,8.143
144.58,8.143
144.59,8.143
144.6,8.143
144.61,8.144
144.62,8.144
144.63,8.143
144.64,8.144
144.65,8.143
144.66,8.143
144.67,8.144
144.68,8.144
144.69,8.144
144.7,8.144
144.71,8.144
144.72,8.144
144.73,8.143
144.74,8.144
144.75,8.145
144.76,8.145
144.77,8.145
144.78,8.145
144.79,8.146
144.8,8.146
144.81,8.146
144.82,8.146
144.83,8.146
144.84,8.146
144.85,8.145
144.86,8.145
144.87,8.145
144.88,8.145
144.89,8.145
144.9,8.145
144.91,8.145
144.92,8.145
144.93,8.145
144.94,8.146
144.95,8.147
144.96,8.147
144.97,8.148
144.98,8.149
144.99,8.150
145,8.150
145.01,8.151
145.02,8.151
145.03,8.151
145.04,8.151
145.05,8.152
145.06,8.152
145.07,8.152
145.08,8.152
145.09,8.152
145.1,8.152
145.11,8.152
145.12,8.152
145.13,8.151
145.14,8.150
145.15,8.150
145.16,8.150
145.17,8.150
145.18,8.151
145.19,8.151
145.2,8.151
145.21,8.151
145.22,8.150
145.23,8.150
145.24,8.150
145.25,8.149
145.26,8.150
145.27,8.150
145.28,8.150
145.29,8.150
145.3,8.150
145.31,8.150
145.32,8.151
145.33,8.151
145.34,8.151
145.35,8.152
145.36,8.152
145.37,8.153
145.38,8.154
145.39,8.154
145.4,8.155
145.41,8.156
145.42,8.157
145.43,8.158
145.44,8.157
145.45,8.158
145.46,8.158
145.47,8.158
145.48,8.158
145.49,8.158
145.5,8.159
145.51,8.158
145.52,8.159
145.53,8.159
145.54,8.159
145.55,8.159
145.56,8.159
145.57,8.159
145.58,8.159
145.59,8.159
145.6,8.159
145.61,8.159
145.62,8.159
145.63,8.159
145.64,8.159
145.65,8.158
145.66,8.158
145.67,8.158
145.68,8.158
145.69,8.158
145.7,8.158
145.71,8.159
145.72,8.158
145.73,8.158
145.74,8.158
145.75,8.158
145.76,8.158
145.77,8.158
145.78,8.158
145.79,8.158
145.8,8.158
145.81,8.158
145.82,8.158
145.83,8.157
145.84,8.157
145.85,8.157
145.86,8.157
145.87,8.156
145.88,8.156
145.89,8.156
145.9,8.156
145.91,8.155
145.92,8.155
145.93,8.156
145.94,8.155
145.95,8.155
145.96,8.155
145.97,8.154
145.98,8.154
145.99,8.154
146,8.154
146.01,8.154
146.02,8.154
146.03,8.154
146.04,8.154
146.05,8.154
146.06,8.154
146.07,8.153
146.08,8.153
146.09,8.152
146.1,8.151
146.11,8.150
146.12,8.150
146.13,8.150
146.14,8.150
146.15,8.150
146.16,8.150
146.17,8.150
146.18,8.150
146.19,8.150
146.2,8.150
146.21,8.150
146.22,8.150
146.23,8.150
146.24,8.150
146.25,8.150
146.26,8.150
146.27,8.151
146.28,8.151
146.29,8.151
146.3,8.151
146.31,8.151
146.32,8.151
146.33,8.152
146.34,8.152
146.35,8.152
146.36,8.153
146.37,8.153
146.38,8.153
146.39,8.154
146.4,8.154
146.41,8.154
146.42,8.155
146.43,8.155
146.44,8.155
146.45,8.156
146.46,8.155
146.47,8.156
146.48,8.156
146.49,8.156
146.5,8.156
146.51,8.157
146.52,8.157
146.53,8.156
146.54,8.156
146.55,8.156
146.56,8.156
146.57,8.156
146.58,8.157
146.59,8.157
146.6,8.157
146.61,8.157
146.62,8.157
146.63,8.157
146.64,8.157
146.65,8.157
146.66,8.157
146.67,8.157
146.68,8.157
146.69,8.157
146.7,8.157
146.71,8.157
146.72,8.157
146.73,8.157
146.74,8.157
146.75,8.157
146.76,8.157
146.77,8.157
146.78,8.157
146.79,8.157
146.8,8.157
146.81,8.157
146.82,8.157
146.83,8.157
146.84,8.157
146.85,8.157
146.86,8.157
146.87,8.157
146.88,8.158
146.89,8.158
146.9,8.157
146.91,8.157
146.92,8.157
146.93,8.157
146.94,8.157
146.95,8.157
146.96,8.156
146.97,8.155
146.98,8.155
146.99,8.154
147,8.153
147.01,8.152
147.02,8.151
147.03,8.151
147.04,8.150
147.05,8.149
147.06,8.148
147.07,8.147
147.08,8.146
147.09,8.145
147.1,8.145
147.11,8.144
147.12,8.143
147.13,8.143
147.14,8.143
147.15,8.143
147.16,8.143
147.17,8.143
147.18,8.142
147.19,8.142
147.2,8.142
147.21,8.142
147.22,8.143
147.23,8.143
147.24,8.143
147.25,8.143
147.26,8.142
147.27,8.142
147.28,8.142
147.29,8.142
147.3,8.142
147.31,8.142
147.32,8.142
147.33,8.142
147.34,8.142
147.35,8.142
147.36,8.142
147.37,8.142
147.38,8.142
147.39,8.143
147.4,8.143
147.41,8.143
147.42,8.143
147.43,8.143
147.44,8.143
147.45,8.143
147.46,8.144
147.47,8.145
147.48,8.145
147.49,8.145
147.5,8.146
147.51,8.146
147.52,8.147
147.53,8.148
147.54,8.149
147.55,8.149
147.56,8.148
147.57,8.148
147.58,8.148
147.59,8.149
147.6,8.149
147.61,8.150
147.62,8.150
147.63,8.151
147.64,8.151
147.65,8.152
147.66,8.153
147.67,8.154
147.68,8.155
147.69,8.156
147.7,8.156
147.71,8.157
147.72,8.158
147.73,8.159
147.74,8.159
147.75,8.160
147.76,8.161
147.77,8.162
147.78,8.163
147.79,8.163
147.8,8.164
147.81,8.164
147.82,8.165
147.83,8.166
147.84,8.166
147.85,8.167
147.86,8.168
147.87,8.168
147.88,8.169
147.89,8.170
147.9,8.170
147.91,8.171
147.92,8.172
147.93,8.172
147.94,8.172
147.95,8.173
147.96,8.173
147.97,8.173
147.98,8.174
147.99,8.174
148,8.173
148.01,8.173
148.02,8.172
148.03,8.172
148.04,8.172
148.05,8.172
148.06,8.172
148.07,8.172
148.08,8.172
148.09,8.171
148.1,8.170
148.11,8.170
148.12,8.169
148.13,8.169
148.14,8.169
148.15,8.168
148.16,8.168
148.17,8.168
148.18,8.168
148.19,8.168
148.2,8.168
148.21,8.168
148.22,8.168
148.23,8.167
148.24,8.167
148.25,8.167
148.26,8.167
148.27,8.167
148.28,8.167
148.29,8.166
148.3,8.166
148.31,8.166
148.32,8.166
148.33,8.165
148.34,8.166
148.35,8.165
148.36,8.165
148.37,8.165
148.38,8.165
148.39,8.165
148.4,8.165
148.41,8.165
148.42,8.165
148.43,8.165
148.44,8.165
148.45,8.164
148.46,8.164
148.47,8.164
148.48,8.164
148.49,8.165
148.5,8.165
148.51,8.164
148.52,8.164
148.53,8.164
148.54,8.165
148.55,8.165
148.56,8.165
148.57,8.165
148.58,8.165
148.59,8.165
148.6,8.165
148.61,8.165
148.62,8.165
148.63,8.165
148.64,8.165
148.65,8.166
148.66,8.165
148.67,8.166
148.68,8.166
148.69,8.165
148.7,8.166
148.71,8.166
148.72,8.166
148.73,8.166
148.74,8.166
148.75,8.166
148.76,8.166
148.77,8.166
148.78,8.167
148.79,8.167
148.8,8.166
148.81,8.166
148.82,8.166
148.83,8.166
148.84,8.167
148.85,8.167
148.86,8.168
148.87,8.168
148.88,8.168
148.89,8.168
148.9,8.168
148.91,8.168
148.92,8.168
148.93,8.168
148.94,8.169
148.95,8.168
148.96,8.168
148.97,8.169
148.98,8.169
148.99,8.169
149,8.170
149.01,8.170
149.02,8.170
149.03,8.169
149.04,8.169
149.05,8.170
149.06,8.169
149.07,8.170
149.08,8.170
149.09,8.170
149.1,8.170
149.11,8.170
149.12,8.170
149.13,8.170
149.14,8.170
149.15,8.171
149.16,8.170
149.17,8.170
149.18,8.170
149.19,8.170
149.2,8.170
149.21,8.170
149.22,8.170
149.23,8.170
149.24,8.169
149.25,8.169
149.26,8.169
149.27,8.169
149.28,8.169
149.29,8.169
149.3,8.169
149.31,8.169
149.32,8.168
149.33,8.168
149.34,8.167
149.35,8.167
149.36,8.167
149.37,8.167
149.38,8.167
149.39,8.167
149.4,8.166
149.41,8.166
149.42,8.166
149.43,8.166
149.44,8.167
149.45,8.167
149.46,8.166
149.47,8.166
149.48,8.166
149.49,8.166
149.5,8.166
149.51,8.166
149.52,8.166
149.53,8.166
149.54,8.166
149.55,8.166
149.56,8.166
149.57,8.166
149.58,8.166
149.59,8.166
149.6,8.166
149.61,8.166
149.62,8.166
149.63,8.166
149.64,8.166
149.65,8.166
149.66,8.166
149.67,8.166
149.68,8.166
149.69,8.166
149.7,8.166
149.71,8.165
149.72,8.166
149.73,8.166
149.74,8.167
149.75,8.167
149.76,8.167
149.77,8.168
149.78,8.168
149.79,8.168
149.8,8.168
149.81,8.168
149.82,8.168
149.83,8.168
149.84,8.168
149.85,8.169
149.86,8.169
149.87,8.169
149.88,8.169
149.89,8.169
149.9,8.169
149.91,8.169
149.92,8.169
149.93,8.169
149.94,8.168
149.95,8.167
149.96,8.167
149.97,8.166
149.98,8.166
149.99,8.165
150,8.164
150.01,8.164
150.02,8.163
150.03,8.162
150.04,8.162
150.05,8.161
150.06,8.160
150.07,8.159
150.08,8.159
150.09,8.158
150.1,8.157
150.11,8.158
150.12,8.157
150.13,8.157
150.14,8.157
150.15,8.157
150.16,8.157
150.17,8.157
150.18,8.157
150.19,8.158
150.2,8.158
150.21,8.158
150.22,8.159
150.23,8.159
150.24,8.160
150.25,8.160
150.26,8.160
150.27,8.160
150.28,8.160
150.29,8.161
150.3,8.160
150.31,8.160
150.32,8.160
150.33,8.160
150.34,8.160
150.35,8.160
150.36,8.159
150.37,8.159
150.38,8.159
150.39,8.160
150.4,8.160
150.41,8.160
150.42,8.160
150.43,8.160
150.44,8.160
150.45,8.160
150.46,8.160
150.47,8.160
150.48,8.160
150.49,8.160
150.5,8.159
150.51,8.160
150.52,8.159
150.53,8.160
150.54,8.160
150.55,8.160
150.56,8.160
150.57,8.160
150.58,8.159
150.59,8.159
150.6,8.159
150.61,8.159
150.62,8.160
150.63,8.161
150.64,8.161
150.65,8.162
150.66,8.163
150.67,8.163
150.68,8.164
150.69,8.164
150.7,8.164
150.71,8.164
150.72,8.165
150.73,8.165
150.74,8.165
150.75,8.165
150.76,8.166
150.77,8.167
150.78,8.167
150.79,8.168
150.8,8.169
150.81,8.170
150.82,8.170
150.83,8.171
150.84,8.172
150.85,8.173
150.86,8.174
150.87,8.175
150.88,8.176
150.89,8.177
150.9,8.178
150.91,8.179
150.92,8.180
150.93,8.180
150.94,8.181
150.95,8.182
150.96,8.183
150.97,8.183
150.98,8.184
150.99,8.185
151,8.186
151.01,8.187
151.02,8.188
151.03,8.189
151.04,8.189
151.05,8.189
151.06,8.189
151.07,8.189
151.08,8.189
151.09,8.189
151.1,8.189
151.11,8.189
151.12,8.189
151.13,8.190
151.14,8.190
151.15,8.190
151.16,8.190
151.17,8.190
151.18,8.190
151.19,8.190
151.2,8.190
151.21,8.190
151.22,8.190
151.23,8.190
151.24,8.190
151.25,8.190
151.26,8.190
151.27,8.190
151.28,8.190
151.29,8.190
151.3,8.190
151.31,8.190
151.32,8.190
151.33,8.190
151.34,8.190
151.35,8.190
151.36,8.190
151.37,8.190
151.38,8.190
151.39,8.190
151.4,8.190
151.41,8.190
151.42,8.190
151.43,8.190
151.44,8.190
151.45,8.190
151.46,8.190
151.47,8.190
151.48,8.190
151.49,8.190
151.5,8.190
151.51,8.189
151.52,8.189
151.53,8.189
151.54,8.189
151.55,8.189
151.56,8.188
151.57,8.188
151.58,8.188
151.59,8.188
151.6,8.188
151.61,8.187
151.62,8.187
151.63,8.187
151.64,8.187
151.65,8.187
151.66,8.188
151.67,8.188
151.68,8.189
151.69,8.189
151.7,8.190
151.71,8.190
151.72,8.191
151.73,8.191
151.74,8.191
151.75,8.191
151.76,8.191
151.77,8.191
151.78,8.191
151.79,8.191
151.8,8.191
151.81,8.191
151.82,8.191
151.83,8.191
151.84,8.191
151.85,8.190
151.86,8.190
151.87,8.191
151.88,8.190
151.89,8.190
151.9,8.190
151.91,8.190
151.92,8.191
151.93,8.191
151.94,8.191
151.95,8.191
151.96,8.191
151.97,8.191
151.98,8.191
151.99,8.191
152,8.191
152.01,8.192
152.02,8.192
152.03,8.192
152.04,8.192
152.05,8.193
152.06,8.193
152.07,8.193
152.08,8.193
152.09,8.194
152.1,8.194
152.11,8.194
152.12,8.194
152.13,8.194
152.14,8.194
152.15,8.194
152.16,8.195
152.17,8.195
152.18,8.195
152.19,8.195
152.2,8.195
152.21,8.195
152.22,8.195
152.23,8.196
152.24,8.196
152.25,8.196
152.26,8.196
152.27,8.196
152.28,8.196
152.29,8.197
152.3,8.197
152.31,8.197
152.32,8.197
152.33,8.197
152.34,8.196
152.35,8.197
152.36,8.197
152.37,8.197
152.38,8.197
152.39,8.197
152.4,8.197
152.41,8.197
152.42,8.197
152.43,8.197
152.44,8.197
152.45,8.197
152.46,8.197
152.47,8.197
152.48,8.197
152.49,8.197
152.5,8.197
152.51,8.197
152.52,8.197
152.53,8.196
152.54,8.196
152.55,8.196
152.56,8.196
152.57,8.197
152.58,8.197
152.59,8.197
152.6,8.197
152.61,8.197
152.62,8.197
152.63,8.196
152.64,8.196
152.65,8.195
152.66,8.194
152.67,8.194
152.68,8.193
152.69,8.192
152.7,8.191
152.71,8.191
152.72,8.190
152.73,8.189
152.74,8.188
152.75,8.187
152.76,8.186
152.77,8.185
152.78,8.184
152.79,8.183
152.8,8.182
152.81,8.182
152.82,8.182
152.83,8.180
152.84,8.179
152.85,8.178
152.86,8.178
152.87,8.177
152.88,8.176
152.89,8.175
152.9,8.175
152.91,8.174
152.92,8.173
152.93,8.172
152.94,8.172
152.95,8.171
152.96,8.171
152.97,8.171
152.98,8.170
152.99,8.170
153,8.171
153.01,8.171
153.02,8.171
153.03,8.171
153.04,8.172
153.05,8.172
153.06,8.172
153.07,8.171
153.08,8.170
153.09,8.171
153.1,8.171
153.11,8.171
153.12,8.171
153.13,8.171
153.14,8.171
153.15,8.171
153.16,8.172
153.17,8.172
153.18,8.172
153.19,8.172
153.2,8.172
153.21,8.172
153.22,8.173
153.23,8.173
153.24,8.173
153.25,8.174
153.26,8.174
153.27,8.173
153.28,8.173
153.29,8.173
153.3,8.173
153.31,8.173
153.32,8.174
153.33,8.174
153.34,8.174
153.35,8.174
153.36,8.174
153.37,8.175
153.38,8.175
153.39,8.175
153.4,8.175
153.41,8.175
153.42,8.175
153.43,8.174
153.44,8.174
153.45,8.174
153.46,8.173
153.47,8.173
153.48,8.173
153.49,8.172
153.5,8.172
153.51,8.171
153.52,8.171
153.53,8.171
153.54,8.171
153.55,8.172
153.56,8.171
153.57,8.172
153.58,8.173
153.59,8.173
153.6,8.174
153.61,8.175
153.62,8.176
153.63,8.176
153.64,8.177
153.65,8.177
153.66,8.178
153.67,8.178
153.68,8.179
153.69,8.180
153.7,8.181
153.71,8.181
153.72,8.182
153.73,8.182
153.74,8.183
153.75,8.184
153.76,8.184
153.77,8.185
153.78,8.185
153.79,8.186
153.8,8.187
153.81,8.187
153.82,8.188
153.83,8.188
153.84,8.189
153.85,8.189
153.86,8.190
153.87,8.190
153.88,8.190
153.89,8.191
153.9,8.191
153.91,8.192
153.92,8.193
153.93,8.193
153.94,8.193
153.95,8.194
153.96,8.194
153.97,8.195
153.98,8.195
153.99,8.196
154,8.196
154.01,8.197
154.02,8.197
154.03,8.198
154.04,8.199
154.05,8.199
154.06,8.200
154.07,8.201
154.08,8.201
154.09,8.201
154.1,8.201
154.11,8.201
154.12,8.201
154.13,8.201
154.14,8.201
154.15,8.201
154.16,8.201
154.17,8.201
154.18,8.201
154.19,8.201
154.2,8.202
154.21,8.202
154.22,8.202
154.23,8.202
154.24,8.202
154.25,8.202
154.26,8.203
154.27,8.203
154.28,8.203
154.29,8.203
154.3,8.203
154.31,8.204
154.32,8.204
154.33,8.204
154.34,8.204
154.35,8.205
154.36,8.205
154.37,8.205
154.38,8.205
154.39,8.205
154.4,8.206
154.41,8.206
154.42,8.206
154.43,8.206
154.44,8.206
154.45,8.206
154.46,8.206
154.47,8.206
154.48,8.206
154.49,8.207
154.5,8.207
154.51,8.207
154.52,8.207
154.53,8.207
154.54,8.207
154.55,8.207
154.56,8.207
154.57,8.207
154.58,8.207
154.59,8.207
154.6,8.207
154.61,8.207
154.62,8.207
154.63,8.207
154.64,8.207
154.65,8.208
154.66,8.208
154.67,8.207
154.68,8.206
154.69,8.206
154.7,8.206
154.71,8.206
154.72,8.206
154.73,8.206
154.74,8.206
154.75,8.206
154.76,8.205
154.77,8.206
154.78,8.206
154.79,8.206
154.8,8.206
154.81,8.206
154.82,8.206
154.83,8.206
154.84,8.206
154.85,8.205
154.86,8.205
154.87,8.206
154.88,8.205
154.89,8.205
154.9,8.205
154.91,8.205
154.92,8.205
154.93,8.205
154.94,8.205
154.95,8.205
154.96,8.205
154.97,8.204
154.98,8.204
154.99,8.203
155,8.203
155.01,8.203
155.02,8.203
155.03,8.203
155.04,8.203
155.05,8.203
155.06,8.203
155.07,8.203
155.08,8.203
155.09,8.203
155.1,8.203
155.11,8.202
155.12,8.202
155.13,8.202
155.14,8.202
155.15,8.201
155.16,8.202
155.17,8.202
155.18,8.201
155.19,8.200
155.2,8.200
155.21,8.200
155.22,8.200
155.23,8.200
155.24,8.201
155.25,8.201
155.26,8.201
155.27,8.201
155.28,8.202
155.29,8.201
155.3,8.202
155.31,8.202
155.32,8.202
155.33,8.202
155.34,8.202
155.35,8.202
155.36,8.202
155.37,8.202
155.38,8.202
155.39,8.202
155.4,8.202
155.41,8.202
155.42,8.202
155.43,8.203
155.44,8.203
155.45,8.203
155.46,8.204
155.47,8.204
155.48,8.204
155.49,8.204
155.5,8.204
155.51,8.204
155.52,8.205
155.53,8.205
155.54,8.205
155.55,8.205
155.56,8.205
155.57,8.205
155.58,8.206
155.59,8.206
155.6,8.206
155.61,8.207
155.62,8.206
155.63,8.205
155.64,8.204
155.65,8.204
155.66,8.203
155.67,8.203
155.68,8.203
155.69,8.202
155.7,8.202
155.71,8.202
155.72,8.202
155.73,8.201
155.74,8.201
155.75,8.201
155.76,8.201
155.77,8.200
155.78,8.199
155.79,8.199
155.8,8.198
155.81,8.197
155.82,8.197
155.83,8.196
155.84,8.195
155.85,8.195
155.86,8.194
155.87,8.193
155.88,8.193
155.89,8.192
155.9,8.192
155.91,8.191
155.92,8.190
155.93,8.190
155.94,8.189
155.95,8.188
155.96,8.188
155.97,8.187
155.98,8.187
155.99,8.186
156,8.185
156.01,8.184
156.02,8.183
156.03,8.183
156.04,8.184
156.05,8.184
156.06,8.184
156.07,8.185
156.08,8.185
156.09,8.186
156.1,8.186
156.11,8.187
156.12,8.188
156.13,8.188
156.14,8.188
156.15,8.189
156.16,8.189
156.17,8.190
156.18,8.190
156.19,8.190
156.2,8.190
156.21,8.190
156.22,8.190
156.23,8.190
156.24,8.190
156.25,8.190
156.26,8.191
156.27,8.192
156.28,8.192
156.29,8.192
156.3,8.193
156.31,8.193
156.32,8.194
156.33,8.195
156.34,8.195
156.35,8.196
156.36,8.196
156.37,8.196
156.38,8.197
156.39,8.197
156.4,8.198
156.41,8.199
156.42,8.199
156.43,8.199
156.44,8.200
156.45,8.201
156.46,8.201
156.47,8.202
156.48,8.204
156.49,8.204
156.5,8.205
156.51,8.206
156.52,8.207
156.53,8.208
156.54,8.208
156.55,8.210
156.56,8.211
156.57,8.211
156.58,8.212
156.59,8.212
156.6,8.213
156.61,8.214
156.62,8.215
156.63,8.217
156.64,8.217
156.65,8.218
156.66,8.218
156.67,8.218
156.68,8.218
156.69,8.219
156.7,8.219
156.71,8.219
156.72,8.219
156.73,8.219
156.74,8.220
156.75,8.221
156.76,8.221
156.77,8.222
156.78,8.223
156.79,8.224
156.8,8.224
156.81,8.225
156.82,8.226
156.83,8.226
156.84,8.228
156.85,8.229
156.86,8.230
156.87,8.230
156.88,8.231
156.89,8.232
156.9,8.232
156.91,8.233
156.92,8.234
156.93,8.235
156.94,8.235
156.95,8.236
156.96,8.236
156.97,8.237
156.98,8.238
156.99,8.239
157,8.239
157.01,8.240
157.02,8.240
157.03,8.241
157.04,8.241
157.05,8.242
157.06,8.243
157.07,8.244
157.08,8.244
157.09,8.245
157.1,8.245
157.11,8.246
157.12,8.247
157.13,8.247
157.14,8.248
157.15,8.249
157.16,8.249
157.17,8.250
157.18,8.250
157.19,8.251
157.2,8.252
157.21,8.252
157.22,8.253
157.23,8.253
157.24,8.253
157.25,8.254
157.26,8.254
157.27,8.255
157.28,8.255
157.29,8.256
157.3,8.257
157.31,8.257
157.32,8.257
157.33,8.257
157.34,8.257
157.35,8.256
157.36,8.256
157.37,8.256
157.38,8.256
157.39,8.255
157.4,8.255
157.41,8.255
157.42,8.255
157.43,8.255
157.44,8.255
157.45,8.255
157.46,8.255
157.47,8.254
157.48,8.254
157.49,8.253
157.5,8.253
157.51,8.254
157.52,8.254
157.53,8.254
157.54,8.254
157.55,8.254
157.56,8.254
157.57,8.254
157.58,8.255
157.59,8.255
157.6,8.254
157.61,8.254
157.62,8.254
157.63,8.254
157.64,8.254
157.65,8.255
157.66,8.255
157.67,8.255
157.68,8.255
157.69,8.254
157.7,8.255
157.71,8.255
157.72,8.255
157.73,8.256
157.74,8.256
157.75,8.256
157.76,8.256
157.77,8.257
157.78,8.257
157.79,8.257
157.8,8.258
157.81,8.258
157.82,8.258
157.83,8.258
157.84,8.258
157.85,8.258
157.86,8.259
157.87,8.259
157.88,8.259
157.89,8.259
157.9,8.259
157.91,8.259
157.92,8.259
157.93,8.259
157.94,8.260
157.95,8.260
157.96,8.261
157.97,8.260
157.98,8.261
157.99,8.261
158,8.260
158.01,8.259
158.02,8.259
158.03,8.258
158.04,8.257
158.05,8.257
158.06,8.256
158.07,8.257
158.08,8.257
158.09,8.257
158.1,8.257
158.11,8.257
158.12,8.257
158.13,8.257
158.14,8.257
158.15,8.257
158.16,8.257
158.17,8.258
158.18,8.257
158.19,8.257
158.2,8.257
158.21,8.257
158.22,8.257
158.23,8.257
158.24,8.257
158.25,8.257
158.26,8.257
158.27,8.257
158.28,8.258
158.29,8.258
158.3,8.258
158.31,8.258
158.32,8.258
158.33,8.259
158.34,8.258
158.35,8.258
158.36,8.257
158.37,8.256
158.38,8.256
158.39,8.255
158.4,8.254
158.41,8.253
158.42,8.252
158.43,8.252
158.44,8.252
158.45,8.252
158.46,8.252
158.47,8.252
158.48,8.252
158.49,8.252
158.5,8.252
158.51,8.252
158.52,8.252
158.53,8.252
158.54,8.252
158.55,8.251
158.56,8.251
158.57,8.250
158.58,8.250
158.59,8.249
158.6,8.248
158.61,8.248
158.62,8.246
158.63,8.245
158.64,8.245
158.65,8.244
158.66,8.243
158.67,8.243
158.68,8.242
158.69,8.241
158.7,8.240
158.71,8.240
158.72,8.239
158.73,8.238
158.74,8.238
158.75,8.237
158.76,8.237
158.77,8.236
158.78,8.235
158.79,8.235
158.8,8.234
158.81,8.234
158.82,8.233
158.83,8.233
158.84,8.233
158.85,8.233
158.86,8.233
158.87,8.233
158.88,8.234
158.89,8.234
158.9,8.234
158.91,8.234
158.92,8.234
158.93,8.234
158.94,8.233
158.95,8.233
158.96,8.233
158.97,8.233
158.98,8.233
158.99,8.232
159,8.232
159.01,8.232
159.02,8.233
159.03,8.233
159.04,8.233
159.05,8.233
159.06,8.233
159.07,8.233
159.08,8.233
159.09,8.233
159.1,8.234
159.11,8.234
159.12,8.234
159.13,8.234
159.14,8.234
159.15,8.234
159.16,8.234
159.17,8.234
159.18,8.235
159.19,8.235
159.2,8.234
159.21,8.234
159.22,8.234
159.23,8.234
159.24,8.234
159.25,8.234
159.26,8.234
159.27,8.234
159.28,8.234
159.29,8.234
159.3,8.234
159.31,8.234
159.32,8.234
159.33,8.234
159.34,8.234
159.35,8.234
159.36,8.234
159.37,8.234
159.38,8.234
159.39,8.234
159.4,8.234
159.41,8.234
159.42,8.234
159.43,8.234
159.44,8.233
159.45,8.233
159.46,8.233
159.47,8.233
159.48,8.233
159.49,8.233
159.5,8.233
159.51,8.232
159.52,8.232
159.53,8.232
159.54,8.232
159.55,8.232
159.56,8.232
159.57,8.232
159.58,8.232
159.59,8.232
159.6,8.232
159.61,8.233
159.62,8.234
159.63,8.235
159.64,8.235
159.65,8.235
159.66,8.234
159.67,8.235
159.68,8.236
159.69,8.238
159.7,8.238
159.71,8.239
159.72,8.239
159.73,8.240
159.74,8.240
159.75,8.241
159.76,8.242
159.77,8.242
159.78,8.243
159.79,8.243
159.8,8.244
159.81,8.244
159.82,8.245
159.83,8.246
159.84,8.247
159.85,8.248
159.86,8.248
159.87,8.249
159.88,8.250
159.89,8.250
159.9,8.250
159.91,8.250
159.92,8.251
159.93,8.251
159.94,8.251
159.95,8.251
159.96,8.252
159.97,8.252
159.98,8.253
159.99,8.254
160,8.254
160.01,8.255
160.02,8.255
160.03,8.255
160.04,8.256
160.05,8.256
160.06,8.256
160.07,8.257
160.08,8.256
160.09,8.256
160.1,8.255
160.11,8.255
160.12,8.255
160.13,8.255
160.14,8.255
160.15,8.256
160.16,8.256
160.17,8.256
160.18,8.257
160.19,8.257
160.2,8.257
160.21,8.258
160.22,8.258
160.23,8.258
160.24,8.258
160.25,8.258
160.26,8.259
160.27,8.259
160.28,8.258
160.29,8.259
160.3,8.259
160.31,8.259
160.32,8.259
160.33,8.258
160.34,8.260
160.35,8.258
160.36,8.259
160.37,8.257
160.38,8.256
160.39,8.254
160.4,8.253
160.41,8.253
160.42,8.253
160.43,8.252
160.44,8.252
160.45,8.251
160.46,8.250
160.47,8.249
160.48,8.249
160.49,8.249
160.5,8.248
160.51,8.247
160.52,8.247
160.53,8.246
160.54,8.245
160.55,8.245
160.56,8.244
160.57,8.243
160.58,8.242
160.59,8.242
160.6,8.241
160.61,8.240
160.62,8.239
160.63,8.239
160.64,8.238
160.65,8.237
160.66,8.237
160.67,8.236
160.68,8.235
160.69,8.234
160.7,8.233
160.71,8.233
160.72,8.232
160.73,8.231
160.74,8.230
160.75,8.229
160.76,8.229
160.77,8.228
160.78,8.227
160.79,8.227
160.8,8.226
160.81,8.225
160.82,8.224
160.83,8.223
160.84,8.222
160.85,8.222
160.86,8.221
160.87,8.220
160.88,8.219
160.89,8.218
160.9,8.217
160.91,8.216
160.92,8.216
160.93,8.215
160.94,8.215
160.95,8.214
160.96,8.213
160.97,8.212
160.98,8.212
160.99,8.211
161,8.211
161.01,8.210
161.02,8.210
161.03,8.209
161.04,8.208
161.05,8.206
161.06,8.205
161.07,8.204
161.08,8.203
161.09,8.202
161.1,8.201
161.11,8.200
161.12,8.199
161.13,8.199
161.14,8.199
161.15,8.198
161.16,8.198
161.17,8.197
161.18,8.198
161.19,8.197
161.2,8.197
161.21,8.197
161.22,8.198
161.23,8.198
161.24,8.198
161.25,8.198
161.26,8.197
161.27,8.197
161.28,8.196
161.29,8.196
161.3,8.196
161.31,8.195
161.32,8.195
161.33,8.194
161.34,8.193
161.35,8.193
161.36,8.193
161.37,8.192
161.38,8.192
161.39,8.191
161.4,8.190
161.41,8.189
161.42,8.189
161.43,8.189
161.44,8.189
161.45,8.188
161.46,8.188
161.47,8.187
161.48,8.186
161.49,8.186
161.5,8.185
161.51,8.185
161.52,8.184
161.53,8.183
161.54,8.183
161.55,8.182
161.56,8.181
161.57,8.181
161.58,8.180
161.59,8.180
161.6,8.179
161.61,8.179
161.62,8.178
161.63,8.177
161.64,8.176
161.65,8.175
161.66,8.174
161.67,8.172
161.68,8.170
161.69,8.168
161.7,8.166
161.71,8.165
161.72,8.163
161.73,8.162
161.74,8.160
161.75,8.159
161.76,8.157
161.77,8.156
161.78,8.154
161.79,8.153
161.8,8.152
161.81,8.151
161.82,8.149
161.83,8.148
161.84,8.146
161.85,8.145
161.86,8.143
161.87,8.142
161.88,8.141
161.89,8.140
161.9,8.138
161.91,8.137
161.92,8.135
161.93,8.134
161.94,8.132
161.95,8.131
161.96,8.129
161.97,8.128
161.98,8.126
161.99,8.125
162,8.123
162.01,8.122
162.02,8.121
162.03,8.119
162.04,8.118
162.05,8.116
162.06,8.115
162.07,8.113
162.08,8.111
162.09,8.110
162.1,8.110
162.11,8.108
162.12,8.107
162.13,8.106
162.14,8.104
162.15,8.103
162.16,8.101
162.17,8.100
162.18,8.099
162.19,8.098
162.2,8.097
162.21,8.095
162.22,8.094
162.23,8.093
162.24,8.092
162.25,8.091
162.26,8.090
162.27,8.089
162.28,8.087
162.29,8.086
162.3,8.085
162.31,8.084
162.32,8.084
162.33,8.084
162.34,8.084
162.35,8.083
162.36,8.083
162.37,8.082
162.38,8.082
162.39,8.082
162.4,8.082
162.41,8.082
162.42,8.083
162.43,8.082
162.44,8.083
162.45,8.083
162.46,8.084
162.47,8.085
162.48,8.086
162.49,8.087
162.5,8.088
162.51,8.088
162.52,8.089
162.53,8.090
162.54,8.091
162.55,8.091
162.56,8.092
162.57,8.093
162.58,8.093
162.59,8.094
162.6,8.095
162.61,8.096
162.62,8.097
162.63,8.097
162.64,8.098
162.65,8.098
162.66,8.099
162.67,8.099
162.68,8.100
162.69,8.101
162.7,8.102
162.71,8.103
162.72,8.103
162.73,8.103
162.74,8.104
162.75,8.105
162.76,8.106
162.77,8.106
162.78,8.107
162.79,8.108
162.8,8.108
162.81,8.109
162.82,8.110
162.83,8.111
162.84,8.111
162.85,8.112
162.86,8.113
162.87,8.113
162.88,8.114
162.89,8.114
162.9,8.115
162.91,8.116
162.92,8.116
162.93,8.117
162.94,8.117
162.95,8.117
162.96,8.118
162.97,8.118
162.98,8.119
162.99,8.119
163,8.120
163.01,8.120
163.02,8.121
163.03,8.121
163.04,8.122
163.05,8.123
163.06,8.123
163.07,8.124
163.08,8.124
163.09,8.124
163.1,8.125
163.11,8.125
163.12,8.126
163.13,8.126
163.14,8.127
163.15,8.127
163.16,8.127
163.17,8.128
163.18,8.128
163.19,8.129
163.2,8.130
163.21,8.130
163.22,8.131
163.23,8.131
163.24,8.132
163.25,8.132
163.26,8.133
163.27,8.134
163.28,8.135
163.29,8.136
163.3,8.136
163.31,8.137
163.32,8.137
163.33,8.137
163.34,8.138
163.35,8.139
163.36,8.141
163.37,8.142
163.38,8.143
163.39,8.144
163.4,8.145
163.41,8.145
163.42,8.146
163.43,8.147
163.44,8.147
163.45,8.147
163.46,8.147
163.47,8.148
163.48,8.148
163.49,8.149
163.5,8.148
163.51,8.149
163.52,8.149
163.53,8.148
163.54,8.149
163.55,8.149
163.56,8.149
163.57,8.149
163.58,8.149
163.59,8.149
163.6,8.149
163.61,8.149
163.62,8.149
163.63,8.149
163.64,8.150
163.65,8.150
163.66,8.150
163.67,8.150
163.68,8.150
163.69,8.150
163.7,8.150
163.71,8.151
163.72,8.151
163.73,8.151
163.74,8.151
163.75,8.151
163.76,8.151
163.77,8.151
163.78,8.152
163.79,8.152
163.8,8.152
163.81,8.152
163.82,8.152
163.83,8.152
163.84,8.151
163.85,8.151
163.86,8.150
163.87,8.150
163.88,8.149
163.89,8.148
163.9,8.147
163.91,8.147
163.92,8.148
163.93,8.149
163.94,8.149
163.95,8.149
163.96,8.150
163.97,8.150
163.98,8.150
163.99,8.151
164,8.151
164.01,8.151
164.02,8.151
164.03,8.151
164.04,8.151
164.05,8.151
164.06,8.151
164.07,8.151
164.08,8.151
164.09,8.151
164.1,8.151
164.11,8.152
164.12,8.152
164.13,8.153
164.14,8.154
164.15,8.154
164.16,8.155
164.17,8.155
164.18,8.155
164.19,8.156
164.2,8.156
164.21,8.157
164.22,8.157
164.23,8.158
164.24,8.158
164.25,8.159
164.26,8.159
164.27,8.160
164.28,8.160
164.29,8.161
164.3,8.162
164.31,8.162
164.32,8.162
164.33,8.162
164.34,8.163
164.35,8.163
164.36,8.164
164.37,8.165
164.38,8.166
164.39,8.166
164.4,8.166
164.41,8.167
164.42,8.167
164.43,8.167
164.44,8.168
164.45,8.169
164.46,8.169
164.47,8.169
164.48,8.169
164.49,8.170
164.5,8.170
164.51,8.171
164.52,8.172
164.53,8.173
164.54,8.173
164.55,8.174
164.56,8.175
164.57,8.176
164.58,8.177
164.59,8.177
164.6,8.177
164.61,8.177
164.62,8.177
164.63,8.177
164.64,8.176
164.65,8.177
164.66,8.178
164.67,8.178
164.68,8.178
164.69,8.177
164.7,8.177
164.71,8.176
164.72,8.176
164.73,8.176
164.74,8.175
164.75,8.175
164.76,8.174
164.77,8.173
164.78,8.173
164.79,8.173
164.8,8.172
164.81,8.172
164.82,8.171
164.83,8.170
164.84,8.169
164.85,8.169
164.86,8.168
164.87,8.168
164.88,8.167
164.89,8.167
164.9,8.167
164.91,8.167
164.92,8.166
164.93,8.166
164.94,8.166
164.95,8.166
164.96,8.166
164.97,8.166
164.98,8.165
164.99,8.165
165,8.165
165.01,8.165
165.02,8.165
165.03,8.165
165.04,8.165
165.05,8.164
165.06,8.164
165.07,8.164
165.08,8.165
165.09,8.165
165.1,8.166
165.11,8.166
165.12,8.167
165.13,8.166
165.14,8.166
165.15,8.167
165.16,8.166
165.17,8.166
165.18,8.167
165.19,8.167
165.2,8.168
165.21,8.168
165.22,8.169
165.23,8.169
165.24,8.170
165.25,8.170
165.26,8.171
165.27,8.171
165.28,8.172
165.29,8.172
165.3,8.173
165.31,8.173
165.32,8.173
165.33,8.174
165.34,8.174
165.35,8.176
165.36,8.176
165.37,8.179
165.38,8.180
165.39,8.182
165.4,8.183
165.41,8.184
165.42,8.185
165.43,8.186
165.44,8.187
165.45,8.188
165.46,8.189
165.47,8.190
165.48,8.191
165.49,8.192
165.5,8.193
165.51,8.195
165.52,8.196
165.53,8.197
165.54,8.199
165.55,8.200
165.56,8.201
165.57,8.202
165.58,8.204
165.59,8.205
165.6,8.207
165.61,8.208
165.62,8.209
165.63,8.210
165.64,8.211
165.65,8.213
165.66,8.215
165.67,8.216
165.68,8.218
165.69,8.219
165.7,8.219
165.71,8.220
165.72,8.221
165.73,8.222
165.74,8.223
165.75,8.224
165.76,8.225
165.77,8.225
165.78,8.226
165.79,8.227
165.8,8.228
165.81,8.229
165.82,8.230
165.83,8.230
165.84,8.231
165.85,8.232
165.86,8.232
165.87,8.233
165.88,8.235
165.89,8.236
165.9,8.236
165.91,8.237
165.92,8.237
165.93,8.238
165.94,8.239
165.95,8.240
165.96,8.241
165.97,8.242
165.98,8.242
165.99,8.243
166,8.243
166.01,8.244
166.02,8.245
166.03,8.246
166.04,8.247
166.05,8.247
166.06,8.248
166.07,8.249
166.08,8.249
166.09,8.250
166.1,8.251
166.11,8.251
166.12,8.251
166.13,8.251
166.14,8.251
166.15,8.251
166.16,8.251
166.17,8.251
166.18,8.251
166.19,8.252
166.2,8.252
166.21,8.253
166.22,8.253
166.23,8.254
166.24,8.255
166.25,8.256
166.26,8.256
166.27,8.257
166.28,8.257
166.29,8.258
166.3,8.258
166.31,8.259
166.32,8.260
166.33,8.260
166.34,8.261
166.35,8.262
166.36,8.262
166.37,8.262
166.38,8.263
166.39,8.264
166.4,8.265
166.41,8.266
166.42,8.266
166.43,8.266
166.44,8.266
166.45,8.267
166.46,8.267
166.47,8.267
166.48,8.267
166.49,8.266
166.5,8.266
166.51,8.266
166.52,8.266
166.53,8.266
166.54,8.266
166.55,8.266
166.56,8.265
166.57,8.265
166.58,8.264
166.59,8.264
166.6,8.263
166.61,8.263
166.62,8.263
166.63,8.263
166.64,8.264
166.65,8.264
166.66,8.264
166.67,8.265
166.68,8.266
166.69,8.267
166.7,8.268
166.71,8.269
166.72,8.270
166.73,8.270
166.74,8.272
166.75,8.272
166.76,8.272
166.77,8.273
166.78,8.274
166.79,8.275
166.8,8.275
166.81,8.276
166.82,8.276
166.83,8.277
166.84,8.278
166.85,8.279
166.86,8.280
166.87,8.280
166.88,8.280
166.89,8.281
166.9,8.282
166.91,8.283
166.92,8.284
166.93,8.285
166.94,8.285
166.95,8.286
166.96,8.288
166.97,8.289
166.98,8.291
166.99,8.293
167,8.294
167.01,8.296
167.02,8.297
167.03,8.298
167.04,8.300
167.05,8.301
167.06,8.303
167.07,8.305
167.08,8.306
167.09,8.308
167.1,8.309
167.11,8.310
167.12,8.312
167.13,8.313
167.14,8.315
167.15,8.316
167.16,8.317
167.17,8.318
167.18,8.319
167.19,8.319
167.2,8.320
167.21,8.322
167.22,8.322
167.23,8.323
167.24,8.324
167.25,8.326
167.26,8.327
167.27,8.328
167.28,8.330
167.29,8.331
167.3,8.332
167.31,8.333
167.32,8.334
167.33,8.335
167.34,8.337
167.35,8.338
167.36,8.339
167.37,8.341
167.38,8.342
167.39,8.342
167.4,8.343
167.41,8.343
167.42,8.343
167.43,8.344
167.44,8.345
167.45,8.345
167.46,8.345
167.47,8.346
167.48,8.346
167.49,8.346
167.5,8.346
167.51,8.346
167.52,8.346
167.53,8.346
167.54,8.346
167.55,8.346
167.56,8.346
167.57,8.346
167.58,8.346
167.59,8.346
167.6,8.346
167.61,8.345
167.62,8.345
167.63,8.345
167.64,8.346
167.65,8.346
167.66,8.346
167.67,8.346
167.68,8.345
167.69,8.345
167.7,8.345
167.71,8.345
167.72,8.345
167.73,8.344
167.74,8.344
167.75,8.342
167.76,8.341
167.77,8.340
167.78,8.339
167.79,8.339
167.8,8.338
167.81,8.337
167.82,8.336
167.83,8.335
167.84,8.334
167.85,8.334
167.86,8.333
167.87,8.332
167.88,8.332
167.89,8.331
167.9,8.330
167.91,8.329
167.92,8.328
167.93,8.327
167.94,8.327
167.95,8.326
167.96,8.326
167.97,8.325
167.98,8.324
167.99,8.324
168,8.323
168.01,8.323
168.02,8.323
168.03,8.322
168.04,8.321
168.05,8.320
168.06,8.320
168.07,8.319
168.08,8.319
168.09,8.319
168.1,8.318
168.11,8.318
168.12,8.317
168.13,8.316
168.14,8.316
168.15,8.316
168.16,8.315
168.17,8.315
168.18,8.314
168.19,8.314
168.2,8.313
168.21,8.313
168.22,8.313
168.23,8.313
168.24,8.313
168.25,8.312
168.26,8.311
168.27,8.310
168.28,8.310
168.29,8.309
168.3,8.308
168.31,8.308
168.32,8.308
168.33,8.307
168.34,8.306
168.35,8.306
168.36,8.305
168.37,8.304
168.38,8.304
168.39,8.304
168.4,8.303
168.41,8.304
168.42,8.304
168.43,8.305
168.44,8.305
168.45,8.305
168.46,8.306
168.47,8.306
168.48,8.305
168.49,8.305
168.5,8.305
168.51,8.305
168.52,8.305
168.53,8.305
168.54,8.305
168.55,8.306
168.56,8.306
168.57,8.306
168.58,8.306
168.59,8.306
168.6,8.306
168.61,8.307
168.62,8.307
168.63,8.306
168.64,8.306
168.65,8.306
168.66,8.307
168.67,8.306
168.68,8.307
168.69,8.307
168.7,8.306
168.71,8.306
168.72,8.306
168.73,8.306
168.74,8.307
168.75,8.308
168.76,8.309
168.77,8.309
168.78,8.309
168.79,8.310
168.8,8.311
168.81,8.311
168.82,8.312
168.83,8.312
168.84,8.313
168.85,8.313
168.86,8.314
168.87,8.314
168.88,8.315
168.89,8.315
168.9,8.316
168.91,8.316
168.92,8.315
168.93,8.314
168.94,8.314
168.95,8.314
168.96,8.314
168.97,8.314
168.98,8.314
168.99,8.314
169,8.313
169.01,8.313
169.02,8.313
169.03,8.313
169.04,8.312
169.05,8.312
169.06,8.311
169.07,8.309
169.08,8.308
169.09,8.307
169.1,8.306
169.11,8.306
169.12,8.305
169.13,8.305
169.14,8.304
169.15,8.303
169.16,8.302
169.17,8.302
169.18,8.301
169.19,8.301
169.2,8.301
169.21,8.300
169.22,8.300
169.23,8.299
169.24,8.299
169.25,8.298
169.26,8.298
169.27,8.298
169.28,8.297
169.29,8.297
169.3,8.296
169.31,8.296
169.32,8.295
169.33,8.295
169.34,8.295
169.35,8.294
169.36,8.293
169.37,8.293
169.38,8.292
169.39,8.292
169.4,8.291
169.41,8.291
169.42,8.291
169.43,8.291
169.44,8.290
169.45,8.290
169.46,8.290
169.47,8.290
169.48,8.290
169.49,8.290
169.5,8.289
169.51,8.289
169.52,8.288
169.53,8.287
169.54,8.287
169.55,8.286
169.56,8.285
169.57,8.284
169.58,8.283
169.59,8.283
169.6,8.283
169.61,8.282
169.62,8.281
169.63,8.282
169.64,8.282
169.65,8.282
169.66,8.282
169.67,8.282
169.68,8.283
169.69,8.283
169.7,8.284
169.71,8.284
169.72,8.285
169.73,8.285
169.74,8.286
169.75,8.286
169.76,8.286
169.77,8.286
169.78,8.286
169.79,8.285
169.8,8.285
169.81,8.285
169.82,8.285
169.83,8.285
169.84,8.285
169.85,8.285
169.86,8.284
169.87,8.284
169.88,8.284
169.89,8.284
169.9,8.283
169.91,8.282
169.92,8.282
169.93,8.281
169.94,8.281
169.95,8.280
169.96,8.279
169.97,8.279
169.98,8.279
169.99,8.279
170,8.279
170.01,8.278
170.02,8.278
170.03,8.278
170.04,8.278
170.05,8.278
170.06,8.278
170.07,8.278
170.08,8.277
170.09,8.277
170.1,8.277
170.11,8.277
170.12,8.277
170.13,8.277
170.14,8.278
170.15,8.277
170.16,8.277
170.17,8.277
170.18,8.277
170.19,8.276
170.2,8.276
170.21,8.275
170.22,8.274
170.23,8.273
170.24,8.273
170.25,8.273
170.26,8.273
170.27,8.273
170.28,8.273
170.29,8.273
170.3,8.273
170.31,8.274
170.32,8.274
170.33,8.274
170.34,8.274
170.35,8.274
170.36,8.274
170.37,8.274
170.38,8.275
170.39,8.275
170.4,8.275
170.41,8.276
170.42,8.276
170.43,8.276
170.44,8.276
170.45,8.276
170.46,8.277
170.47,8.277
170.48,8.277
170.49,8.277
170.5,8.278
170.51,8.278
170.52,8.277
170.53,8.276
170.54,8.276
170.55,8.275
170.56,8.275
170.57,8.274
170.58,8.273
170.59,8.273
170.6,8.272
170.61,8.272
170.62,8.271
170.63,8.271
170.64,8.270
170.65,8.269
170.66,8.268
170.67,8.268
170.68,8.267
170.69,8.267
170.7,8.267
170.71,8.267
170.72,8.267
170.73,8.267
170.74,8.267
170.75,8.267
170.76,8.267
170.77,8.266
170.78,8.266
170.79,8.266
170.8,8.266
170.81,8.266
170.82,8.267
170.83,8.267
170.84,8.267
170.85,8.267
170.86,8.267
170.87,8.266
170.88,8.266
170.89,8.266
170.9,8.266
170.91,8.266
170.92,8.265
170.93,8.266
170.94,8.265
170.95,8.265
170.96,8.265
170.97,8.264
170.98,8.264
170.99,8.264
171,8.264
171.01,8.264
171.02,8.263
171.03,8.263
171.04,8.263
171.05,8.263
171.06,8.263
171.07,8.263
171.08,8.263
171.09,8.262
171.1,8.262
171.11,8.262
171.12,8.262
171.13,8.261
171.14,8.261
171.15,8.261
171.16,8.261
171.17,8.260
171.18,8.260
171.19,8.259
171.2,8.259
171.21,8.258
171.22,8.257
171.23,8.256
171.24,8.256
171.25,8.255
171.26,8.254
171.27,8.254
171.28,8.254
171.29,8.254
171.3,8.254
171.31,8.254
171.32,8.254
171.33,8.254
171.34,8.254
171.35,8.254
171.36,8.254
171.37,8.254
171.38,8.254
171.39,8.254
171.4,8.254
171.41,8.254
171.42,8.254
171.43,8.254
171.44,8.254
171.45,8.255
171.46,8.255
171.47,8.256
171.48,8.257
171.49,8.258
171.5,8.259
171.51,8.259
171.52,8.260
171.53,8.261
171.54,8.262
171.55,8.263
171.56,8.264
171.57,8.264
171.58,8.265
171.59,8.267
171.6,8.267
171.61,8.268
171.62,8.269
171.63,8.269
171.64,8.270
171.65,8.271
171.66,8.272
171.67,8.273
171.68,8.274
171.69,8.275
171.7,8.276
171.71,8.276
171.72,8.277
171.73,8.278
171.74,8.278
171.75,8.279
171.76,8.281
171.77,8.282
171.78,8.283
171.79,8.284
171.8,8.285
171.81,8.286
171.82,8.287
171.83,8.289
171.84,8.290
171.85,8.290
171.86,8.292
171.87,8.293
171.88,8.294
171.89,8.295
171.9,8.296
171.91,8.297
171.92,8.298
171.93,8.299
171.94,8.300
171.95,8.301
171.96,8.301
171.97,8.301
171.98,8.302
171.99,8.302
172,8.302
172.01,8.302
172.02,8.303
172.03,8.303
172.04,8.303
172.05,8.304
172.06,8.304
172.07,8.304
172.08,8.304
172.09,8.304
172.1,8.304
172.11,8.304
172.12,8.305
172.13,8.305
172.14,8.305
172.15,8.305
172.16,8.306
172.17,8.306
172.18,8.307
172.19,8.308
172.2,8.309
172.21,8.309
172.22,8.310
172.23,8.311
172.24,8.311
172.25,8.311
172.26,8.312
172.27,8.312
172.28,8.312
172.29,8.312
172.3,8.312
172.31,8.313
172.32,8.313
172.33,8.314
172.34,8.314
172.35,8.314
172.36,8.314
172.37,8.314
172.38,8.314
172.39,8.315
172.4,8.316
172.41,8.317
172.42,8.317
172.43,8.318
172.44,8.318
172.45,8.318
172.46,8.319
172.47,8.319
172.48,8.320
172.49,8.320
172.5,8.320
172.51,8.321
172.52,8.321
172.53,8.322
172.54,8.322
172.55,8.322
172.56,8.323
172.57,8.323
172.58,8.324
172.59,8.324
172.6,8.324
172.61,8.325
172.62,8.325
172.63,8.326
172.64,8.326
172.65,8.326
172.66,8.326
172.67,8.326
172.68,8.327
172.69,8.327
172.7,8.327
172.71,8.327
172.72,8.327
172.73,8.328
172.74,8.329
172.75,8.331
172.76,8.332
172.77,8.334
172.78,8.335
172.79,8.337
172.8,8.338
172.81,8.339
172.82,8.340
172.83,8.341
172.84,8.343
172.85,8.344
172.86,8.346
172.87,8.346
172.88,8.348
172.89,8.349
172.9,8.351
172.91,8.352
172.92,8.353
172.93,8.355
172.94,8.356
172.95,8.357
172.96,8.358
172.97,8.359
172.98,8.361
172.99,8.362
173,8.363
173.01,8.364
173.02,8.365
173.03,8.366
173.04,8.367
173.05,8.368
173.06,8.369
173.07,8.371
173.08,8.372
173.09,8.373
173.1,8.374
173.11,8.375
173.12,8.376
173.13,8.377
173.14,8.378
173.15,8.379
173.16,8.380
173.17,8.381
173.18,8.382
173.19,8.383
173.2,8.384
173.21,8.385
173.22,8.385
173.23,8.385
173.24,8.386
173.25,8.387
173.26,8.388
173.27,8.389
173.28,8.390
173.29,8.391
173.3,8.392
173.31,8.392
173.32,8.393
173.33,8.394
173.34,8.395
173.35,8.396
173.36,8.397
173.37,8.398
173.38,8.399
173.39,8.399
173.4,8.400
173.41,8.401
173.42,8.402
173.43,8.403
173.44,8.404
173.45,8.405
173.46,8.406
173.47,8.407
173.48,8.408
173.49,8.409
173.5,8.411
173.51,8.412
173.52,8.414
173.53,8.414
173.54,8.415
173.55,8.416
173.56,8.417
173.57,8.419
173.58,8.420
173.59,8.421
173.6,8.422
173.61,8.422
173.62,8.424
173.63,8.425
173.64,8.426
173.65,8.427
173.66,8.428
173.67,8.429
173.68,8.430
173.69,8.431
173.7,8.432
173.71,8.433
173.72,8.435
173.73,8.435
173.74,8.436
173.75,8.436
173.76,8.436
173.77,8.437
173.78,8.438
173.79,8.438
173.8,8.439
173.81,8.439
173.82,8.439
173.83,8.439
173.84,8.439
173.85,8.439
173.86,8.439
173.87,8.439
173.88,8.439
173.89,8.439
173.9,8.439
173.91,8.439
173.92,8.439
173.93,8.439
173.94,8.439
173.95,8.439
173.96,8.439
173.97,8.438
173.98,8.439
173.99,8.438
174,8.438
174.01,8.438
174.02,8.439
174.03,8.438
174.04,8.439
174.05,8.440
174.06,8.440
174.07,8.441
174.08,8.442
174.09,8.443
174.1,8.444
174.11,8.445
174.12,8.445
174.13,8.445
174.14,8.446
174.15,8.447
174.16,8.447
174.17,8.447
174.18,8.448
174.19,8.448
174.2,8.449
174.21,8.449
174.22,8.450
174.23,8.450
174.24,8.450
174.25,8.451
174.26,8.451
174.27,8.451
174.28,8.451
174.29,8.452
174.3,8.452
174.31,8.453
174.32,8.454
174.33,8.455
174.34,8.456
174.35,8.457
174.36,8.458
174.37,8.459
174.38,8.460
174.39,8.460
174.4,8.461
174.41,8.462
174.42,8.463
174.43,8.464
174.44,8.465
174.45,8.466
174.46,8.466
174.47,8.467
174.48,8.468
174.49,8.468
174.5,8.469
174.51,8.470
174.52,8.471
174.53,8.472
174.54,8.473
174.55,8.474
174.56,8.475
174.57,8.476
174.58,8.476
174.59,8.477
174.6,8.477
174.61,8.478
174.62,8.479
174.63,8.479
174.64,8.480
174.65,8.480
174.66,8.481
174.67,8.481
174.68,8.482
174.69,8.482
174.7,8.482
174.71,8.483
174.72,8.483
174.73,8.484
174.74,8.485
174.75,8.485
174.76,8.487
174.77,8.488
174.78,8.489
174.79,8.490
174.8,8.492
174.81,8.493
174.82,8.494
174.83,8.495
174.84,8.497
174.85,8.498
174.86,8.499
174.87,8.501
174.88,8.502
174.89,8.503
174.9,8.505
174.91,8.507
174.92,8.508
174.93,8.510
174.94,8.512
174.95,8.514
174.96,8.515
174.97,8.517
174.98,8.518
174.99,8.519
175,8.520
175.01,8.522
175.02,8.523
175.03,8.524
175.04,8.525
175.05,8.527
175.06,8.528
175.07,8.529
175.08,8.530
175.09,8.531
175.1,8.532
175.11,8.533
175.12,8.534
175.13,8.535
175.14,8.536
175.15,8.537
175.16,8.538
175.17,8.540
175.18,8.541
175.19,8.542
175.2,8.543
175.21,8.544
175.22,8.545
175.23,8.546
175.24,8.547
175.25,8.547
175.26,8.548
175.27,8.548
175.28,8.549
175.29,8.549
175.3,8.549
175.31,8.550
175.32,8.550
175.33,8.551
175.34,8.551
175.35,8.551
175.36,8.552
175.37,8.552
175.38,8.552
175.39,8.552
175.4,8.552
175.41,8.552
175.42,8.552
175.43,8.552
175.44,8.552
175.45,8.552
175.46,8.551
175.47,8.552
175.48,8.552
175.49,8.553
175.5,8.553
175.51,8.553
175.52,8.554
175.53,8.555
175.54,8.556
175.55,8.557
175.56,8.558
175.57,8.559
175.58,8.560
175.59,8.561
175.6,8.561
175.61,8.562
175.62,8.563
175.63,8.564
175.64,8.565
175.65,8.566
175.66,8.567
175.67,8.567
175.68,8.568
175.69,8.569
175.7,8.570
175.71,8.571
175.72,8.572
175.73,8.573
175.74,8.573
175.75,8.574
175.76,8.575
175.77,8.577
175.78,8.578
175.79,8.579
175.8,8.580
175.81,8.581
175.82,8.582
175.83,8.582
175.84,8.584
175.85,8.585
175.86,8.586
175.87,8.587
175.88,8.588
175.89,8.589
175.9,8.590
175.91,8.592
175.92,8.593
175.93,8.594
175.94,8.595
175.95,8.597
175.96,8.598
175.97,8.599
175.98,8.600
175.99,8.602
176,8.603
176.01,8.604
176.02,8.606
176.03,8.607
176.04,8.608
176.05,8.609
176.06,8.610
176.07,8.612
176.08,8.613
176.09,8.614
176.1,8.616
176.11,8.617
176.12,8.618
176.13,8.619
176.14,8.620
176.15,8.622
176.16,8.623
176.17,8.624
176.18,8.625
176.19,8.626
176.2,8.628
176.21,8.629
176.22,8.630
176.23,8.631
176.24,8.632
176.25,8.633
176.26,8.634
176.27,8.635
176.28,8.635
176.29,8.635
176.3,8.636
176.31,8.636
176.32,8.637
176.33,8.637
176.34,8.638
176.35,8.637
176.36,8.637
176.37,8.636
176.38,8.635
176.39,8.635
176.4,8.634
176.41,8.633
176.42,8.631
176.43,8.630
176.44,8.629
176.45,8.629
176.46,8.629
176.47,8.628
176.48,8.628
176.49,8.628
176.5,8.627
176.51,8.627
176.52,8.627
176.53,8.626
176.54,8.626
176.55,8.625
176.56,8.625
176.57,8.624
176.58,8.624
176.59,8.624
176.6,8.623
176.61,8.623
176.62,8.623
176.63,8.623
176.64,8.622
176.65,8.622
176.66,8.622
176.67,8.621
176.68,8.621
176.69,8.621
176.7,8.620
176.71,8.620
176.72,8.620
176.73,8.620
176.74,8.620
176.75,8.619
176.76,8.618
176.77,8.618
176.78,8.617
176.79,8.616
176.8,8.615
176.81,8.614
176.82,8.613
176.83,8.613
176.84,8.612
176.85,8.610
176.86,8.609
176.87,8.609
176.88,8.608
176.89,8.608
176.9,8.607
176.91,8.606
176.92,8.605
176.93,8.604
176.94,8.604
176.95,8.603
176.96,8.602
176.97,8.602
176.98,8.601
176.99,8.601
177,8.600
177.01,8.600
177.02,8.599
177.03,8.599
177.04,8.598
177.05,8.597
177.06,8.597
177.07,8.596
177.08,8.596
177.09,8.595
177.1,8.595
177.11,8.595
177.12,8.596
177.13,8.596
177.14,8.596
177.15,8.596
177.16,8.596
177.17,8.597
177.18,8.597
177.19,8.597
177.2,8.597
177.21,8.597
177.22,8.598
177.23,8.598
177.24,8.598
177.25,8.598
177.26,8.598
177.27,8.598
177.28,8.598
177.29,8.599
177.3,8.599
177.31,8.599
177.32,8.599
177.33,8.599
177.34,8.598
177.35,8.598
177.36,8.599
177.37,8.599
177.38,8.600
177.39,8.600
177.4,8.600
177.41,8.600
177.42,8.600
177.43,8.600
177.44,8.600
177.45,8.600
177.46,8.600
177.47,8.600
177.48,8.599
177.49,8.599
177.5,8.599
177.51,8.600
177.52,8.600
177.53,8.600
177.54,8.600
177.55,8.600
177.56,8.600
177.57,8.600
177.58,8.600
177.59,8.600
177.6,8.600
177.61,8.600
177.62,8.600
177.63,8.600
177.64,8.600
177.65,8.601
177.66,8.601
177.67,8.602
177.68,8.602
177.69,8.603
177.7,8.603
177.71,8.603
177.72,8.604
177.73,8.604
177.74,8.604
177.75,8.604
177.76,8.603
177.77,8.603
177.78,8.603
177.79,8.603
177.8,8.603
177.81,8.603
177.82,8.603
177.83,8.602
177.84,8.602
177.85,8.602
177.86,8.602
177.87,8.601
177.88,8.601
177.89,8.601
177.9,8.601
177.91,8.600
177.92,8.600
177.93,8.600
177.94,8.600
177.95,8.600
177.96,8.600
177.97,8.599
177.98,8.599
177.99,8.599
178,8.599
178.01,8.598
178.02,8.598
178.03,8.598
178.04,8.598
178.05,8.598
178.06,8.598
178.07,8.598
178.08,8.597
178.09,8.597
178.1,8.597
178.11,8.597
178.12,8.597
178.13,8.597
178.14,8.597
178.15,8.596
178.16,8.596
178.17,8.596
178.18,8.595
178.19,8.595
178.2,8.595
178.21,8.595
178.22,8.595
178.23,8.595
178.24,8.595
178.25,8.595
178.26,8.595
178.27,8.596
178.28,8.596
178.29,8.596
178.3,8.596
178.31,8.596
178.32,8.597
178.33,8.597
178.34,8.597
178.35,8.597
178.36,8.598
178.37,8.598
178.38,8.598
178.39,8.598
178.4,8.598
178.41,8.598
178.42,8.599
178.43,8.599
178.44,8.599
178.45,8.599
178.46,8.599
178.47,8.599
178.48,8.599
178.49,8.599
178.5,8.599
178.51,8.599
178.52,8.600
178.53,8.599
178.54,8.600
178.55,8.600
178.56,8.600
178.57,8.600
178.58,8.600
178.59,8.600
178.6,8.600
178.61,8.600
178.62,8.600
178.63,8.600
178.64,8.600
178.65,8.599
178.66,8.599
178.67,8.599
178.68,8.599
178.69,8.599
178.7,8.599
178.71,8.599
178.72,8.599
178.73,8.599
178.74,8.599
178.75,8.599
178.76,8.599
178.77,8.599
178.78,8.599
178.79,8.599
178.8,8.599
178.81,8.599
178.82,8.599
178.83,8.600
178.84,8.600
178.85,8.601
178.86,8.601
178.87,8.602
178.88,8.602
178.89,8.603
178.9,8.604
178.91,8.604
178.92,8.605
178.93,8.605
178.94,8.606
178.95,8.606
178.96,8.607
178.97,8.607
178.98,8.607
178.99,8.608
179,8.608
179.01,8.609
179.02,8.609
179.03,8.610
179.04,8.610
179.05,8.611
179.06,8.611
179.07,8.612
179.08,8.612
179.09,8.612
179.1,8.613
179.11,8.613
179.12,8.614
179.13,8.615
179.14,8.615
179.15,8.615
179.16,8.616
179.17,8.616
179.18,8.617
179.19,8.617
179.2,8.618
179.21,8.619
179.22,8.619
179.23,8.620
179.24,8.621
179.25,8.621
179.26,8.622
179.27,8.623
179.28,8.623
179.29,8.624
179.3,8.624
179.31,8.625
179.32,8.625
179.33,8.625
179.34,8.625
179.35,8.625
179.36,8.625
179.37,8.625
179.38,8.625
179.39,8.626
179.4,8.626
179.41,8.626
179.42,8.626
179.43,8.626
179.44,8.627
179.45,8.627
179.46,8.627
179.47,8.628
179.48,8.628
179.49,8.628
179.5,8.629
179.51,8.629
179.52,8.629
179.53,8.629
179.54,8.629
179.55,8.630
179.56,8.629
179.57,8.629
179.58,8.630
179.59,8.630
179.6,8.630
179.61,8.631
179.62,8.631
179.63,8.631
179.64,8.631
179.65,8.631
179.66,8.631
179.67,8.631
179.68,8.631
179.69,8.631
179.7,8.632
179.71,8.632
179.72,8.632
179.73,8.632
179.74,8.632
179.75,8.632
179.76,8.632
179.77,8.632
179.78,8.632
179.79,8.632
179.8,8.632
179.81,8.632
179.82,8.632
179.83,8.632
179.84,8.632
179.85,8.632
179.86,8.632
179.87,8.632
179.88,8.632
179.89,8.632
179.9,8.632
179.91,8.632
179.92,8.632
179.93,8.632
179.94,8.632
179.95,8.632
179.96,8.632
179.97,8.632
179.98,8.632
179.99,8.632
180,8.632
180.01,8.631
180.02,8.631
180.03,8.631
180.04,8.631
180.05,8.631
180.06,8.631
180.07,8.631
180.08,8.631
180.09,8.631
180.1,8.631
180.11,8.631
180.12,8.631
180.13,8.630
180.14,8.630
180.15,8.630
180.16,8.630
180.17,8.630
180.18,8.630
180.19,8.629
180.2,8.629
180.21,8.629
180.22,8.628
180.23,8.628
180.24,8.628
180.25,8.628
180.26,8.628
180.27,8.628
180.28,8.627
180.29,8.627
180.3,8.627
180.31,8.627
180.32,8.627
180.33,8.627
180.34,8.627
180.35,8.627
180.36,8.627
180.37,8.626
180.38,8.627
180.39,8.627
180.4,8.627
180.41,8.628
180.42,8.628
180.43,8.629
180.44,8.629
180.45,8.630
180.46,8.630
180.47,8.630
180.48,8.630
180.49,8.630
180.5,8.630
180.51,8.630
180.52,8.630
180.53,8.630
180.54,8.630
180.55,8.630
180.56,8.631
180.57,8.631
180.58,8.631
180.59,8.631
180.6,8.632
180.61,8.632
180.62,8.632
180.63,8.632
180.64,8.633
180.65,8.633
180.66,8.633
180.67,8.634
180.68,8.634
180.69,8.634
180.7,8.634
180.71,8.634
180.72,8.634
180.73,8.634
180.74,8.634
180.75,8.634
180.76,8.635
180.77,8.635
180.78,8.635
180.79,8.635
180.8,8.635
180.81,8.635
180.82,8.635
180.83,8.635
180.84,8.635
180.85,8.635
180.86,8.635
180.87,8.635
180.88,8.635
180.89,8.635
180.9,8.634
180.91,8.634
180.92,8.633
180.93,8.633
180.94,8.633
180.95,8.632
180.96,8.633
180.97,8.633
180.98,8.633
180.99,8.633
181,8.632
181.01,8.632
181.02,8.632
181.03,8.632
181.04,8.632
181.05,8.632
181.06,8.632
181.07,8.632
181.08,8.632
181.09,8.632
181.1,8.632
181.11,8.632
181.12,8.632
181.13,8.632
181.14,8.632
181.15,8.632
181.16,8.631
181.17,8.631
181.18,8.631
181.19,8.631
181.2,8.631
181.21,8.630
181.22,8.630
181.23,8.630
181.24,8.630
181.25,8.629
181.26,8.629
181.27,8.629
181.28,8.629
181.29,8.629
181.3,8.629
181.31,8.629
181.32,8.629
181.33,8.629
181.34,8.628
181.35,8.629
181.36,8.630
181.37,8.631
181.38,8.632
181.39,8.633
181.4,8.634
181.41,8.636
181.42,8.637
181.43,8.639
181.44,8.641
181.45,8.641
181.46,8.642
181.47,8.642
181.48,8.643
181.49,8.644
181.5,8.644
181.51,8.645
181.52,8.646
181.53,8.647
181.54,8.648
181.55,8.648
181.56,8.649
181.57,8.650
181.58,8.651
181.59,8.651
181.6,8.652
181.61,8.653
181.62,8.653
181.63,8.654
181.64,8.654
181.65,8.655
181.66,8.656
181.67,8.657
181.68,8.657
181.69,8.658
181.7,8.659
181.71,8.660
181.72,8.661
181.73,8.661
181.74,8.662
181.75,8.663
181.76,8.663
181.77,8.664
181.78,8.665
181.79,8.666
181.8,8.667
181.81,8.668
181.82,8.669
181.83,8.669
181.84,8.669
181.85,8.669
181.86,8.669
181.87,8.669
181.88,8.669
181.89,8.669
181.9,8.669
181.91,8.670
181.92,8.670
181.93,8.670
181.94,8.670
181.95,8.670
181.96,8.670
181.97,8.670
181.98,8.670
181.99,8.670
182,8.670
182.01,8.670
182.02,8.670
182.03,8.670
182.04,8.670
182.05,8.670
182.06,8.670
182.07,8.670
182.08,8.671
182.09,8.671
182.1,8.670
182.11,8.669
182.12,8.669
182.13,8.668
182.14,8.668
182.15,8.667
182.16,8.666
182.17,8.666
182.18,8.665
182.19,8.664
182.2,8.663
182.21,8.663
182.22,8.662
182.23,8.661
182.24,8.661
182.25,8.660
182.26,8.659
182.27,8.659
182.28,8.658
182.29,8.656
182.3,8.655
182.31,8.654
182.32,8.653
182.33,8.652
182.34,8.652
182.35,8.652
182.36,8.652
182.37,8.652
182.38,8.651
182.39,8.651
182.4,8.651
182.41,8.651
182.42,8.650
182.43,8.650
182.44,8.650
182.45,8.649
182.46,8.648
182.47,8.647
182.48,8.646
182.49,8.645
182.5,8.644
182.51,8.643
182.52,8.642
182.53,8.640
182.54,8.639
182.55,8.639
182.56,8.637
182.57,8.637
182.58,8.636
182.59,8.635
182.6,8.634
182.61,8.633
182.62,8.632
182.63,8.631
182.64,8.630
182.65,8.629
182.66,8.629
182.67,8.628
182.68,8.627
182.69,8.627
182.7,8.626
182.71,8.625
182.72,8.625
182.73,8.624
182.74,8.623
182.75,8.623
182.76,8.622
182.77,8.622
182.78,8.621
182.79,8.621
182.8,8.620
182.81,8.620
182.82,8.619
182.83,8.619
182.84,8.618
182.85,8.618
182.86,8.617
182.87,8.617
182.88,8.617
182.89,8.616
182.9,8.616
182.91,8.615
182.92,8.615
182.93,8.614
182.94,8.614
182.95,8.613
182.96,8.613
182.97,8.612
182.98,8.612
182.99,8.611
183,8.611
183.01,8.610
183.02,8.610
183.03,8.609
183.04,8.609
183.05,8.608
183.06,8.608
183.07,8.607
183.08,8.607
183.09,8.606
183.1,8.605
183.11,8.605
183.12,8.604
183.13,8.604
183.14,8.604
183.15,8.603
183.16,8.603
183.17,8.603
183.18,8.602
183.19,8.602
183.2,8.602
183.21,8.602
183.22,8.601
183.23,8.601
183.24,8.600
183.25,8.599
183.26,8.599
183.27,8.598
183.28,8.597
183.29,8.597
183.3,8.596
183.31,8.595
183.32,8.595
183.33,8.594
183.34,8.593
183.35,8.593
183.36,8.593
183.37,8.593
183.38,8.593
183.39,8.593
183.4,8.593
183.41,8.593
183.42,8.593
183.43,8.593
183.44,8.593
183.45,8.593
183.46,8.593
183.47,8.593
183.48,8.593
183.49,8.593
183.5,8.592
183.51,8.592
183.52,8.592
183.53,8.592
183.54,8.592
183.55,8.591
183.56,8.591
183.57,8.591
183.58,8.591
183.59,8.590
183.6,8.590
183.61,8.590
183.62,8.589
183.63,8.589
183.64,8.588
183.65,8.588
183.66,8.588
183.67,8.587
183.68,8.587
183.69,8.586
183.7,8.586
183.71,8.585
183.72,8.584
183.73,8.584
183.74,8.584
183.75,8.583
183.76,8.583
183.77,8.583
183.78,8.583
183.79,8.583
183.8,8.583
183.81,8.583
183.82,8.583
183.83,8.583
183.84,8.583
183.85,8.583
183.86,8.582
183.87,8.582
183.88,8.581
183.89,8.581
183.9,8.580
183.91,8.580
183.92,8.579
183.93,8.578
183.94,8.578
183.95,8.577
183.96,8.577
183.97,8.576
183.98,8.576
183.99,8.575
184,8.575
184.01,8.574
184.02,8.574
184.03,8.574
184.04,8.573
184.05,8.573
184.06,8.572
184.07,8.572
184.08,8.572
184.09,8.571
184.1,8.571
184.11,8.570
184.12,8.570
184.13,8.569
184.14,8.569
184.15,8.568
184.16,8.568
184.17,8.567
184.18,8.567
184.19,8.566
184.2,8.566
184.21,8.565
184.22,8.565
184.23,8.564
184.24,8.564
184.25,8.563
184.26,8.562
184.27,8.562
184.28,8.561
184.29,8.561
184.3,8.560
184.31,8.559
184.32,8.559
184.33,8.558
184.34,8.557
184.35,8.557
184.36,8.556
184.37,8.556
184.38,8.556
184.39,8.556
184.4,8.556
184.41,8.556
184.42,8.556
184.43,8.556
184.44,8.556
184.45,8.556
184.46,8.556
184.47,8.556
184.48,8.556
184.49,8.556
184.5,8.556
184.51,8.556
184.52,8.555
184.53,8.555
184.54,8.555
184.55,8.554
184.56,8.555
184.57,8.555
184.58,8.555
184.59,8.555
184.6,8.555
184.61,8.555
184.62,8.555
184.63,8.555
184.64,8.554
184.65,8.554
184.66,8.554
184.67,8.554
184.68,8.554
184.69,8.554
184.7,8.554
184.71,8.554
184.72,8.554
184.73,8.553
184.74,8.553
184.75,8.553
184.76,8.553
184.77,8.552
184.78,8.552
184.79,8.552
184.8,8.552
184.81,8.551
184.82,8.551
184.83,8.550
184.84,8.549
184.85,8.548
184.86,8.548
184.87,8.547
184.88,8.546
184.89,8.545
184.9,8.544
184.91,8.544
184.92,8.543
184.93,8.542
184.94,8.541
184.95,8.540
184.96,8.540
184.97,8.539
184.98,8.538
184.99,8.538
185,8.537
185.01,8.536
185.02,8.535
185.03,8.535
185.04,8.534
185.05,8.534
185.06,8.533
185.07,8.533
185.08,8.532
185.09,8.531
185.1,8.531
185.11,8.530
185.12,8.530
185.13,8.529
185.14,8.528
185.15,8.528
185.16,8.527
185.17,8.527
185.18,8.526
185.19,8.526
185.2,8.526
185.21,8.525
185.22,8.525
185.23,8.525
185.24,8.524
185.25,8.524
185.26,8.523
185.27,8.523
185.28,8.522
185.29,8.522
185.3,8.521
185.31,8.521
185.32,8.520
185.33,8.520
185.34,8.519
185.35,8.519
185.36,8.518
185.37,8.518
185.38,8.517
185.39,8.518
185.4,8.518
185.41,8.518
185.42,8.518
185.43,8.518
185.44,8.518
185.45,8.518
185.46,8.518
185.47,8.518
185.48,8.518
185.49,8.518
185.5,8.518
185.51,8.518
185.52,8.519
185.53,8.519
185.54,8.519
185.55,8.519
185.56,8.519
185.57,8.518
185.58,8.519
185.59,8.519
185.6,8.518
185.61,8.518
185.62,8.518
185.63,8.518
185.64,8.518
185.65,8.518
185.66,8.518
185.67,8.518
185.68,8.518
185.69,8.518
185.7,8.518
185.71,8.518
185.72,8.518
185.73,8.518
185.74,8.518
185.75,8.518
185.76,8.518
185.77,8.518
185.78,8.518
185.79,8.518
185.8,8.518
185.81,8.518
185.82,8.518
185.83,8.518
185.84,8.517
185.85,8.516
185.86,8.516
185.87,8.515
185.88,8.515
185.89,8.514
185.9,8.514
185.91,8.513
185.92,8.513
185.93,8.512
185.94,8.512
185.95,8.511
185.96,8.511
185.97,8.510
185.98,8.509
185.99,8.508
186,8.507
186.01,8.506
186.02,8.506
186.03,8.505
186.04,8.504
186.05,8.503
186.06,8.503
186.07,8.502
186.08,8.501
186.09,8.500
186.1,8.500
186.11,8.499
186.12,8.498
186.13,8.498
186.14,8.497
186.15,8.496
186.16,8.496
186.17,8.495
186.18,8.495
186.19,8.494
186.2,8.494
186.21,8.494
186.22,8.493
186.23,8.493
186.24,8.492
186.25,8.492
186.26,8.491
186.27,8.491
186.28,8.490
186.29,8.490
186.3,8.489
186.31,8.489
186.32,8.488
186.33,8.488
186.34,8.487
186.35,8.487
186.36,8.486
186.37,8.485
186.38,8.484
186.39,8.482
186.4,8.482
186.41,8.482
186.42,8.482
186.43,8.481
186.44,8.481
186.45,8.481
186.46,8.481
186.47,8.481
186.48,8.481
186.49,8.481
186.5,8.481
186.51,8.481
186.52,8.481
186.53,8.481
186.54,8.481
186.55,8.481
186.56,8.482
186.57,8.482
186.58,8.482
186.59,8.482
186.6,8.482
186.61,8.482
186.62,8.482
186.63,8.482
186.64,8.482
186.65,8.482
186.66,8.482
186.67,8.482
186.68,8.482
186.69,8.482
186.7,8.482
186.71,8.482
186.72,8.482
186.73,8.482
186.74,8.482
186.75,8.482
186.76,8.482
186.77,8.482
186.78,8.482
186.79,8.482
186.8,8.482
186.81,8.482
186.82,8.482
186.83,8.482
186.84,8.483
186.85,8.484
186.86,8.484
186.87,8.485
186.88,8.484
186.89,8.485
186.9,8.484
186.91,8.484
186.92,8.484
186.93,8.484
186.94,8.484
186.95,8.484
186.96,8.484
186.97,8.484
186.98,8.484
186.99,8.484
187,8.484
187.01,8.484
187.02,8.484
187.03,8.484
187.04,8.483
187.05,8.483
187.06,8.483
187.07,8.482
187.08,8.482
187.09,8.482
187.1,8.482
187.11,8.482
187.12,8.481
187.13,8.481
187.14,8.481
187.15,8.481
187.16,8.481
187.17,8.480
187.18,8.480
187.19,8.480
187.2,8.480
187.21,8.480
187.22,8.480
187.23,8.480
187.24,8.480
187.25,8.480
187.26,8.480
187.27,8.479
187.28,8.480
187.29,8.480
187.3,8.481
187.31,8.482
187.32,8.482
187.33,8.482
187.34,8.482
187.35,8.482
187.36,8.481
187.37,8.481
187.38,8.480
187.39,8.480
187.4,8.479
187.41,8.480
187.42,8.480
187.43,8.480
187.44,8.481
187.45,8.482
187.46,8.482
187.47,8.483
187.48,8.484
187.49,8.486
187.5,8.487
187.51,8.487
187.52,8.487
187.53,8.487
187.54,8.487
187.55,8.486
187.56,8.486
187.57,8.486
187.58,8.486
187.59,8.485
187.6,8.485
187.61,8.485
187.62,8.485
187.63,8.485
187.64,8.485
187.65,8.484
187.66,8.484
187.67,8.484
187.68,8.483
187.69,8.483
187.7,8.482
187.71,8.482
187.72,8.482
187.73,8.481
187.74,8.481
187.75,8.481
187.76,8.480
187.77,8.480
187.78,8.479
187.79,8.479
187.8,8.478
187.81,8.478
187.82,8.478
187.83,8.477
187.84,8.477
187.85,8.476
187.86,8.476
187.87,8.475
187.88,8.475
187.89,8.476
187.9,8.476
187.91,8.476
187.92,8.476
187.93,8.477
187.94,8.477
187.95,8.477
187.96,8.477
187.97,8.477
187.98,8.477
187.99,8.477
188,8.478
188.01,8.478
188.02,8.478
188.03,8.479
188.04,8.479
188.05,8.479
188.06,8.479
188.07,8.480
188.08,8.480
188.09,8.480
188.1,8.481
188.11,8.481
188.12,8.481
188.13,8.481
188.14,8.482
188.15,8.482
188.16,8.482
188.17,8.482
188.18,8.483
188.19,8.483
188.2,8.483
188.21,8.483
188.22,8.483
188.23,8.484
188.24,8.484
188.25,8.484
188.26,8.484
188.27,8.485
188.28,8.485
188.29,8.485
188.3,8.485
188.31,8.486
188.32,8.486
188.33,8.486
188.34,8.486
188.35,8.485
188.36,8.484
188.37,8.483
188.38,8.482
188.39,8.481
188.4,8.479
188.41,8.478
188.42,8.477
188.43,8.476
188.44,8.475
188.45,8.474
188.46,8.473
188.47,8.472
188.48,8.471
188.49,8.470
188.5,8.469
188.51,8.468
188.52,8.467
188.53,8.466
188.54,8.465
188.55,8.464
188.56,8.463
188.57,8.462
188.58,8.461
188.59,8.461
188.6,8.460
188.61,8.459
188.62,8.458
188.63,8.457
188.64,8.456
188.65,8.455
188.66,8.454
188.67,8.453
188.68,8.452
188.69,8.450
188.7,8.449
188.71,8.448
188.72,8.448
188.73,8.447
188.74,8.446
188.75,8.446
188.76,8.444
188.77,8.444
188.78,8.443
188.79,8.442
188.8,8.441
188.81,8.440
188.82,8.439
188.83,8.438
188.84,8.437
188.85,8.436
188.86,8.435
188.87,8.435
188.88,8.434
188.89,8.434
188.9,8.433
188.91,8.433
188.92,8.432
188.93,8.433
188.94,8.433
188.95,8.433
188.96,8.433
188.97,8.434
188.98,8.434
188.99,8.434
189,8.434
189.01,8.434
189.02,8.434
189.03,8.433
189.04,8.432
189.05,8.432
189.06,8.431
189.07,8.431
189.08,8.430
189.09,8.430
189.1,8.429
189.11,8.428
189.12,8.427
189.13,8.427
189.14,8.426
189.15,8.426
189.16,8.425
189.17,8.424
189.18,8.424
189.19,8.423
189.2,8.422
189.21,8.422
189.22,8.421
189.23,8.421
189.24,8.420
189.25,8.419
189.26,8.418
189.27,8.418
189.28,8.417
189.29,8.417
189.3,8.416
189.31,8.415
189.32,8.415
189.33,8.414
189.34,8.414
189.35,8.413
189.36,8.412
189.37,8.411
189.38,8.409
189.39,8.408
189.4,8.407
189.41,8.406
189.42,8.405
189.43,8.404
189.44,8.402
189.45,8.401
189.46,8.400
189.47,8.399
189.48,8.398
189.49,8.397
189.5,8.396
189.51,8.395
189.52,8.394
189.53,8.392
189.54,8.392
189.55,8.391
189.56,8.390
189.57,8.388
189.58,8.387
189.59,8.387
189.6,8.385
189.61,8.384
189.62,8.384
189.63,8.383
189.64,8.382
189.65,8.381
189.66,8.380
189.67,8.379
189.68,8.378
189.69,8.377
189.7,8.376
189.71,8.375
189.72,8.374
189.73,8.373
189.74,8.372
189.75,8.371
189.76,8.370
189.77,8.370
189.78,8.369
189.79,8.368
189.8,8.367
189.81,8.366
189.82,8.365
189.83,8.365
189.84,8.365
189.85,8.365
189.86,8.365
189.87,8.364
189.88,8.364
189.89,8.364
189.9,8.364
189.91,8.364
189.92,8.364
189.93,8.365
189.94,8.365
189.95,8.365
189.96,8.366
189.97,8.366
189.98,8.366
189.99,8.367
190,8.367
190.01,8.367
190.02,8.368
190.03,8.368
190.04,8.368
190.05,8.367
190.06,8.367
190.07,8.366
190.08,8.365
190.09,8.365
190.1,8.365
190.11,8.364
190.12,8.364
190.13,8.363
190.14,8.363
190.15,8.363
190.16,8.363
190.17,8.363
190.18,8.362
190.19,8.361
190.2,8.360
190.21,8.360
190.22,8.359
190.23,8.359
190.24,8.358
190.25,8.357
190.26,8.357
190.27,8.357
190.28,8.356
190.29,8.355
190.3,8.355
190.31,8.355
190.32,8.354
190.33,8.354
190.34,8.353
190.35,8.353
190.36,8.353
190.37,8.352
190.38,8.351
190.39,8.350
190.4,8.349
190.41,8.348
190.42,8.347
190.43,8.346
190.44,8.345
190.45,8.343
190.46,8.342
190.47,8.341
190.48,8.339
190.49,8.339
190.5,8.337
190.51,8.336
190.52,8.335
190.53,8.334
190.54,8.333
190.55,8.332
190.56,8.331
190.57,8.330
190.58,8.329
190.59,8.327
190.6,8.326
190.61,8.325
190.62,8.324
190.63,8.322
190.64,8.321
190.65,8.319
190.66,8.318
190.67,8.317
190.68,8.316
190.69,8.315
190.7,8.314
190.71,8.312
190.72,8.312
190.73,8.310
190.74,8.308
190.75,8.307
190.76,8.306
190.77,8.305
190.78,8.304
190.79,8.303
190.8,8.302
190.81,8.301
190.82,8.299
190.83,8.298
190.84,8.297
190.85,8.297
190.86,8.297
190.87,8.297
190.88,8.297
190.89,8.297
190.9,8.298
190.91,8.298
190.92,8.298
190.93,8.298
190.94,8.299
190.95,8.299
190.96,8.299
190.97,8.300
190.98,8.300
190.99,8.300
191,8.300
191.01,8.301
191.02,8.301
191.03,8.301
191.04,8.301
191.05,8.302
191.06,8.302
191.07,8.302
191.08,8.302
191.09,8.301
191.1,8.301
191.11,8.300
191.12,8.300
191.13,8.299
191.14,8.299
191.15,8.298
191.16,8.298
191.17,8.297
191.18,8.296
191.19,8.296
191.2,8.296
191.21,8.295
191.22,8.295
191.23,8.295
191.24,8.294
191.25,8.294
191.26,8.294
191.27,8.294
191.28,8.293
191.29,8.292
191.3,8.292
191.31,8.292
191.32,8.291
191.33,8.291
191.34,8.290
191.35,8.289
191.36,8.289
191.37,8.289
191.38,8.289
191.39,8.288
191.4,8.287
191.41,8.286
191.42,8.285
191.43,8.283
191.44,8.281
191.45,8.280
191.46,8.280
191.47,8.279
191.48,8.277
191.49,8.276
191.5,8.275
191.51,8.274
191.52,8.273
191.53,8.272
191.54,8.270
191.55,8.269
191.56,8.268
191.57,8.267
191.58,8.266
191.59,8.265
191.6,8.263
191.61,8.262
191.62,8.261
191.63,8.260
191.64,8.258
191.65,8.257
191.66,8.256
191.67,8.255
191.68,8.254
191.69,8.253
191.7,8.252
191.71,8.251
191.72,8.250
191.73,8.249
191.74,8.247
191.75,8.246
191.76,8.244
191.77,8.243
191.78,8.242
191.79,8.240
191.8,8.239
191.81,8.238
191.82,8.237
191.83,8.236
191.84,8.236
191.85,8.235
191.86,8.235
191.87,8.234
191.88,8.234
191.89,8.233
191.9,8.232
191.91,8.232
191.92,8.233
191.93,8.233
191.94,8.234
191.95,8.234
191.96,8.234
191.97,8.235
191.98,8.235
191.99,8.235
192,8.235
192.01,8.236
192.02,8.236
192.03,8.236
192.04,8.237
192.05,8.237
192.06,8.237
192.07,8.238
192.08,8.238
192.09,8.237
192.1,8.237
192.11,8.237
192.12,8.237
192.13,8.237
192.14,8.237
192.15,8.237
192.16,8.237
192.17,8.237
192.18,8.238
192.19,8.237
192.2,8.237
192.21,8.237
192.22,8.237
192.23,8.236
192.24,8.236
192.25,8.236
192.26,8.237
192.27,8.237
192.28,8.236
192.29,8.236
192.3,8.236
192.31,8.236
192.32,8.235
192.33,8.236
192.34,8.235
192.35,8.236
192.36,8.235
192.37,8.235
192.38,8.235
192.39,8.235
192.4,8.234
192.41,8.234
192.42,8.233
192.43,8.232
192.44,8.231
192.45,8.230
192.46,8.229
192.47,8.229
192.48,8.228
192.49,8.227
192.5,8.226
192.51,8.227
192.52,8.227
192.53,8.228
192.54,8.228
192.55,8.229
192.56,8.229
192.57,8.230
192.58,8.230
192.59,8.231
192.6,8.231
192.61,8.231
192.62,8.232
192.63,8.232
192.64,8.233
192.65,8.233
192.66,8.233
192.67,8.234
192.68,8.234
192.69,8.235
192.7,8.235
192.71,8.235
192.72,8.236
192.73,8.236
192.74,8.237
192.75,8.237
192.76,8.238
192.77,8.238
192.78,8.239
192.79,8.239
192.8,8.240
192.81,8.240
192.82,8.240
192.83,8.241
192.84,8.241
192.85,8.242
192.86,8.243
192.87,8.243
192.88,8.243
192.89,8.243
192.9,8.242
192.91,8.242
192.92,8.242
192.93,8.242
192.94,8.242
192.95,8.241
192.96,8.242
192.97,8.241
192.98,8.241
192.99,8.241
193,8.241
193.01,8.240
193.02,8.240
193.03,8.240
193.04,8.240
193.05,8.239
193.06,8.239
193.07,8.239
193.08,8.239
193.09,8.238
193.1,8.238
193.11,8.238
193.12,8.238
193.13,8.237
193.14,8.237
193.15,8.237
193.16,8.237
193.17,8.237
193.18,8.236
193.19,8.236
193.2,8.236
193.21,8.235
193.22,8.235
193.23,8.235
193.24,8.234
193.25,8.234
193.26,8.233
193.27,8.233
193.28,8.233
193.29,8.232
193.3,8.232
193.31,8.231
193.32,8.231
193.33,8.231
193.34,8.231
193.35,8.231
193.36,8.231
193.37,8.231
193.38,8.231
193.39,8.231
193.4,8.231
193.41,8.231
193.42,8.231
193.43,8.232
193.44,8.232
193.45,8.232
193.46,8.233
193.47,8.233
193.48,8.233
193.49,8.234
193.5,8.234
193.51,8.235
193.52,8.235
193.53,8.235
193.54,8.236
193.55,8.236
193.56,8.236
193.57,8.237
193.58,8.237
193.59,8.237
193.6,8.238
193.61,8.239
193.62,8.239
193.63,8.240
193.64,8.241
193.65,8.242
193.66,8.243
193.67,8.244
193.68,8.245
193.69,8.246
193.7,8.247
193.71,8.248
193.72,8.249
193.73,8.249
193.74,8.250
193.75,8.250
193.76,8.251
193.77,8.251
193.78,8.252
193.79,8.252
193.8,8.253
193.81,8.253
193.82,8.254
193.83,8.254
193.84,8.255
193.85,8.255
193.86,8.256
193.87,8.255
193.88,8.255
193.89,8.254
193.9,8.254
193.91,8.255
193.92,8.254
193.93,8.253
193.94,8.251
193.95,8.250
193.96,8.249
193.97,8.248
193.98,8.248
193.99,8.247
194,8.247
194.01,8.247
194.02,8.247
194.03,8.248
194.04,8.249
194.05,8.249
194.06,8.250
194.07,8.250
194.08,8.251
194.09,8.251
194.1,8.252
194.11,8.252
194.12,8.252
194.13,8.252
194.14,8.252
194.15,8.252
194.16,8.253
194.17,8.254
194.18,8.254
194.19,8.254
194.2,8.255
194.21,8.256
194.22,8.256
194.23,8.257
194.24,8.258
194.25,8.258
194.26,8.259
194.27,8.260
194.28,8.260
194.29,8.261
194.3,8.262
194.31,8.262
194.32,8.263
194.33,8.264
194.34,8.264
194.35,8.265
194.36,8.266
194.37,8.267
194.38,8.267
194.39,8.268
194.4,8.268
194.41,8.268
194.42,8.269
194.43,8.269
194.44,8.270
194.45,8.270
194.46,8.270
194.47,8.270
194.48,8.271
194.49,8.271
194.5,8.271
194.51,8.272
194.52,8.272
194.53,8.273
194.54,8.273
194.55,8.274
194.56,8.274
194.57,8.275
194.58,8.275
194.59,8.275
194.6,8.276
194.61,8.276
194.62,8.276
194.63,8.277
194.64,8.277
194.65,8.277
194.66,8.277
194.67,8.278
194.68,8.278
194.69,8.278
194.7,8.279
194.71,8.279
194.72,8.279
194.73,8.279
194.74,8.280
194.75,8.280
194.76,8.280
194.77,8.280
194.78,8.281
194.79,8.281
194.8,8.282
194.81,8.282
194.82,8.283
194.83,8.283
194.84,8.284
194.85,8.284
194.86,8.284
194.87,8.285
194.88,8.285
194.89,8.286
194.9,8.287
194.91,8.287
194.92,8.287
194.93,8.288
194.94,8.288
194.95,8.289
194.96,8.289
194.97,8.290
194.98,8.290
194.99,8.291
195,8.291
195.01,8.291
195.02,8.292
195.03,8.292
195.04,8.292
195.05,8.294
195.06,8.295
195.07,8.297
195.08,8.298
195.09,8.299
195.1,8.300
195.11,8.301
195.12,8.302
195.13,8.303
195.14,8.304
195.15,8.305
195.16,8.305
195.17,8.305
195.18,8.306
195.19,8.306
195.2,8.307
195.21,8.307
195.22,8.308
195.23,8.309
195.24,8.310
195.25,8.310
195.26,8.310
195.27,8.311
195.28,8.311
195.29,8.312
195.3,8.312
195.31,8.312
195.32,8.313
195.33,8.313
195.34,8.314
195.35,8.314
195.36,8.314
195.37,8.315
195.38,8.316
195.39,8.316
195.4,8.316
195.41,8.317
195.42,8.317
195.43,8.317
195.44,8.318
195.45,8.319
195.46,8.319
195.47,8.320
195.48,8.320
195.49,8.321
195.5,8.321
195.51,8.322
195.52,8.322
195.53,8.323
195.54,8.323
195.55,8.323
195.56,8.323
195.57,8.324
195.58,8.324
195.59,8.325
195.6,8.325
195.61,8.326
195.62,8.326
195.63,8.327
195.64,8.327
195.65,8.328
195.66,8.328
195.67,8.329
195.68,8.329
195.69,8.329
195.7,8.329
195.71,8.330
195.72,8.330
195.73,8.331
195.74,8.331
195.75,8.331
195.76,8.332
195.77,8.332
195.78,8.333
195.79,8.333
195.8,8.333
195.81,8.333
195.82,8.334
195.83,8.335
195.84,8.336
195.85,8.336
195.86,8.336
195.87,8.336
195.88,8.336
195.89,8.335
195.9,8.335
195.91,8.336
195.92,8.336
195.93,8.337
195.94,8.338
195.95,8.338
195.96,8.339
195.97,8.339
195.98,8.340
195.99,8.340
196,8.341
196.01,8.342
196.02,8.342
196.03,8.343
196.04,8.343
196.05,8.344
196.06,8.344
196.07,8.345
196.08,8.346
196.09,8.348
196.1,8.349
196.11,8.350
196.12,8.351
196.13,8.351
196.14,8.352
196.15,8.352
196.16,8.353
196.17,8.354
196.18,8.355
196.19,8.355
196.2,8.355
196.21,8.356
196.22,8.356
196.23,8.356
196.24,8.357
196.25,8.357
196.26,8.357
196.27,8.357
196.28,8.358
196.29,8.359
196.3,8.359
196.31,8.360
196.32,8.360
196.33,8.360
196.34,8.361
196.35,8.362
196.36,8.362
196.37,8.363
196.38,8.364
196.39,8.365
196.4,8.366
196.41,8.367
196.42,8.367
196.43,8.369
196.44,8.370
196.45,8.371
196.46,8.371
196.47,8.371
196.48,8.372
196.49,8.373
196.5,8.373
196.51,8.374
196.52,8.374
196.53,8.375
196.54,8.375
196.55,8.376
196.56,8.376
196.57,8.377
196.58,8.377
196.59,8.377
196.6,8.378
196.61,8.379
196.62,8.379
196.63,8.380
196.64,8.380
196.65,8.381
196.66,8.381
196.67,8.381
196.68,8.382
196.69,8.382
196.7,8.381
196.71,8.381
196.72,8.381
196.73,8.382
196.74,8.383
196.75,8.383
196.76,8.384
196.77,8.384
196.78,8.385
196.79,8.385
196.8,8.386
196.81,8.386
196.82,8.386
196.83,8.386
196.84,8.386
196.85,8.386
196.86,8.386
196.87,8.386
196.88,8.387
196.89,8.387
196.9,8.388
196.91,8.388
196.92,8.388
196.93,8.388
196.94,8.388
196.95,8.388
196.96,8.389
196.97,8.389
196.98,8.389
196.99,8.390
197,8.390
197.01,8.391
197.02,8.391
197.03,8.391
197.04,8.392
197.05,8.392
197.06,8.392
197.07,8.393
197.08,8.394
197.09,8.395
197.1,8.396
197.11,8.397
197.12,8.397
197.13,8.398
197.14,8.399
197.15,8.400
197.16,8.401
197.17,8.401
197.18,8.402
197.19,8.403
197.2,8.404
197.21,8.405
197.22,8.406
197.23,8.407
197.24,8.408
197.25,8.408
197.26,8.409
197.27,8.410
197.28,8.412
197.29,8.412
197.3,8.412
197.31,8.412
197.32,8.412
197.33,8.412
197.34,8.412
197.35,8.412
197.36,8.413
197.37,8.413
197.38,8.413
197.39,8.413
197.4,8.414
197.41,8.413
197.42,8.413
197.43,8.414
197.44,8.414
197.45,8.414
197.46,8.414
197.47,8.414
197.48,8.414
197.49,8.414
197.5,8.414
197.51,8.414
197.52,8.415
197.53,8.415
197.54,8.415
197.55,8.415
197.56,8.415
197.57,8.414
197.58,8.415
197.59,8.415
197.6,8.415
197.61,8.415
197.62,8.415
197.63,8.415
197.64,8.415
197.65,8.415
197.66,8.415
197.67,8.415
197.68,8.415
197.69,8.415
197.7,8.415
197.71,8.415
197.72,8.415
197.73,8.415
197.74,8.415
197.75,8.415
197.76,8.415
197.77,8.415
197.78,8.415
197.79,8.415
197.8,8.415
197.81,8.415
197.82,8.415
197.83,8.415
197.84,8.415
197.85,8.415
197.86,8.415
197.87,8.415
197.88,8.415
197.89,8.415
197.9,8.415
197.91,8.414
197.92,8.414
197.93,8.414
197.94,8.414
197.95,8.414
197.96,8.414
197.97,8.414
197.98,8.413
197.99,8.413
198,8.413
198.01,8.413
198.02,8.413
198.03,8.412
198.04,8.412
198.05,8.411
198.06,8.411
198.07,8.411
198.08,8.411
198.09,8.411
198.1,8.411
198.11,8.410
198.12,8.410
198.13,8.410
198.14,8.410
198.15,8.410
198.16,8.409
198.17,8.409
198.18,8.409
198.19,8.409
198.2,8.410
198.21,8.410
198.22,8.411
198.23,8.412
198.24,8.412
198.25,8.412
198.26,8.413
198.27,8.413
198.28,8.413
198.29,8.413
198.3,8.413
198.31,8.413
198.32,8.413
198.33,8.413
198.34,8.414
198.35,8.414
198.36,8.414
198.37,8.414
198.38,8.415
198.39,8.415
198.4,8.415
198.41,8.416
198.42,8.416
198.43,8.416
198.44,8.416
198.45,8.417
198.46,8.416
198.47,8.415
198.48,8.415
198.49,8.415
198.5,8.415
198.51,8.416
198.52,8.416
198.53,8.416
198.54,8.416
198.55,8.416
198.56,8.415
198.57,8.416
198.58,8.415
198.59,8.415
198.6,8.415
198.61,8.415
198.62,8.415
198.63,8.415
198.64,8.415
198.65,8.415
198.66,8.415
198.67,8.415
198.68,8.415
198.69,8.415
198.7,8.415
198.71,8.415
198.72,8.415
198.73,8.415
198.74,8.415
198.75,8.415
198.76,8.415
198.77,8.415
198.78,8.415
198.79,8.415
198.8,8.415
198.81,8.415
198.82,8.415
198.83,8.415
198.84,8.415
198.85,8.415
198.86,8.415
198.87,8.415
198.88,8.416
198.89,8.417
198.9,8.417
198.91,8.418
198.92,8.419
198.93,8.419
198.94,8.420
198.95,8.421
198.96,8.422
198.97,8.422
198.98,8.421
198.99,8.421
199,8.420
199.01,8.419
199.02,8.418
199.03,8.417
199.04,8.417
199.05,8.416
199.06,8.416
199.07,8.417
199.08,8.416
199.09,8.416
199.1,8.416
199.11,8.416
199.12,8.416
199.13,8.417
199.14,8.417
199.15,8.417
199.16,8.417
199.17,8.417
199.18,8.416
199.19,8.416
199.2,8.416
199.21,8.416
199.22,8.416
199.23,8.415
199.24,8.415
199.25,8.415
199.26,8.415
199.27,8.415
199.28,8.415
199.29,8.415
199.3,8.415
199.31,8.415
199.32,8.415
199.33,8.415
199.34,8.414
199.35,8.414
199.36,8.414
199.37,8.414
199.38,8.414
199.39,8.414
199.4,8.415
199.41,8.415
199.42,8.415
199.43,8.415
199.44,8.415
199.45,8.415
199.46,8.415
199.47,8.415
199.48,8.416
199.49,8.416
199.5,8.416
199.51,8.416
199.52,8.417
199.53,8.416
199.54,8.417
199.55,8.417
199.56,8.417
199.57,8.417
199.58,8.418
199.59,8.418
199.6,8.418
199.61,8.418
199.62,8.417
199.63,8.416
199.64,8.416
199.65,8.415
199.66,8.415
199.67,8.414
199.68,8.414
199.69,8.414
199.7,8.415
199.71,8.415
199.72,8.415
199.73,8.415
199.74,8.416
199.75,8.416
199.76,8.416
199.77,8.416
199.78,8.416
199.79,8.416
199.8,8.416
199.81,8.416
199.82,8.416
199.83,8.416
199.84,8.416
199.85,8.416
199.86,8.416
199.87,8.416
199.88,8.416
199.89,8.416
199.9,8.416
199.91,8.415
199.92,8.415
199.93,8.414
199.94,8.413
199.95,8.412
199.96,8.412
199.97,8.411
199.98,8.410
199.99,8.410
200,8.409
