time_s,pressure_pt_bar,pressure_model_bar,error_mbar
0.0,36.263,35.519962468732494,-743.0375312675039
0.01,36.263,35.52237991737428,-740.6200826257177
0.02,36.263,35.52479736601606,-738.2026339839385
0.03,36.262,35.527214814657846,-734.7851853421546
0.04,36.262,35.529632263299625,-732.3677367003754
0.05,36.262,35.53204971194141,-729.9502880585891
0.06,36.262,35.53427438422088,-727.7256157791214
0.07,36.262,35.53591637075477,-726.0836292452311
0.08,36.261,35.53755835728867,-723.4416427113359
0.09,36.261,35.53920034382256,-721.7996561774455
0.1,36.261,35.540842330356455,-720.1576696435482
0.11,36.261,35.54248431689035,-718.5156831096506
0.12,36.261,35.54384669755857,-717.1533024414316
0.13,36.261,35.544926312878054,-716.0736871219484
0.14,36.261,35.54600592819754,-714.9940718024652
0.15,36.26,35.54708554351702,-712.9144564829772
0.16,36.26,35.548165158836504,-711.834841163494
0.17,36.26,35.549244774155994,-710.7552258440037
0.18,36.26,35.550026223800884,-709.9737761991137
0.19,36.26,35.5507060387511,-709.2939612488963
0.2,36.26,35.55138585370132,-708.6141462986789
0.21,36.26,35.55206566865154,-707.9343313484615
0.22,36.26,35.55274548360176,-707.2545163982369
0.23,36.26,35.55342529855198,-706.5747014480195
0.24,36.26,35.553830331595535,-706.1696684044634
0.25,36.26,35.554233812152376,-705.7661878476224
0.26,36.259,35.55463729270922,-704.3627072907839
0.27,36.259,35.555040773266064,-703.9592267339358
0.28,36.259,35.555444253822905,-703.555746177095
0.29,36.258,35.55580330638866,-702.1966936113415
0.3,36.258,35.556023938639626,-701.9760613603764
0.31,36.258,35.55624457089059,-701.7554291094115
0.32,36.258,35.556465203141556,-701.5347968584465
0.33,36.258,35.556685835392514,-701.3141646074885
0.34,36.258,35.55690646764348,-701.0935323565235
0.35,36.258,35.55707199995188,-700.9280000481226
0.36,36.258,35.557180543119514,-700.8194568804881
0.37,36.259,35.557289086287156,-701.7109137128443
0.38,36.259,35.55739762945479,-701.6023705452099
0.39,36.259,35.55750617262243,-701.4938273775683
0.4,36.259,35.55761471579007,-701.3852842099268
0.41,36.259,35.557680047985706,-701.3199520142948
0.42,36.259,35.55773021122117,-701.2697887788306
0.43,36.26,35.557780374456634,-702.2196255433641
0.44,36.26,35.557830537692105,-702.1694623078929
0.45,36.26,35.55788070092757,-702.1192990724287
0.46,36.26,35.55793086416303,-702.0691358369646
0.47,36.26,35.557963855044406,-702.0361449555921
0.48,36.26,35.55799665077951,-702.0033492204902
0.49,36.261,35.5580294465146,-702.9705534854003
0.5,36.262,35.558062242249704,-703.9377577502961
0.51,36.262,35.558095037984806,-703.9049620151943
0.52,36.262,35.5581312076364,-703.8687923636005
0.53,36.262,35.558178217764144,-703.8217822358561
0.54,36.262,35.558225227891896,-703.7747721081047
0.55,36.262,35.55827223801965,-703.7277619803533
0.56,36.262,35.5583192481474,-703.6807518526018
0.57,36.262,35.55836625827515,-703.6337417248503
0.58,36.262,35.558432102589975,-703.567897410025
0.59,36.262,35.55851786980662,-703.4821301933789
0.6,36.262,35.55860363702327,-703.3963629767328
0.61,36.262,35.558689404239914,-703.3105957600867
0.62,36.262,35.55877517145656,-703.2248285434406
0.63,36.262,35.558860938673206,-703.1390613267945
0.64,36.261,35.55898927591971,-702.0107240802957
0.65,36.261,35.55913299701832,-701.867002981686
0.66,36.261,35.55927671811693,-701.7232818830763
0.67,36.261,35.559420439215536,-701.5795607844666
0.68,36.261,35.559564160314146,-701.4358396858569
0.69,36.261,35.559707881412756,-701.2921185872472
0.7,36.261,35.559923315837985,-701.0766841620182
0.71,36.261,35.56013997967182,-700.8600203281858
0.72,36.261,35.560356643505656,-700.6433564943463
0.73,36.261,35.56057330733949,-700.426692660514
0.74,36.261,35.56078997117332,-700.2100288266818
0.75,36.261,35.56102620066909,-699.9737993309125
0.76,36.261,35.56132729349703,-699.6727065029731
0.77,36.261,35.561628386324976,-699.3716136750265
0.78,36.261,35.561929479152916,-699.0705208470871
0.79,36.261,35.562230571980855,-698.7694280191477
0.8,36.261,35.562531664808795,-698.4683351912082
0.81,36.261,35.56287733396654,-698.1226660334628
0.82,36.261,35.563271229091455,-697.7287709085474
0.83,36.261,35.56366512421637,-697.334875783632
0.84,36.261,35.564059019341286,-696.9409806587166
0.85,36.261,35.5644529144662,-696.5470855338012
0.86,36.261,35.56484680959112,-696.1531904088858
0.87,36.261,35.56531232321795,-695.6876767820504
0.88,36.261,35.56580446962864,-695.1955303713646
0.89,36.261,35.56629661603933,-694.7033839606718
0.9,36.261,35.56678876245002,-694.211237549986
0.91,36.262,35.56728090886071,-694.7190911392909
0.92,36.262,35.567773055271395,-694.2269447286051
0.93,36.263,35.56836380330269,-694.63619669731
0.94,36.263,35.568956818107054,-694.043181892944
0.95,36.263,35.56954983291143,-693.4501670885709
0.96,36.263,35.57014284771579,-692.8571522842049
0.97,36.263,35.57073586252016,-692.2641374798388
0.98,36.263,35.571351655389456,-691.6483446105417
0.99,36.263,35.57204540331992,-690.9545966800792
1.0,36.263,35.572739151250374,-690.2608487496238
1.01,36.262,35.57343289918083,-688.5671008191707
1.02,36.262,35.57412664711129,-687.8733528887083
1.03,36.262,35.57482039504175,-687.1796049582529
1.04,36.262,35.57556064946339,-686.4393505366095
1.05,36.262,35.57635236388589,-685.647636114112
1.06,36.262,35.577144078308386,-684.8559216916144
1.07,36.261,35.57793579273089,-683.064207269112
1.08,36.261,35.57872750715339,-682.2724928466143
1.09,36.261,35.579519221575886,-681.4807784241168
1.1,36.261,35.58037802829092,-680.6219717090798
1.11,36.26,35.58126249953836,-678.7375004616365
1.12,36.26,35.58214697078581,-677.8530292141909
1.13,36.26,35.583031442033246,-676.9685579667523
1.14,36.26,35.583915913280684,-676.0840867193139
1.15,36.259,35.58480038452812,-674.1996154718777
1.16,36.259,35.58576782106807,-673.2321789319328
1.17,36.259,35.58673765552241,-672.2623444775877
1.18,36.259,35.58770748997676,-671.2925100232426
1.19,36.258,35.588677324431096,-669.3226755689068
1.2,36.258,35.58964715888544,-668.3528411145617
1.21,36.258,35.590633774850446,-667.3662251495571
1.22,36.258,35.59167971429366,-666.3202857063411
1.23,36.258,35.592725653736885,-665.2743462631179
1.24,36.258,35.5937715931801,-664.2284068199018
1.25,36.257,35.59481753262332,-662.182467376681
1.26,36.257,35.59586347206653,-661.1365279334649
1.27,36.257,35.59694006488085,-660.0599351191505
1.28,36.257,35.59805134936326,-658.948650636738
1.29,36.257,35.59916263384567,-657.8373661543253
1.3,36.257,35.600273918328085,-656.7260816719127
1.31,36.257,35.601385202810505,-655.614797189493
1.32,36.256,35.60249648729292,-653.5035127070828
1.33,36.256,35.60364614837825,-652.353851621747
1.34,36.256,35.604810904833194,-651.1890951668065
1.35,36.256,35.60597566128813,-650.0243387118729
1.36,36.256,35.60714041774307,-648.8595822569323
1.37,36.256,35.608305174198,-647.6948258019988
1.38,36.256,35.609469930652935,-646.5300693470653
1.39,36.257,35.610674193066245,-646.3258069337528
1.4,36.257,35.61187983363692,-645.1201663630784
1.41,36.257,35.61308547420759,-643.914525792411
1.42,36.257,35.614291114778254,-642.7088852217437
1.43,36.258,35.61549675534892,-642.5032446510812
1.44,36.258,35.61670840760952,-641.2915923904804
1.45,36.258,35.61794202428536,-640.0579757146403
1.46,36.258,35.619175640961195,-638.8243590388072
1.47,36.258,35.620409257637036,-637.5907423629669
1.48,36.258,35.62164287431287,-636.3571256871339
1.49,36.258,35.62287649098871,-635.1235090112937
1.5,36.257,35.62411711919908,-632.8828808009206
1.51,36.257,35.62536586382739,-631.6341361726074
1.52,36.256,35.62661460845571,-629.3853915442895
1.53,36.256,35.627863353084024,-628.1366469159764
1.54,36.255,35.62911209771234,-625.8879022876656
1.55,36.255,35.63036084234066,-624.6391576593453
1.56,36.255,35.63161150674182,-623.388493258183
1.57,36.255,35.63286294738679,-622.137052613212
1.58,36.255,35.634114388031755,-620.885611968248
1.59,36.255,35.63536582867672,-619.634171323284
1.6,36.255,35.63661726932169,-618.382730678313
1.61,36.255,35.637868709966654,-617.1312900333489
1.62,36.255,35.6391115096751,-615.888490324906
1.63,36.256,35.64035395565001,-615.6460443499867
1.64,36.256,35.64159640162493,-614.4035983750698
1.65,36.256,35.642838847599855,-613.1611524001457
1.66,36.256,35.64408129357477,-611.9187064252287
1.67,36.256,35.645319625943344,-610.6803740566562
1.68,36.256,35.646542414839615,-609.457585160385
1.69,36.256,35.64776520373589,-608.2347962641137
1.7,36.256,35.64898799263216,-607.0120073678424
1.71,36.256,35.65021078152842,-605.7892184715784
1.72,36.256,35.65143357042469,-604.566429575307
1.73,36.256,35.65264305929527,-603.3569407047281
1.74,36.256,35.653836800202946,-602.1631997970544
1.75,36.256,35.65503054111061,-600.9694588893879
1.76,36.256,35.656224282018286,-599.7757179817143
1.77,36.256,35.65741802292595,-598.5819770740477
1.78,36.256,35.658611763833626,-597.3882361663741
1.79,36.256,35.65977938491693,-596.2206150830696
1.8,36.256,35.6609361529635,-595.0638470364993
1.81,36.256,35.66209292101008,-593.907078989922
1.82,36.256,35.66324968905665,-592.7503109433517
1.83,36.256,35.66440645710322,-591.5935428967814
1.84,36.256,35.665563225149796,-590.436774850204
1.85,36.256,35.66667864924976,-589.3213507502395
1.86,36.256,35.66779212769149,-588.2078723085087
1.87,36.256,35.66890560613322,-587.0943938667779
1.88,36.256,35.670019084574946,-585.9809154250541
1.89,36.256,35.67113256301668,-584.8674369833234
1.9,36.256,35.67223628436652,-583.7637156334807
1.91,36.256,35.67330185179738,-582.698148202617
1.92,36.257,35.67436741922825,-582.632580771751
1.93,36.258,35.67543298665911,-582.567013340892
1.94,36.258,35.676498554089974,-581.5014459100282
1.95,36.259,35.677564121520845,-581.4358784791551
1.96,36.259,35.67860671231636,-580.3932876836413
1.97,36.259,35.67962147410784,-579.3785258921603
1.98,36.259,35.68063623589932,-578.3637641006792
1.99,36.258,35.681650997690795,-576.3490023092074
2.0,36.259,35.682665759482276,-576.3342405177241
2.01,36.259,35.68368052127376,-575.319478726243
2.02,36.258,35.68465884143255,-573.3411585674517
2.03,36.258,35.685621606236566,-572.3783937634366
2.04,36.258,35.68658437104058,-571.4156289594214
2.05,36.258,35.687547135844596,-570.4528641554064
2.06,36.258,35.688509900648604,-569.4900993513983
2.07,36.258,35.68947266545262,-568.5273345473831
2.08,36.258,35.69038647650327,-567.6135234967319
2.09,36.258,35.69129768046742,-566.7023195325811
2.1,36.258,35.69220888443157,-565.7911155684303
2.11,36.258,35.69312008839572,-564.8799116042795
2.12,36.258,35.694031292359874,-563.9687076401287
2.13,36.258,35.694932669809916,-563.067330190087
2.14,36.258,35.69579425297411,-562.2057470258924
2.15,36.258,35.696655836138305,-561.3441638616976
2.16,36.258,35.6975174193025,-560.482580697503
2.17,36.257,35.69837900246669,-558.6209975333105
2.18,36.257,35.69924058563088,-557.7594143691158
2.19,36.257,35.700081471130645,-556.9185288693532
2.2,36.257,35.7008967121892,-556.1032878107994
2.21,36.257,35.70171195324776,-555.2880467522385
2.22,36.257,35.70252719430631,-554.4728056936847
2.23,36.257,35.70334243536487,-553.6575646351309
2.24,36.257,35.70415767642343,-552.84232357657
2.25,36.256,35.704943770983796,-551.0562290162043
2.26,36.256,35.7057170880919,-550.2829119080985
2.27,36.256,35.706490405200014,-549.5095947999857
2.28,36.256,35.70726372230812,-548.7362776918801
2.29,36.256,35.70803703941623,-547.9629605837672
2.3,36.256,35.708810356524346,-547.1896434756545
2.31,36.255,35.70954913870617,-545.4508612938298
2.32,36.255,35.71028586517267,-544.7141348273306
2.33,36.255,35.71102259163917,-543.9774083608313
2.34,36.255,35.71175931810568,-543.240681894325
2.35,36.254,35.71249604457218,-541.503955427821
2.36,36.254,35.713226886629016,-540.7731133709817
2.37,36.254,35.71393303107312,-540.0669689268796
2.38,36.254,35.71463917551722,-539.3608244827774
2.39,36.254,35.715345319961315,-538.6546800386825
2.4,36.253,35.71605146440542,-536.9485355945826
2.41,36.253,35.71675760884951,-536.2423911504877
2.42,36.253,35.71745310571447,-535.546894285531
2.43,36.253,35.71813510650699,-534.8648934930083
2.44,36.253,35.71881710729952,-534.1828927004783
2.45,36.253,35.71949910809205,-533.5008919079485
2.46,36.252,35.72018110888458,-531.8188911154209
2.47,36.252,35.72086310967711,-531.1368903228911
2.48,36.252,35.72153303048284,-530.466969517164
2.49,36.252,35.72219751401861,-529.8024859813921
2.5,36.253,35.72286199755438,-530.138002445618
2.51,36.253,35.723526481090154,-529.473518909846
2.52,36.254,35.724190964625926,-529.8090353740719
2.53,36.255,35.7248554481617,-530.1445518383048
2.54,36.255,35.7255096753332,-529.4903246668027
2.55,36.256,35.72616322691432,-529.8367730856768
2.56,36.256,35.72681677849545,-529.1832215045531
2.57,36.257,35.72747033007657,-529.529669923427
2.58,36.257,35.728123881657694,-528.8761183423035
2.59,36.257,35.728776574601675,-528.2234253983233
2.6,36.257,35.72942552952252,-527.5744704774752
2.61,36.257,35.730074484443364,-526.9255155566341
2.62,36.257,35.73072343936421,-526.2765606357859
2.63,36.258,35.73137239428506,-526.6276057149425
2.64,36.258,35.73202134920591,-525.9786507940944
2.65,36.258,35.7326708727478,-525.3291272521992
2.66,36.258,35.73332113366858,-524.6788663314205
2.67,36.258,35.73397139458937,-524.0286054106349
2.68,36.259,35.734621655510146,-524.378344489854
2.69,36.26,35.73527191643093,-524.728083569066
2.7,36.261,35.73592217735171,-525.0778226482921
2.71,36.262,35.73657696906039,-525.4230309396135
2.72,36.262,35.73723385406795,-524.7661459320483
2.73,36.263,35.73789073907552,-525.1092609244807
2.74,36.264,35.73854762408308,-525.4523759169203
2.75,36.265,35.73920450909065,-525.7954909093528
2.76,36.266,35.73986139409822,-526.1386059017781
2.77,36.266,35.740528760405134,-525.4712395948644
2.78,36.267,35.74119688442057,-525.8031155794356
2.79,36.268,35.741865008435994,-526.1349915640068
2.8,36.268,35.74253313245143,-525.4668675485732
2.81,36.269,35.74320125646686,-525.7987435331372
2.82,36.27,35.74387211019825,-526.1278898017565
2.83,36.27,35.74455530072353,-525.4446992764699
2.84,36.271,35.74523849124882,-525.7615087511808
2.85,36.272,35.74592168177411,-526.078318225892
2.86,36.272,35.74660487229939,-525.3951277006053
2.87,36.273,35.74728806282468,-525.7119371753233
2.88,36.274,35.74797901340861,-526.0209865913907
2.89,36.274,35.748680260106056,-525.3197398939449
2.9,36.275,35.749381506803495,-525.6184931965038
2.91,36.276,35.750082753500934,-525.9172464990697
2.92,36.275,35.75078400019837,-524.2159998016263
2.93,36.275,35.75148524689581,-523.5147531041875
2.94,36.275,35.75220018960994,-522.7998103900618
2.95,36.275,35.75292162594421,-522.0783740557877
2.96,36.275,35.753643062278485,-521.3569377215138
2.97,36.275,35.75436449861276,-520.6355013872396
2.98,36.275,35.75508593494703,-519.9140650529657
2.99,36.275,35.75580737128131,-519.1926287186916
3.0,36.274,35.756548716806044,-517.4512831939567
3.01,36.274,35.757291630984135,-516.7083690158663
3.02,36.273,35.758034545162225,-514.9654548377782
3.03,36.273,35.758777459340315,-514.2225406596879
3.04,36.272,35.759520373518406,-512.4796264815927
3.05,36.272,35.760267142553964,-511.7328574460345
3.06,36.271,35.761032014277845,-509.96798572215596
3.07,36.271,35.761796886001726,-509.2031139982751
3.08,36.271,35.762561757725614,-508.43824227438716
3.09,36.271,35.763326629449494,-507.6733705505063
3.1,36.271,35.764091501173375,-506.9084988266255
3.11,36.271,35.764865571700774,-506.1344282992266
3.12,36.271,35.765652130785675,-505.34786921432584
3.13,36.271,35.766438689870576,-504.56131012942507
3.14,36.271,35.76722524895548,-503.7747510445243
3.15,36.271,35.76801180804037,-502.9881919596306
3.16,36.271,35.76879836712527,-502.20163287472985
3.17,36.271,35.769598881472014,-501.40111852798697
3.18,36.271,35.77040618414867,-500.59381585133167
3.19,36.271,35.77121348682533,-499.78651317466927
3.2,36.271,35.772020789501994,-498.97921049800686
3.21,36.271,35.77282809217865,-498.17190782135157
3.22,36.271,35.77363539485531,-497.36460514468916
3.23,36.271,35.774460402114,-496.5395978859988
3.24,36.271,35.77528692078837,-495.7130792116331
3.25,36.271,35.77611343946273,-494.8865605372674
3.26,36.271,35.7769399581371,-494.06004186290176
3.27,36.27,35.777766476811465,-492.2335231885384
3.28,36.27,35.77859591910291,-491.404080897091
3.29,36.27,35.77943964145169,-490.5603585483149
3.3,36.27,35.78028336380047,-489.71663619953176
3.31,36.27,35.781127086149255,-488.8729138507486
3.32,36.27,35.78197080849804,-488.02919150196544
3.33,36.27,35.78281453084682,-487.1854691531823
3.34,36.27,35.78366445220803,-486.33554779197397
3.35,36.27,35.78452298570603,-485.47701429396994
3.36,36.27,35.785381519204044,-484.6184807959588
3.37,36.27,35.78624005270205,-483.7599472979548
3.38,36.27,35.78709858620005,-482.9014137999508
3.39,36.269,35.787957119698056,-481.042880301942
3.4,36.269,35.78882375536848,-480.1762446315152
3.41,36.269,35.7896944336415,-479.30556635849797
3.42,36.269,35.79056511191452,-478.43488808548074
3.43,36.269,35.791435790187535,-477.5642098124635
3.44,36.269,35.79230646846055,-476.69353153944627
3.45,36.268,35.79317714673357,-474.82285326643137
3.46,36.268,35.79405634995216,-473.94365004784333
3.47,36.268,35.79493633770049,-473.06366229950925
3.48,36.268,35.795816325448826,-472.18367455117516
3.49,36.267,35.79669631319716,-470.3036868028434
3.5,36.268,35.79757630094549,-470.4236990545141
3.51,36.269,35.79845734132815,-470.54265867184597
3.52,36.269,35.799343734950796,-469.65626504920266
3.53,36.269,35.80023012857344,-468.76987142655935
3.54,36.27,35.80111652219608,-468.8834778039208
3.55,36.27,35.802002915818726,-467.9970841812775
3.56,36.269,35.80288930944137,-466.1106905586294
3.57,36.269,35.80377715977107,-465.22284022892535
3.58,36.269,35.804667081223485,-464.3329187765133
3.59,36.269,35.8055570026759,-463.4429973241012
3.6,36.269,35.8064469241283,-462.55307587169625
3.61,36.268,35.807336845580714,-460.6631544192865
3.62,36.268,35.808226767033126,-459.77323296687445
3.63,36.268,35.809117191485726,-458.8828085142751
3.64,36.268,35.81000787331512,-457.99212668487854
3.65,36.268,35.810898555144526,-457.1014448554749
3.66,36.267,35.81178923697393,-455.21076302607355
3.67,36.267,35.81267991880333,-454.3200811966699
3.68,36.267,35.81357060063274,-453.4293993672662
3.69,36.267,35.8144596243192,-452.54037568080463
3.7,36.268,35.81534848423309,-452.65151576690954
3.71,36.268,35.816237344146984,-451.7626558530168
3.72,36.268,35.817126204060884,-450.8737959391169
3.73,36.268,35.81801506397478,-449.98493602522416
3.74,36.268,35.81890326428111,-449.0967357188893
3.75,36.268,35.81978796801239,-448.21203198760884
3.76,36.268,35.82067267174367,-447.32732825632837
3.77,36.268,35.821557375474946,-446.442624525055
3.78,36.268,35.822442079206226,-445.55792079377454
3.79,36.269,35.82332678293751,-445.67321706249174
3.8,36.269,35.82420896462322,-444.791035376781
3.81,36.269,35.825087476255774,-443.9125237442241
3.82,36.269,35.82596598788833,-443.03401211166715
3.83,36.269,35.82684449952088,-442.15550047911734
3.84,36.27,35.82772301115344,-442.2769888465652
3.85,36.27,35.828601522785995,-441.39847721400827
3.86,36.27,35.829474857874175,-440.5251421258285
3.87,36.27,35.83034547718262,-439.65452281738493
3.88,36.27,35.831216096491055,-438.78390350894847
3.89,36.27,35.8320867157995,-437.9132842005049
3.9,36.271,35.832957335107935,-438.0426648920661
3.91,36.271,35.83382795441638,-437.17204558362255
3.92,36.271,35.83469022293842,-436.3097770615809
3.93,36.27,35.83555160967133,-434.44839032867577
3.94,36.27,35.83641299640424,-433.5870035957612
3.95,36.27,35.83727438313716,-432.7256168628466
3.96,36.27,35.83813576987007,-431.864230129932
3.97,36.27,35.838995594910564,-431.00440508943905
3.98,36.27,35.83984678030405,-430.15321969595277
3.99,36.27,35.840697965697544,-429.3020343024594
4.0,36.27,35.84154915109104,-428.450848908966
4.01,36.27,35.84240033648453,-427.5996635154726
4.02,36.27,35.843251521878024,-426.74847812197925
4.03,36.27,35.84409836940154,-425.9016305984602
4.04,36.27,35.844938755543396,-425.0612444566073
4.05,36.27,35.84577914168525,-424.2208583147544
4.06,36.27,35.8466195278271,-423.38047217290153
4.07,36.27,35.84745991396895,-422.54008603105575
4.08,36.27,35.8483003001108,-421.69969988920286
4.09,36.27,35.84913350837201,-420.86649162799006
4.1,36.269,35.849962856340234,-419.0371436597644
4.11,36.27,35.850792204308455,-419.2077956915483
4.12,36.27,35.851621552276676,-418.37844772332744
4.13,36.27,35.852450900244904,-417.54909975509946
4.14,36.27,35.853280248213125,-416.7197517868786
4.15,36.27,35.85409976250428,-415.9002374957197
4.16,36.27,35.85491817047008,-415.08182952992456
4.17,36.27,35.85573657843587,-414.26342156413654
4.18,36.27,35.856554986401655,-413.4450135983485
4.19,36.27,35.85737339436744,-412.6266056325605
4.2,36.27,35.85819024871072,-411.8097512892831
4.21,36.27,35.85899812141778,-411.00187858222625
4.22,36.27,35.859805994124834,-410.1940058751694
4.23,36.27,35.86061386683189,-409.38613316811256
4.24,36.27,35.86142173953895,-408.5782604610557
4.25,36.27,35.862229612246004,-407.7703877539989
4.26,36.27,35.863033579163194,-406.96642083680956
4.27,36.27,35.863831590366175,-406.1684096338283
4.28,36.27,35.86462960156916,-405.3703984308399
4.29,36.27,35.865427612772145,-404.5723872278586
4.3,36.27,35.86622562397513,-403.7743760248702
4.31,36.27,35.867023635178114,-402.9763648218889
4.32,36.27,35.86781586916999,-402.18413083001536
4.33,36.27,35.86860491872949,-401.3950812705147
4.34,36.27,35.86939396828899,-400.60603171101405
4.35,36.27,35.87018301784849,-399.8169821515134
4.36,36.269,35.87097206740799,-398.02793259200797
4.37,36.268,35.87176111696749,-396.23888303250965
4.38,36.269,35.872543125734204,-396.45687426579457
4.39,36.269,35.873324293120234,-395.6757068797643
4.4,36.269,35.874105460506264,-394.894539493734
4.41,36.269,35.874886627892295,-394.1133721077037
4.42,36.269,35.875667795278325,-393.3322047216734
4.43,36.269,35.876448016316445,-392.5519836835534
4.44,36.269,35.87722251226652,-391.77748773347787
4.45,36.269,35.8779970082166,-391.00299178339526
4.46,36.269,35.87877150416668,-390.22849583331976
4.47,36.268,35.879546000116754,-388.4539998832466
4.48,36.268,35.88032049606684,-387.67950393316397
4.49,36.268,35.88109289222196,-386.90710777804327
4.5,36.268,35.881862010234926,-386.13798976507496
4.51,36.268,35.882631128247894,-385.36887175210666
4.52,36.268,35.88340024626086,-384.59975373913835
4.53,36.269,35.88416936427383,-384.8306357261677
4.54,36.269,35.8849384822868,-384.0615177131994
4.55,36.27,35.88570501295741,-384.294987042594
4.56,36.27,35.88647008218511,-383.5299178148901
4.57,36.27,35.88723515141281,-382.7648485871933
4.58,36.27,35.888000220640514,-381.99977935948937
4.59,36.27,35.88876528986821,-381.23471013179255
4.6,36.269,35.889530359095914,-379.46964090408386
4.61,36.269,35.89029300658799,-378.70699341200975
4.62,36.269,35.89105534752095,-377.9446524790515
4.63,36.269,35.89181768845391,-377.18231154608617
4.64,36.269,35.89258002938687,-376.41997061312793
4.65,36.268,35.893342370319836,-374.6576296801649
4.66,36.268,35.89410451279012,-373.89548720987875
4.67,36.268,35.89486539692986,-373.1346030701417
4.68,36.268,35.8956262810696,-372.3737189303975
4.69,36.267,35.89638716520935,-370.61283479065565
4.7,36.267,35.897148049349084,-369.8519506509186
4.71,36.267,35.89790893348883,-369.0910665111744
4.72,36.267,35.898669713856,-368.3302861440012
4.73,36.266,35.89943032833615,-366.56967166384646
4.74,36.266,35.90019094281631,-365.8090571836894
4.75,36.266,35.90095155729646,-365.0484427035394
4.76,36.266,35.901712171776616,-364.28782822338235
4.77,36.266,35.902472786256766,-363.5272137432324
4.78,36.265,35.903233909624504,-361.7660903754967
4.79,36.265,35.90399532749701,-361.0046725029932
4.8,36.265,35.904756745369504,-360.2432546304968
4.81,36.265,35.90551816324201,-359.4818367579933
4.82,36.265,35.906279581114504,-358.7204188854969
4.83,36.265,35.90704099898701,-357.9590010129934
4.84,36.265,35.90780395049624,-357.19604950376294
4.85,36.264,35.90856710714852,-355.43289285148205
4.86,36.264,35.90933026380081,-354.66973619919173
4.87,36.264,35.910093420453094,-353.9065795469085
4.88,36.264,35.910856577105385,-353.1434228946182
4.89,36.264,35.911620062811004,-352.3799371889993
4.9,36.264,35.912385738735956,-351.6142612640465
4.91,36.264,35.91315141466091,-350.8485853390937
4.92,36.264,35.913917090585855,-350.082909414148
4.93,36.264,35.91468276651081,-349.3172334891952
4.94,36.264,35.91544844243576,-348.5515575642424
4.95,36.265,35.91621530679921,-348.7846932007912
4.96,36.265,35.91698411671027,-348.0158832897331
4.97,36.265,35.91775292662133,-347.2470733786679
4.98,36.265,35.91852173653239,-346.4782634676098
4.99,36.265,35.91929054644345,-345.7094535565517
5.0,36.265,35.92005935635451,-344.9406436454936
5.01,36.265,35.9208304126573,-344.169587342698
5.02,36.266,35.92160280073435,-344.39719926565004
5.03,36.266,35.922375188811394,-343.62481118860444
5.04,36.266,35.92314757688844,-342.85242311155883
5.05,36.266,35.923919964965485,-342.08003503451323
5.06,36.266,35.92469235304254,-341.3076469574605
5.07,36.266,35.925468117712455,-340.53188228754294
5.08,36.266,35.92624435858476,-339.7556414152376
5.09,36.267,35.92702059945706,-339.9794005429442
5.1,36.267,35.927796840329364,-339.20315967063885
5.11,36.267,35.92857308120166,-338.42691879834064
5.12,36.267,35.92934981756572,-337.650182434281
5.13,36.267,35.93013002249027,-336.86997750973546
5.14,36.267,35.93091022741481,-336.0897725851899
5.15,36.267,35.93169043233936,-335.30956766064435
5.16,36.268,35.932470637263904,-335.52936273609646
5.17,36.267,35.93325084218845,-333.74915781155323
5.18,36.268,35.93403251258407,-333.96748741593285
5.19,36.268,35.93481664016248,-333.1833598375198
5.2,36.268,35.935600767740894,-332.3992322591067
5.21,36.268,35.93638489531931,-331.61510468069366
5.22,36.268,35.93716902289772,-330.8309771022806
5.23,36.268,35.93795315047614,-330.04684952386043
5.24,36.268,35.93873960697384,-329.2603930261606
5.25,36.268,35.939527477668946,-328.4725223310545
5.26,36.269,35.94031534836405,-328.68465163594607
5.27,36.269,35.94110321905915,-327.89678094084707
5.28,36.27,35.94189108975426,-328.10891024574573
5.29,36.27,35.942678960449356,-327.32103955064673
5.3,36.27,35.94346982922122,-326.5301707787813
5.31,36.271,35.94426114288423,-326.738857115771
5.32,36.271,35.94505245654724,-325.947543452763
5.33,36.271,35.94584377021025,-325.1562297897479
5.34,36.271,35.94663508387326,-324.3649161267399
5.35,36.271,35.9474267606769,-323.5732393231032
5.36,36.271,35.94822111627596,-322.77888372404107
5.37,36.271,35.94901547187503,-321.9845281249718
5.38,36.271,35.94980982747409,-321.19017252590965
5.39,36.271,35.95060418307316,-320.3958169268404
5.4,36.271,35.95139853867222,-319.6014613277782
5.41,36.271,35.95219383670626,-318.80616329374334
5.42,36.271,35.9529907534537,-318.00924654630336
5.43,36.271,35.953787670201145,-317.2123297988563
5.44,36.271,35.954584586948585,-316.4154130514163
5.45,36.271,35.95538150369603,-315.6184963039692
5.46,36.271,35.95617842044347,-314.82157955652923
5.47,36.271,35.956976584114734,-314.0234158852664
5.48,36.271,35.95777552322092,-313.2244767790837
5.49,36.27,35.9585744623271,-311.4255376729034
5.5,36.27,35.95937340143328,-310.6265985667207
5.51,36.269,35.960172340539465,-308.82765946053325
5.52,36.268,35.96097127964565,-307.0287203543529
5.53,36.268,35.96177147084062,-306.2285291593838
5.54,36.267,35.96257185717303,-304.4281428269713
5.55,36.266,35.96337224350545,-302.62775649455165
5.56,36.266,35.964172629837854,-301.8273701621439
5.57,36.265,35.96497301617027,-300.02698382973136
5.58,36.264,35.965773499956434,-298.2265000435689
5.59,36.264,35.96657474294992,-297.4252570500795
5.6,36.263,35.96737598594341,-295.62401405658534
5.61,36.262,35.9681772289369,-293.8227710630983
5.62,36.262,35.9689784719304,-293.0215280696018
5.63,36.261,35.96977971492389,-291.22028507611475
5.64,36.261,35.97058105584428,-290.418944155725
5.65,36.26,35.971382569088696,-288.61743091130165
5.66,36.259,35.972184082333115,-286.8159176668854
5.67,36.259,35.97298559557753,-286.01440442246684
5.68,36.258,35.97378710882195,-284.2128911780506
5.69,36.257,35.97458862206637,-282.41137793362725
5.7,36.256,35.97538995555491,-280.6100444450905
5.71,36.256,35.97619117457622,-279.8088254237783
5.72,36.255,35.976992393597534,-278.00760640246835
5.73,36.254,35.97779361261885,-276.20638738115133
5.74,36.253,35.97859483164016,-274.4051683598414
5.75,36.252,35.97939605066147,-272.6039493385315
5.76,36.251,35.98019656384539,-270.80343615460833
5.77,36.249,35.980996961692405,-268.0030383075973
5.78,36.248,35.98179735953943,-266.20264046056974
5.79,36.247,35.98259775738644,-264.4022426135564
5.8,36.246,35.98339815523346,-262.601844766543
5.81,36.245,35.98419841276653,-260.80158723346614
5.82,36.244,35.98499751311439,-259.00248688560623
5.83,36.243,35.98579661346226,-257.2033865377392
5.84,36.242,35.986595713810125,-255.4042861898722
5.85,36.241,35.987394814157994,-253.6051858420052
5.86,36.24,35.98819391450586,-251.8060854941453
5.87,36.24,35.98899240384578,-251.0075961542242
5.88,36.239,35.98978979142645,-249.21020857354392
5.89,36.238,35.990587179007136,-247.41282099286366
5.9,36.237,35.99138456658781,-245.6154334121905
5.91,36.236,35.99218195416849,-243.81804583151023
5.92,36.235,35.99297934174916,-242.02065825083707
5.93,36.234,35.993775482759546,-240.22451724045624
5.94,36.234,35.99457081102612,-239.42918897387955
5.95,36.234,35.99536613929269,-238.63386070730996
5.96,36.234,35.99616146755927,-237.83853244073327
5.97,36.233,35.996956795825845,-236.0432041741518
5.98,36.233,35.99775212409242,-235.24787590757512
5.99,36.233,35.99854546079038,-234.45453920961512
6.0,36.233,35.9993384568134,-233.66154318659937
6.01,36.233,36.00013145283641,-232.86854716358363
6.02,36.233,36.00092444885943,-232.07555114056788
6.03,36.233,36.001717444882445,-231.28255511755214
6.04,36.232,36.0025101815877,-229.4898184122971
6.05,36.232,36.00330064826601,-228.6993517339866
6.06,36.232,36.004091114944316,-227.90888505568319
6.07,36.232,36.00488158162263,-227.11841837737268
6.08,36.232,36.00567204830093,-226.32795169906927
6.09,36.232,36.00646251497923,-225.53748502076587
6.1,36.232,36.00725205086362,-224.74794913637908
6.11,36.232,36.00803986660731,-223.96013339268706
6.12,36.233,36.008827682351,-224.1723176489998
6.13,36.233,36.00961549809469,-223.3845019053078
6.14,36.233,36.01040331383838,-222.59668616161576
6.15,36.233,36.01119112958207,-221.80887041792374
6.16,36.233,36.01197732631456,-221.02267368543949
6.17,36.233,36.01276244242219,-220.2375575778035
6.18,36.234,36.01354755852983,-220.4524414701723
6.19,36.234,36.014332674637465,-219.6673253625363
6.2,36.234,36.01511779074511,-218.8822092548932
6.21,36.234,36.015902906852745,-218.09709314725723
6.22,36.234,36.016685749402285,-217.3142505977168
6.23,36.235,36.017468185407274,-217.53181459272497
6.24,36.235,36.01825062141227,-216.74937858772836
6.25,36.235,36.01903305741726,-215.96694258273885
6.26,36.235,36.01981549342226,-215.18450657774224
6.27,36.235,36.02059767759845,-214.402322401547
6.28,36.235,36.02137751489984,-213.62248510016002
6.29,36.236,36.022157352201226,-213.8426477987707
6.3,36.236,36.022937189502606,-213.06281049739084
6.31,36.236,36.02371702680399,-212.28297319600387
6.32,36.236,36.02449686410538,-211.5031358946169
6.33,36.236,36.025275850375166,-210.72414962483066
6.34,36.236,36.026053224495335,-209.9467755046618
6.35,36.236,36.026830598615504,-209.16940138449291
6.36,36.236,36.02760797273567,-208.39202726432404
6.37,36.236,36.02838534685584,-207.61465314415517
6.38,36.236,36.02916272097601,-206.8372790239863
6.39,36.236,36.02993873919359,-206.06126080640763
6.4,36.237,36.03071383102014,-206.28616897986518
6.41,36.237,36.031488922846684,-205.51107715331796
6.42,36.237,36.03226401467324,-204.73598532676363
6.43,36.237,36.033039106499785,-203.9608935002164
6.44,36.237,36.03381419832634,-203.18580167366207
6.45,36.237,36.034587549610215,-202.4124503897866
6.46,36.238,36.035360575981294,-202.63942401870594
6.47,36.238,36.03613360235237,-201.8663976476276
6.48,36.24,36.03690662872345,-203.0933712765517
6.49,36.241,36.03767965509453,-203.32034490547102
6.5,36.241,36.038452515104545,-202.5474848954545
6.51,36.243,36.03922371908773,-203.7762809122725
6.52,36.243,36.039994923070914,-203.0050769290881
6.53,36.244,36.040766127054106,-203.23387294589423
6.54,36.245,36.04153733103729,-203.46266896270748
6.55,36.245,36.042308535020474,-202.69146497952306
6.56,36.245,36.043079207838765,-201.92079216123204
6.57,36.245,36.04384884903388,-201.15115096611902
6.58,36.245,36.04461849022899,-200.381509771006
6.59,36.245,36.045388131424104,-199.61186857589297
6.6,36.245,36.04615777261922,-198.84222738077995
6.61,36.245,36.04692741381432,-198.07258618567403
6.62,36.245,36.047696292325305,-197.30370767469196
6.63,36.245,36.04846463749286,-196.53536250713444
6.64,36.245,36.04923298266042,-195.7670173395769
6.65,36.244,36.05000132782797,-193.99867217202882
6.66,36.244,36.05076967299553,-193.2303270044713
6.67,36.244,36.051538018163086,-192.46198183691376
6.68,36.244,36.05230550040266,-191.69449959733953
6.69,36.244,36.05307281468383,-190.9271853161698
6.7,36.244,36.053840128965,-190.1598710350001
6.71,36.244,36.05460744324617,-189.39255675383038
6.72,36.244,36.05537475752734,-188.62524247266066
6.73,36.244,36.056142005386675,-187.8579946133243
6.74,36.244,36.056908544339095,-187.09145566090513
6.75,36.244,36.05767508329152,-186.32491670847884
6.76,36.244,36.05844162224395,-185.55837775605255
6.77,36.244,36.059208161196366,-184.79183880363337
6.78,36.244,36.05997470014879,-184.02529985120708
6.79,36.244,36.06074105982711,-183.25894017289102
6.8,36.244,36.06150706245579,-182.49293754421103
6.81,36.244,36.06227306508447,-181.72693491553105
6.82,36.244,36.06303906771315,-180.96093228685106
6.83,36.244,36.06380507034183,-180.19492965817108
6.84,36.244,36.06457107297051,-179.4289270294911
6.85,36.244,36.06533688925107,-178.6631107489285
6.86,36.243,36.06610257216652,-176.89742783348095
6.87,36.243,36.066868255081964,-176.13174491803818
6.88,36.243,36.067633937997414,-175.3660620025883
6.89,36.243,36.06839962091286,-174.60037908714554
6.9,36.243,36.069165303828306,-173.83469617169567
6.91,36.242,36.069930878549044,-172.06912145095288
6.92,36.241,36.07069643133764,-170.30356866236218
6.93,36.241,36.07146198412623,-169.53801587376915
6.94,36.24,36.07222753691482,-167.77246308517846
6.95,36.239,36.07299308970342,-166.00691029658066
6.96,36.239,36.07375864481806,-165.24135518194072
6.97,36.239,36.07452422666373,-164.47577333626384
6.98,36.239,36.07528980850941,-163.71019149058696
6.99,36.239,36.07605539035509,-162.9446096449101
7.0,36.238,36.07682097220076,-161.17902779924265
7.01,36.238,36.077586554046434,-160.41344595356577
7.02,36.238,36.078352187064915,-159.64781293508423
7.03,36.238,36.079117924618295,-158.88207538170462
7.04,36.238,36.079883662171675,-158.11633782832502
7.05,36.237,36.080649399725054,-156.35060027494774
7.06,36.237,36.081415137278434,-155.58486272156813
7.07,36.237,36.08218087483181,-154.81912516818852
7.08,36.237,36.082946756059904,-154.05324394009767
7.09,36.236,36.08371274251185,-152.28725748814753
7.1,36.236,36.0844787289638,-151.52127103619506
7.11,36.236,36.08524471541575,-150.7552845842497
7.12,36.236,36.08601070186769,-149.98929813230433
7.13,36.236,36.08677668831964,-149.22331168035896
7.14,36.235,36.08754292981535,-147.45707018465026
7.15,36.235,36.088309225097746,-146.6907749022539
7.16,36.235,36.08907552038014,-145.92447961985755
7.17,36.235,36.08984181566254,-145.1581843374612
7.18,36.235,36.09060811094493,-144.39188905507194
7.19,36.235,36.091374431290795,-143.6255687092043
7.2,36.235,36.09214106329863,-142.85893670137284
7.21,36.235,36.09290769530645,-142.0923046935485
7.22,36.234,36.09367432731428,-140.32567268571938
7.23,36.234,36.094440959322114,-139.55904067788794
7.24,36.234,36.09520759132994,-138.7924086700636
7.25,36.234,36.095974331454805,-138.02566854519682
7.26,36.234,36.09674129816084,-137.25870183915845
7.27,36.234,36.09750826486688,-136.49173513312007
7.28,36.234,36.09827523157292,-135.7247684270817
7.29,36.234,36.09904219827896,-134.95780172104332
7.3,36.234,36.099809164985,-134.19083501500495
7.31,36.234,36.100576306385456,-133.42369361454587
7.32,36.234,36.10134357870227,-132.6564212977317
7.33,36.234,36.10211085101909,-131.88914898091042
7.34,36.235,36.102878123335906,-132.12187666409392
7.35,36.235,36.10364539565272,-131.35460434727975
7.36,36.235,36.104412667969534,-130.58733203046557
7.37,36.235,36.10518014773338,-129.81985226662118
7.38,36.235,36.10594767296672,-129.0523270332784
7.39,36.235,36.10671519820006,-128.28480179994273
7.4,36.235,36.1074827234334,-127.51727656659995
7.41,36.235,36.10825024866674,-126.74975133325717
7.42,36.236,36.10901778632113,-126.98221367886475
7.43,36.236,36.10978549205414,-126.21450794586053
7.44,36.236,36.11055319778714,-125.44680221285631
7.45,36.236,36.111320903520145,-124.67909647985209
7.46,36.236,36.11208860925315,-123.91139074684787
7.47,36.236,36.11285631498615,-123.14368501384365
7.48,36.236,36.11362405008448,-122.37594991551504
7.49,36.236,36.11439184833284,-121.60815166715366
7.5,36.237,36.1151596465812,-121.84035341880417
7.51,36.236,36.11592744482956,-120.07255517043802
7.52,36.235,36.11669524307791,-118.30475692208609
7.53,36.234,36.11746304132627,-116.53695867373415
7.54,36.232,36.1182308357459,-113.76916425410144
7.55,36.231,36.11899862722977,-112.00137277023003
7.56,36.23,36.11976641871365,-110.23358128634442
7.57,36.229,36.12053421019753,-108.4657898024659
7.58,36.227,36.121302001681414,-105.69799831858262
7.59,36.226,36.122069793165295,-103.93020683470411
7.6,36.225,36.1228374925216,-102.16250747840405
7.61,36.224,36.123605170910174,-100.39482908982222
7.62,36.223,36.124372849298744,-98.6271507012546
7.63,36.222,36.12514052768732,-96.85947231267988
7.64,36.22,36.12590820607589,-94.09179392410749
7.65,36.219,36.12667587041012,-92.32412958988334
7.66,36.218,36.12744332640808,-90.55667359192654
7.67,36.217,36.12821078240604,-88.78921759395553
7.68,36.216,36.128978238404,-87.02176159599873
7.69,36.214,36.12974569440197,-84.25430559803004
7.7,36.213,36.13051315039993,-82.48684960007324
7.71,36.212,36.13128050324581,-80.71949675419177
7.72,36.211,36.13204762840774,-78.95237159225843
7.73,36.21,36.13281475356967,-77.1852464303322
7.74,36.209,36.1335818787316,-75.41812126840597
7.75,36.208,36.13434900389352,-73.65099610647974
7.76,36.206,36.13511612905545,-70.88387094455584
7.77,36.205,36.13588301045721,-69.11698954278478
7.78,36.204,36.136649700634216,-67.35029936578485
7.79,36.203,36.13741639081122,-65.58360918878492
7.8,36.201,36.13818308098822,-62.816919011780215
7.81,36.2,36.13894977116523,-61.05022883477318
7.82,36.199,36.13971646134223,-59.283538657766144
7.83,36.198,36.1404827212745,-57.5172787254985
7.84,36.197,36.14124887961748,-55.75112038252428
7.85,36.195,36.14201503796045,-52.984962039552386
7.86,36.194,36.14278119630342,-51.21880369658527
7.87,36.193,36.143547354646394,-49.45264535360394
7.88,36.192,36.14431347735524,-47.68652264476003
7.89,36.191,36.145079016819544,-45.92098318045856
7.9,36.189,36.14584455628385,-43.15544371615232
7.91,36.188,36.14661009574816,-41.389904251843745
7.92,36.188,36.14737563521246,-40.624364787539946
7.93,36.187,36.148141174676766,-38.85882532323137
7.94,36.187,36.148906501611194,-38.09349838880394
7.95,36.186,36.149671346928116,-36.32865307188382
7.96,36.186,36.15043619224504,-35.563807754961374
7.97,36.186,36.151201037561954,-34.79896243804603
7.98,36.185,36.151965882878876,-33.03411712112592
7.99,36.185,36.1527307281958,-32.26927180420347
8.0,36.185,36.153495153986626,-31.504846013376664
8.01,36.185,36.154259243086564,-30.74075691343836
8.02,36.185,36.155023332186495,-29.976667813507163
8.03,36.184,36.155787421286426,-28.21257871357119
8.04,36.184,36.15655151038636,-27.448489613639993
8.05,36.183,36.157315599486296,-25.68440051370402
8.06,36.183,36.158079042513,-24.920957486997963
8.07,36.182,36.15884232740403,-23.157672595971235
8.08,36.181,36.15960561229506,-21.3943877049374
8.09,36.18,36.16036889718609,-19.631102813910672
8.1,36.18,36.16113218207712,-18.867817922881613
8.11,36.179,36.16189542343735,-17.10457656265163
8.12,36.179,36.16265787055947,-16.34212944053104
8.13,36.18,36.163420317681584,-16.579682318415223
8.14,36.18,36.164182764803705,-15.817235196294632
8.15,36.18,36.164945211925826,-15.054788074174041
8.16,36.18,36.165707659047946,-14.29234095205345
8.17,36.18,36.16646984858407,-13.53015141592806
8.18,36.181,36.167231438674165,-13.768561325832707
8.19,36.181,36.16799302876426,-13.006971235739684
8.2,36.181,36.16875461885435,-12.245381145646661
8.21,36.181,36.16951620894444,-11.483791055560744
8.22,36.181,36.17027779903453,-10.72220096546772
8.23,36.182,36.171038915440334,-10.961084559667711
8.24,36.182,36.171799642955264,-10.200357044737984
8.25,36.182,36.17256037047019,-9.439629529815363
8.26,36.182,36.17332109798512,-8.678902014885637
8.27,36.182,36.17408182550004,-7.9181744999630155
8.28,36.183,36.17484255301497,-8.157446985030958
8.29,36.183,36.17560259816927,-7.397401830729677
8.3,36.183,36.17636247032427,-6.637529675728615
8.31,36.183,36.17712234247927,-5.877657520727553
8.32,36.183,36.177882214634266,-5.117785365733596
8.33,36.184,36.17864208678927,-5.357913210730203
8.34,36.184,36.17940192017119,-4.598079828809887
8.35,36.184,36.18016095565788,-3.8390443421150167
8.36,36.184,36.18091999114458,-3.0800088554201466
8.37,36.185,36.18167902663127,-3.3209733687300513
8.38,36.185,36.18243806211797,-2.5619378820351812
8.39,36.185,36.18319709760466,-1.8029023953403112
8.4,36.185,36.18395589477169,-1.0441052283098884
8.41,36.185,36.184714122224506,-0.2858777754966013
8.42,36.185,36.18547234967732,0.47234967731668576
8.43,36.184,36.18623057713013,2.2305771301347477
8.44,36.183,36.18698880458294,3.9888045829385987
8.45,36.183,36.18774703203575,4.747032035751886
8.46,36.183,36.18850484033149,5.504840331489902
8.47,36.183,36.1892622966132,6.2622966132011015
8.48,36.182,36.19001975289491,8.01975289490997
8.49,36.181,36.190777209176616,9.77720917661884
8.5,36.18,36.19153466545833,11.534665458327709
8.51,36.179,36.19229212174003,13.292121740029472
8.52,36.178,36.19304900142737,15.049001427371422
8.53,36.177,36.193805729804104,16.805729804104885
8.54,36.176,36.19456245818084,18.562458180838348
8.55,36.175,36.195319186557576,20.319186557578917
8.56,36.174,36.19607591493431,22.07591493431238
8.57,36.173,36.19683261561444,23.83261561443817
8.58,36.171,36.19758866388766,26.588663887658015
8.59,36.17,36.19834471216087,28.34471216086598
8.6,36.168,36.199100760434085,31.100760434085828
8.61,36.167,36.199856808707295,32.856808707293794
8.62,36.166,36.200612856980506,34.612856980508866
8.63,36.165,36.20136872309388,36.368723093879396
8.64,36.164,36.20212414175241,38.124141752405194
8.65,36.163,36.202879560410935,39.8795604109381
8.66,36.162,36.20363497906946,41.634979069463895
8.67,36.161,36.20439039772799,43.39039772798969
8.68,36.16,36.20514581638652,45.1458163865226
8.69,36.159,36.20590092401746,46.90092401746426
8.7,36.158,36.206655764466475,48.65576446647424
8.71,36.157,36.20741060491549,50.41060491549132
8.72,36.156,36.20816544536449,52.16544536449419
8.73,36.154,36.208920285813505,54.920285813501835
8.74,36.153,36.20967512626252,56.675126262518916
8.75,36.152,36.210429551801525,58.42955180152387
8.76,36.151,36.21118386471783,60.18386471782833
8.77,36.15,36.211938177634146,61.938177634146996
8.78,36.148,36.21269249055045,64.69249055044912
8.79,36.147,36.21344680346676,66.44680346676068
8.8,36.146,36.21420109956516,68.20109956515807
8.81,36.145,36.21495493341994,69.95493341993608
8.82,36.143,36.21570876727472,72.70876727471887
8.83,36.142,36.2164626011295,74.46260112949687
8.84,36.141,36.21721643498428,76.21643498428199
8.85,36.14,36.21797026883906,77.97026883906
8.86,36.138,36.21872397954652,80.72397954651933
8.87,36.137,36.2194773793276,82.47737932759946
8.88,36.134,36.220230779108675,86.23077910867494
8.89,36.133,36.22098417888976,87.98417888975507
8.9,36.132,36.22173757867083,89.7375786708352
8.91,36.13,36.22249097845191,92.4909784519059
8.92,36.129,36.22324416870794,94.24416870794516
8.93,36.128,36.22399717486461,95.9971748646069
8.94,36.128,36.22475018102128,96.75018102127808
8.95,36.127,36.22550318717794,98.50318717793982
8.96,36.126,36.226256193334606,100.25619333460867
8.97,36.126,36.22700919949127,101.00919949127274
8.98,36.125,36.227761925672745,102.76192567274478
8.99,36.124,36.228514573297026,104.51457329702407
9.0,36.124,36.2292672209213,105.26722092129859
9.01,36.123,36.23001986854558,107.01986854558498
9.02,36.122,36.230772516169864,108.77251616986428
9.03,36.122,36.2315251540816,109.52515408160224
9.04,36.121,36.23227747233111,111.27747233111052
9.05,36.12,36.23302979058062,113.0297905806259
9.06,36.12,36.23378210883013,113.7821088301294
9.07,36.119,36.23453442707964,115.53442707963768
9.08,36.118,36.23528674532915,117.28674532914596
9.09,36.118,36.2360389783489,118.0389783488991
9.1,36.118,36.23679099010835,118.79099010834437
9.11,36.117,36.2375430018678,120.54300186780154
9.12,36.117,36.23829501362725,121.29501362725392
9.13,36.116,36.239047025386704,123.04702538670398
9.14,36.115,36.23979903714615,124.79903714614693
9.15,36.115,36.24055089617491,125.55089617490722
9.16,36.114,36.24130261794601,127.3026179460146
9.17,36.113,36.242054339717114,129.05433971711489
9.18,36.113,36.242806061488224,129.8060614882246
9.19,36.112,36.24355778325933,131.55778325932488
9.2,36.111,36.24430950503043,133.30950503043226
9.21,36.111,36.24506100990466,134.06100990466285
9.22,36.11,36.24581245190781,135.81245190781033
9.23,36.109,36.24656389391095,137.5638939109507
9.24,36.109,36.2473153359141,138.3153359141005
9.25,36.108,36.24806677791725,140.06677791725508
9.26,36.108,36.24881821334342,140.81821334342237
9.27,36.107,36.24956937980931,142.56937980930928
9.28,36.107,36.25032054627519,143.32054627519142
9.29,36.106,36.25107171274108,145.07171274107833
9.3,36.105,36.25182287920696,146.82287920696524
9.31,36.105,36.25257404567285,147.57404567285448
9.32,36.104,36.253325136709314,149.32513670931513
9.33,36.104,36.25407602633457,150.07602633457395
9.34,36.103,36.254826915959825,151.82691595982334
9.35,36.103,36.255577805585084,152.57780558508216
9.36,36.103,36.256328695210335,153.32869521033388
9.37,36.103,36.257079584835594,154.0795848355927
9.38,36.102,36.257830326955215,155.83032695521837
9.39,36.103,36.258580933493185,155.5809334931837
9.4,36.103,36.259331540031155,156.3315400311538
9.41,36.103,36.260082146569125,157.0821465691239
9.42,36.103,36.26083275310709,157.8327531070869
9.43,36.103,36.26158335964506,158.583359645057
9.44,36.102,36.262333740225976,160.33374022597968
9.45,36.102,36.26308405318209,161.08405318209407
9.46,36.102,36.263834366138205,161.83436613820845
9.47,36.101,36.26458467909432,163.5846790943205
9.48,36.101,36.265334992050434,164.3349920504349
9.49,36.101,36.26608529939319,165.0852993931906
9.5,36.1,36.26683530479369,166.83530479368613
9.51,36.1,36.267585310194185,167.585310194184
9.52,36.099,36.26833531559468,169.33531559468662
9.53,36.098,36.26908532099518,171.08532099518214
9.54,36.097,36.26983532639568,172.83532639567767
9.55,36.096,36.27058524528513,174.58524528513664
9.56,36.095,36.271334926488414,176.33492648841553
9.57,36.094,36.2720846076917,178.08460769170154
9.58,36.093,36.272834288894984,179.83428889498043
9.59,36.092,36.273583970098265,181.58397009826643
9.6,36.091,36.27433365130155,183.33365130155244
9.61,36.09,36.27508315587192,185.08315587191504
9.62,36.089,36.27583249439308,186.83249439308014
9.63,36.088,36.27658183291423,188.58183291423103
9.64,36.087,36.277331171435385,190.33117143538192
9.65,36.086,36.27808050995654,192.0805099565399
9.66,36.085,36.27882984847769,193.8298484776908
9.67,36.084,36.27957891026442,195.5789102644161
9.68,36.083,36.28032788658571,197.3278865857111
9.69,36.082,36.28107686290699,199.0768629069919
9.7,36.082,36.28182583922828,199.82583922828212
9.71,36.081,36.282574815549566,201.5748155495629
9.72,36.08,36.283323787045184,203.3237870451856
9.73,36.079,36.28407238138807,205.07238138807082
9.74,36.078,36.28482097573096,206.82097573095604
9.75,36.077,36.28556957007385,208.56957007384835
9.76,36.076,36.286318164416734,210.31816441673357
9.77,36.075,36.28706675875963,212.06675875962588
9.78,36.074,36.287815248270036,213.81524827003773
9.79,36.073,36.28856344130777,215.56344130777205
9.8,36.072,36.28931163434551,217.31163434550638
9.81,36.071,36.290059827383246,219.0598273832478
9.82,36.07,36.29080802042098,220.80802042098213
9.83,36.069,36.29155621345872,222.55621345871646
9.84,36.068,36.29230419260254,224.30419260254553
9.85,36.067,36.2930519660959,226.05196609590195
9.86,36.066,36.29379973958927,227.79973958926547
9.87,36.065,36.29454751308263,229.547513082629
9.88,36.064,36.29529528657599,231.29528657599252
9.89,36.063,36.29604306006936,233.04306006935605
9.9,36.062,36.2967905027776,234.7905027775994
9.91,36.061,36.29753784012051,236.53784012051204
9.92,36.06,36.29828517746343,238.2851774634247
9.93,36.059,36.29903251480634,240.03251480634447
9.94,36.059,36.29977985214926,240.77985214925945
9.95,36.058,36.30052718633057,242.52718633056958
9.96,36.058,36.30127407299624,243.27407299624326
9.97,36.058,36.30202095966192,244.02095966191695
9.98,36.057,36.30276784632759,245.7678463275883
9.99,36.057,36.303514732993264,246.514732993262
10.0,36.056,36.30426161965894,248.26161965894045
10.01,36.056,36.305008388032206,249.00838803220893
10.02,36.055,36.305754811914404,250.75481191440474
10.03,36.055,36.3065012357966,251.50123579660288
10.04,36.054,36.3072476596788,253.2476596787987
10.05,36.054,36.30799408356099,253.99408356098974
10.06,36.053,36.30874050744319,255.74050744319266
10.07,36.053,36.309486693221935,256.4866932219374
10.08,36.053,36.3102326448698,257.23264486980213
10.09,36.052,36.31097859651767,258.97859651767163
10.1,36.051,36.311724548165536,260.72454816553403
10.11,36.051,36.3124704998134,261.47049981339876
10.12,36.051,36.31321645146127,262.2164514612706
10.13,36.05,36.313962042592834,263.96204259283707
10.14,36.049,36.314707515341226,265.7075153412265
10.15,36.049,36.31545298808961,266.45298808961115
10.16,36.048,36.316198460837995,268.1984608379935
10.17,36.048,36.31694393358639,268.94393358638524
10.18,36.047,36.31768940566033,270.6894056603346
10.19,36.047,36.31843439566064,271.4343956606413
10.2,36.046,36.319179385660945,273.1793856609457
10.21,36.046,36.319924375661245,273.9243756612453
10.22,36.045,36.32066936566155,275.66936566154965
10.23,36.045,36.32141435566185,276.41435566184924
10.24,36.044,36.322159224705516,278.1592247055187
10.25,36.043,36.322903730864816,279.9037308648167
10.26,36.043,36.323648237024116,280.648237024117
10.27,36.042,36.32439274318342,282.392743183415
10.28,36.042,36.32513724934272,283.13724934271534
10.29,36.041,36.32588175550202,284.88175550202044
10.3,36.041,36.32662602118193,285.62602118193325
10.31,36.04,36.32737004502039,287.37004502038843
10.32,36.04,36.328114068858845,288.11406885884594
10.33,36.039,36.3288580926973,289.8580926973011
10.34,36.039,36.32960211653576,290.6021165357586
10.35,36.038,36.33034614037422,292.3461403742209
10.36,36.037,36.3310898067599,294.0898067598994
10.37,36.037,36.33183335219809,294.8333521980899
10.38,36.036,36.33257689763628,296.57689763627815
10.39,36.035,36.33332044307446,298.32044307446637
10.4,36.034,36.33406398851265,300.0639885126546
10.41,36.034,36.334807533950844,300.80753395084514
10.42,36.034,36.3355506090337,301.5506090337041
10.43,36.034,36.33629368212275,302.29368212275176
10.44,36.034,36.3370367552118,303.0367552117994
10.45,36.034,36.33777982830084,303.77982830083994
10.46,36.033,36.33852290138989,305.52290138988525
10.47,36.031,36.33926586097167,308.2658609716731
10.48,36.031,36.34000846957974,309.00846957974437
10.49,36.03,36.340751078187814,310.75107818781333
10.5,36.029,36.34149368679588,312.4936867958752
10.51,36.029,36.34223629540395,313.2362954039465
10.52,36.028,36.34297890401202,314.97890401202255
10.53,36.028,36.34372128825018,315.721288250181
10.54,36.027,36.344463441719036,317.46344171903473
10.55,36.026,36.34520559518789,319.2055951878885
10.56,36.026,36.345947748656755,319.9477486567517
10.57,36.025,36.34668990212561,321.68990212561255
10.58,36.024,36.347432055594474,323.4320555944734
10.59,36.024,36.348173879301264,324.17387930126296
10.6,36.023,36.348915588086356,325.9155880863531
10.61,36.022,36.34965729687145,327.6572968714504
10.62,36.022,36.350399005656534,328.3990056565358
10.63,36.021,36.35114071444163,330.14071444162596
10.64,36.021,36.35188242322672,330.88242322671846
10.65,36.02,36.35262370279866,332.6237027986565
10.66,36.02,36.353364978105525,333.36497810552146
10.67,36.019,36.35410625341238,335.1062534123841
10.68,36.018,36.35484752871924,336.8475287192396
10.69,36.018,36.355588804026105,337.5888040261046
10.7,36.017,36.35632997860694,339.3299786069335
10.71,36.017,36.35707083203573,340.0708320357282
10.72,36.016,36.35781168546453,341.8116854645348
10.73,36.016,36.35855253889333,342.5525388933295
10.74,36.016,36.35929339232212,343.2933923221242
10.75,36.016,36.360034245750924,344.034245750926
10.76,36.016,36.36077489925822,344.77489925821914
10.77,36.015,36.361515342466845,346.51534246684434
10.78,36.015,36.36225578567547,347.2557856754719
10.79,36.014,36.3629962288841,348.9962288840971
10.8,36.014,36.36373667209273,349.73667209272463
10.81,36.013,36.364477115301355,351.47711530135695
10.82,36.013,36.365217265004034,352.21726500403605
10.83,36.012,36.36595730939877,353.9573093987727
10.84,36.011,36.36669735379352,355.6973537935164
10.85,36.011,36.36743739818826,356.4373981882554
10.86,36.01,36.368177442583004,358.1774425830062
10.87,36.01,36.36891748697774,358.91748697774517
10.88,36.01,36.36965714943523,359.657149435229
10.89,36.009,36.370396805896284,361.396805896284
10.9,36.009,36.371136462357335,362.1364623573342
10.91,36.009,36.371876118818385,362.87611881838444
10.92,36.008,36.37261577527944,364.61577527943945
10.93,36.008,36.37335534365773,365.3553436577255
10.94,36.008,36.3740946223051,366.0946223050985
10.95,36.008,36.374833900952474,366.8339009524715
10.96,36.007,36.37557317959985,368.57317959984925
10.97,36.007,36.37631245824722,369.31245824722225
10.98,36.007,36.3770517368946,370.05173689460236
10.99,36.007,36.3777908379539,370.7908379539049
11.0,36.006,36.37852974795752,372.5297479575218
11.01,36.006,36.37926865796114,373.26865796114106
11.02,36.006,36.38000756796476,374.0075679647603
11.03,36.005,36.38074647796838,375.74647796837723
11.04,36.005,36.381485387972006,376.4853879720036
11.05,36.005,36.38222403464265,377.2240346426443
11.06,36.004,36.382962584078676,378.96258407867833
11.07,36.004,36.38370113351471,379.7011335147147
11.08,36.004,36.38443968295074,380.43968295074393
11.09,36.004,36.38517823238678,381.1782323867803
11.1,36.003,36.38591678182281,382.9167818228072
11.11,36.003,36.386654985030624,383.6549850306241
11.12,36.002,36.387393180784414,385.393180784412
11.13,36.002,36.388131376538205,386.1313765382022
11.14,36.001,36.388869572291995,387.86957229199714
11.15,36.001,36.389607768045785,388.60776804578734
11.16,36.001,36.390345884613694,389.34588461369657
11.17,36.0,36.39108373232825,391.0837323282479
11.18,35.999,36.3918215800428,392.8215800427992
11.19,35.998,36.392559427757355,394.55942775735764
11.2,35.997,36.39329727547191,396.29727547190896
11.21,35.996,36.39403512318646,398.0351231864603
11.22,35.995,36.394772807285364,399.7728072853661
11.23,35.994,36.39551031135289,401.5103113528937
11.24,35.993,36.396247815420416,403.2478154204142
11.25,35.993,36.396985319487946,403.98531948794414
11.26,35.992,36.39772282355547,405.72282355547173
11.27,35.992,36.39846032762299,406.46032762299455
11.28,35.991,36.39919758494488,408.19758494487957
11.29,35.991,36.39993474853782,408.934748537817
11.3,35.99,36.400671912130754,410.67191213075205
11.31,35.99,36.4014090757237,411.40907572369656
11.32,35.989,36.402146239316636,413.14623931663874
11.33,35.989,36.40288340290957,413.88340290957615
11.34,35.988,36.40362023708121,415.6202370812139
11.35,35.988,36.404357062218224,416.3570622182249
11.36,35.987,36.40509388735524,418.09388735524067
11.37,35.987,36.405830712492254,418.8307124922517
11.38,35.986,36.40656753762927,420.56753762927457
11.39,35.985,36.40730428787546,422.3042878754626
11.4,35.984,36.40804077551717,424.04077551717023
11.41,35.984,36.40877726315888,424.7772631588802
11.42,35.984,36.40951375080059,425.5137508005902
11.43,35.984,36.4102502384423,426.25023844230014
11.44,35.985,36.410986726084005,425.98672608400534
11.45,35.984,36.41172305494561,427.72305494560925
11.46,35.984,36.412459205114374,428.45920511437185
11.47,35.983,36.413195355283136,430.19535528313924
11.48,35.981,36.4139315054519,432.9315054518972
11.49,35.98,36.41466765562066,434.66765562066456
11.5,35.979,36.415403805789424,436.40380578942484
11.51,35.978,36.416139712724366,438.1397127243645
11.52,35.977,36.41687552464216,439.8755246421615
11.53,35.976,36.41761133655996,441.61133655995854
11.54,35.975,36.41834714847775,443.3471484777485
11.55,35.974,36.41908296039554,445.0829603955455
11.56,35.973,36.419818772313334,446.81877231333544
11.57,35.972,36.420554255527435,448.55425552743355
11.58,35.971,36.42128972776588,450.2897277658846
11.59,35.97,36.422025200004335,452.02520000433566
11.6,35.969,36.42276067224279,453.7606722427867
11.61,35.968,36.423496144481234,455.49614448123066
11.62,35.966,36.42423154283679,458.231542836792
11.63,35.965,36.42496667347346,459.96667347345976
11.64,35.964,36.425701804110126,461.7018041101275
11.65,35.963,36.42643693474679,463.43693474678815
11.66,35.962,36.42717206538345,465.1720653834488
11.67,35.961,36.427907196020115,466.90719602011654
11.68,35.96,36.42864216680288,468.64216680287996
11.69,35.958,36.42937695357835,471.37695357834986
11.7,35.957,36.430111740353816,473.111740353815
11.71,35.956,36.43084652712928,474.8465271292801
11.72,35.955,36.43158131390475,476.58131390475234
11.73,35.953,36.43231610068022,479.31610068021513
11.74,35.952,36.43305064037606,481.05064037606127
11.75,35.951,36.433785080846796,482.7850808467957
11.76,35.95,36.43451952131754,484.5195213175373
11.77,35.948,36.43525396178828,487.2539617882765
11.78,35.947,36.435988402259014,488.98840225901097
11.79,35.946,36.43672284272976,490.72284272975963
11.8,35.945,36.437456947641785,492.4569476417844
11.81,35.943,36.438191039324295,495.19103932429687
11.82,35.942,36.438925131006805,496.9251310068046
11.83,35.941,36.439659222689315,498.6592226893123
11.84,35.939,36.44039331437183,501.3933143718319
11.85,35.938,36.441127332072824,503.1273320728218
11.86,35.937,36.44186107257534,504.86107257534485
11.87,35.936,36.44259481307786,506.5948130778608
11.88,35.934,36.44332855358038,509.32855358038154
11.89,35.933,36.4440622940829,511.0622940828975
11.9,35.932,36.444796034585416,512.7960345854135
11.91,35.932,36.44552961280171,513.5296128017046
11.92,35.931,36.446262999940394,515.2629999403971
11.93,35.93,36.44699638707909,516.9963870790895
11.94,35.93,36.44772977421778,517.729774217777
11.95,35.929,36.448463161356464,519.4631613564625
11.96,35.929,36.44919654849515,520.1965484951501
11.97,35.928,36.44992968417401,521.9296841740118
11.98,35.927,36.45066271607142,523.6627160714206
11.99,35.927,36.45139574796883,524.395747968832
12.0,35.926,36.45212877986624,526.1287798662408
12.01,35.926,36.452861811763654,526.8618117636521
12.02,35.925,36.453594843661065,528.5948436610681
12.03,35.925,36.45432753436035,529.3275343603555
12.04,35.924,36.455060209524596,531.0602095245969
12.05,35.924,36.45579288468885,531.7928846888478
12.06,35.923,36.45652555985309,533.5255598530892
12.07,35.923,36.457258235017335,534.258235017333
12.08,35.923,36.45799083681966,534.9908368196594
12.09,35.923,36.458723154203604,535.7231542036018
12.1,35.923,36.45945547158754,536.4554715875372
12.11,35.923,36.460187788971474,537.1877889714724
12.12,35.923,36.46092010635541,537.9201063554078
12.13,35.923,36.46165242373935,538.6524237393502
12.14,35.923,36.46238457856328,539.3845785632791
12.15,35.923,36.46311653760363,540.1165376036304
12.16,35.923,36.46384849664398,540.8484966439814
12.17,35.923,36.464580455684334,541.5804556843327
12.18,35.923,36.465312414724686,542.3124147246838
12.19,35.923,36.46604437376504,543.0443737650351
12.2,35.923,36.466776081120834,543.776081120832
12.21,35.923,36.467507681757844,544.5076817578424
12.22,35.923,36.468239282394855,545.2392823948528
12.23,35.923,36.468970883031865,545.9708830318632
12.24,35.923,36.469702483668875,546.7024836688736
12.25,35.923,36.470434084305886,547.434084305884
12.26,35.923,36.47116534458413,548.1653445841275
12.27,35.924,36.471896587262925,547.896587262926
12.28,35.924,36.472627829941715,548.6278299417152
12.29,35.924,36.47335907262051,549.3590726205114
12.3,35.924,36.4740903152993,550.0903152993004
12.31,35.924,36.47482148677717,550.821486777167
12.32,35.924,36.475552372432446,551.5523724324466
12.33,35.924,36.476283258087726,552.2832580877264
12.34,35.924,36.477014143743006,553.0141437430061
12.35,35.924,36.477745029398285,553.7450293982857
12.36,35.924,36.47847591505356,554.4759150535583
12.37,35.924,36.479206641378184,555.2066413781845
12.38,35.924,36.479937171404295,555.9371714042953
12.39,35.924,36.4806677014304,556.6677014303991
12.4,35.924,36.4813982314565,557.3982314565029
12.41,35.924,36.48212876148261,558.1287614826138
12.42,35.924,36.48285929150872,558.8592915087177
12.43,35.924,36.48358957505843,559.5895750584318
12.44,35.924,36.48431975126706,560.319751267059
12.45,35.924,36.48504992747568,561.049927475679
12.46,35.924,36.485780103684306,561.7801036843061
12.47,35.924,36.48651027989293,562.5102798929333
12.48,35.924,36.48724045610156,563.2404561015605
12.49,35.924,36.48797029993403,563.9702999340273
12.5,35.924,36.48870012450208,564.7001245020817
12.51,35.924,36.48942994907014,565.4299490701433
12.52,35.925,36.490159773638204,565.1597736382073
12.53,35.925,36.49088959820626,565.8895982062618
12.54,35.926,36.49161935510366,565.6193551036565
12.55,35.927,36.4923488305139,565.3488305138978
12.56,35.927,36.49307830592413,566.0783059241296
12.57,35.928,36.49380778133437,565.8077813343709
12.58,35.928,36.4945372567446,566.5372567446027
12.59,35.929,36.49526673215484,566.266732154837
12.6,35.929,36.49599605430068,566.996054300681
12.61,35.929,36.49672518327756,567.7251832775596
12.62,35.93,36.49745431225444,567.4543122544407
12.63,35.93,36.49818344123132,568.1834412313194
12.64,35.931,36.4989125702082,567.9125702082003
12.65,35.931,36.49964169918507,568.641699185072
12.66,35.931,36.50037059077963,569.3705907796343
12.67,35.932,36.501099376223046,569.0993762230435
12.68,35.932,36.50182816166646,569.8281616664574
12.69,35.932,36.50255694710988,570.5569471098784
12.7,35.933,36.503285732553294,570.2857325532946
12.71,35.933,36.50401451799671,571.0145179967085
12.72,35.933,36.504742983484334,571.7429834843344
12.73,35.933,36.50547142840343,572.471428403432
12.74,35.933,36.50619987332254,573.1998733225367
12.75,35.934,36.50692831824164,572.9283182416439
12.76,35.934,36.50765676316074,573.6567631607414
12.77,35.934,36.5083851445704,574.3851445703996
12.78,35.934,36.509113252019674,575.1132520196762
12.79,35.935,36.50984135946894,574.8413594689409
12.8,35.935,36.51056946691821,575.5694669182105
12.81,35.935,36.51129757436749,576.2975743674872
12.82,35.936,36.51202568181676,576.0256818167591
12.83,35.936,36.51275364319096,576.7536431909618
12.84,35.936,36.51348141621041,577.4814162104108
12.85,35.936,36.51420918922985,578.2091892298524
12.86,35.937,36.5149369622493,577.9369622493036
12.87,35.937,36.51566473526875,578.6647352687523
12.88,35.937,36.5163925082882,579.3925082882013
12.89,35.937,36.51712005413136,580.1200541313633
12.9,35.938,36.51784749569236,579.8474956923556
12.91,35.938,36.51857493725335,580.5749372533455
12.92,35.938,36.51930237881434,581.3023788143355
12.93,35.939,36.52002982037533,581.0298203753277
12.94,35.939,36.52075726193632,581.7572619363176
12.95,35.939,36.521484396588896,582.484396588896
12.96,35.939,36.522211509546885,583.211509546885
12.97,35.94,36.52293862250487,582.9386225048694
12.98,35.94,36.523665735462856,583.6657354628585
12.99,35.94,36.524392848420845,584.3928484208476
13.0,35.941,36.52511990187717,584.1199018771661
13.01,35.941,36.52584668893223,584.846688932231
13.02,35.942,36.5265734759873,584.5734759872983
13.03,35.943,36.52730026304236,584.3002630423655
13.04,35.943,36.52802705009742,585.0270500974233
13.05,35.944,36.528753837152486,584.7538371524834
13.06,35.945,36.529480484771675,584.4804847716745
13.07,35.946,36.530206948437375,584.2069484373767
13.08,35.947,36.530933412103074,583.9334121030718
13.09,35.948,36.531659875768774,583.6598757687739
13.1,35.948,36.532386339434474,584.3863394344737
13.11,35.948,36.533112803100174,585.1128031001736
13.12,35.948,36.53383904850342,585.8390485034164
13.13,35.948,36.53456519108429,586.56519108429
13.14,35.948,36.535291333665164,587.2913336651635
13.15,35.947,36.536017476246045,589.0174762460418
13.16,35.947,36.53674361882692,589.7436188269154
13.17,35.947,36.53746976140779,590.469761407789
13.18,35.947,36.538195607838404,591.1956078384009
13.19,35.946,36.538921431416,592.9214314160021
13.2,35.946,36.539647254993604,593.6472549936057
13.21,35.946,36.5403730785712,594.3730785712021
13.22,35.945,36.541098902148796,596.0989021487961
13.23,35.945,36.54182466960451,596.8246696045085
13.24,35.945,36.54255017603164,597.550176031639
13.25,35.945,36.54327568245877,598.2756824587696
13.26,35.944,36.5440011888859,600.0011888858978
13.27,35.944,36.54472669531303,600.7266953130284
13.28,35.944,36.54545220174016,601.4522017401589
13.29,35.943,36.54617757389519,603.177573895195
13.3,35.943,36.546902764797885,603.9027647978869
13.31,35.943,36.54762795570057,604.6279557005719
13.32,35.943,36.548353146603255,605.3531466032566
13.33,35.942,36.54907833750595,607.0783375059464
13.34,35.942,36.54980352840863,607.8035284086311
13.35,35.942,36.55052850755053,608.5285075505311
13.36,35.942,36.551253384336846,609.2533843368458
13.37,35.941,36.55197826112317,610.9782611231651
13.38,35.941,36.55270313790948,611.7031379094797
13.39,35.941,36.553428014695804,612.4280146958015
13.4,35.94,36.55415289148212,614.1528914821208
13.41,35.94,36.55487747953166,614.877479531664
13.42,35.941,36.55560204340663,614.6020434066272
13.43,35.941,36.5563266072816,615.3266072815952
13.44,35.942,36.55705117115656,615.0511711565584
13.45,35.943,36.55777573503153,614.7757350315288
13.46,35.944,36.558500245467805,614.5002454678022
13.47,35.945,36.559224497453215,614.2244974532148
13.48,35.946,36.559948749438625,613.9487494386274
13.49,35.948,36.560673001424036,612.6730014240352
13.5,35.948,36.56139725340945,613.3972534094526
13.51,35.948,36.56212150539486,614.1215053948628
13.52,35.948,36.56284562676939,614.8456267693873
13.53,35.948,36.5635695677276,615.5695677275971
13.54,35.948,36.56429350868581,616.293508685807
13.55,35.947,36.565017449644024,618.0174496440216
13.56,35.947,36.565741390602234,618.7413906022314
13.57,35.947,36.56646533156045,619.4653315604484
13.58,35.948,36.56718906507549,619.1890650754885
13.59,35.948,36.567912695735956,619.9126957359554
13.6,35.949,36.56863632639643,619.6363263964315
13.61,35.949,36.569359957056896,620.3599570568983
13.62,35.95,36.57008358771737,620.0835877173674
13.63,35.95,36.57080721837784,620.8072183778341
13.64,35.951,36.57153056502954,620.5305650295401
13.65,35.951,36.57225388601707,621.2538860170724
13.66,35.952,36.5729772070046,620.9772070046
13.67,35.952,36.57370052799213,621.7005279921324
13.68,35.953,36.57442384897966,621.42384897966
13.69,35.953,36.575147118739054,622.1471187390506
13.7,35.953,36.575870130602645,622.8701306026423
13.71,35.954,36.57659314246624,622.5931424662363
13.72,35.954,36.57731615432983,623.316154329828
13.73,35.954,36.57803916619342,624.0391661934198
13.74,35.955,36.57876217805701,623.7621780570137
13.75,35.955,36.57948506205352,624.4850620535232
13.76,35.955,36.580207765294865,625.2077652948672
13.77,35.956,36.580930468536216,624.9304685362133
13.78,35.956,36.58165317177756,625.6531717775573
13.79,35.957,36.582375875018904,625.3758750189036
13.8,35.957,36.58309857826025,626.0985782602475
13.81,35.958,36.58382107723172,625.8210772317199
13.82,35.958,36.58454347233247,626.5434723324717
13.83,35.958,36.58526586743322,627.2658674332234
13.84,35.959,36.585988262533974,626.9882625339704
13.85,35.959,36.586710657634725,627.7106576347222
13.86,35.96,36.58743305273548,627.4330527354764
13.87,35.96,36.588155167407756,628.1551674077548
13.88,35.962,36.58887725485475,626.8772548547474
13.89,35.962,36.589599342301746,627.5993423017426
13.9,35.963,36.59032142974874,627.32142974874
13.91,35.963,36.59104351719574,628.0435171957422
13.92,35.964,36.59176555546908,627.7655554690824
13.93,35.964,36.592487335776944,628.4873357769457
13.94,35.964,36.593209116084815,629.2091160848158
13.95,35.965,36.59393089639268,628.9308963926743
13.96,35.965,36.59465267670054,629.6526767005375
13.97,35.965,36.59537445700841,630.3744570084077
13.98,35.966,36.59609611201886,630.0961120188617
13.99,35.966,36.59681758574947,630.8175857494689
14.0,35.966,36.597539059480084,631.5390594800831
14.01,35.967,36.5982605332107,631.2605332106998
14.02,35.967,36.598982006941306,631.982006941307
14.03,35.968,36.59970348067192,631.7034806719164
14.04,35.968,36.600424753302285,632.4247533022813
14.05,35.969,36.60114592108075,632.145921080749
14.06,35.969,36.601867088859215,632.8670888592143
14.07,35.969,36.60258825663768,633.5882566376796
14.08,35.97,36.60330942441615,633.3094244161543
14.09,35.97,36.60403059219462,634.0305921946197
14.1,35.971,36.60475148344923,633.751483449231
14.11,35.971,36.605472345976196,634.4723459761994
14.12,35.972,36.606193208503164,634.193208503163
14.13,35.972,36.60691407103013,634.9140710301313
14.14,35.973,36.6076349335571,634.6349335571019
14.15,35.973,36.608355749048805,635.3557490488058
14.16,35.974,36.609076307109,635.0763071090029
14.17,35.974,36.6097968651692,635.7968651692047
14.18,35.975,36.610517423229396,635.5174232293948
14.19,35.975,36.6112379812896,636.2379812895966
14.2,35.976,36.61195853934979,635.9585393497937
14.21,35.976,36.612678975037824,636.6789750378246
14.22,35.977,36.61339922950492,636.3992295049243
14.23,35.978,36.61411948397201,636.1194839720099
14.24,35.978,36.61483973843911,636.8397384391074
14.25,35.979,36.615559992906206,636.5599929062071
14.26,35.979,36.616280247373304,637.2802473733045
14.27,35.98,36.61700030462454,637.0003046245429
14.28,35.98,36.617720256462476,637.7202564624795
14.29,35.98,36.61844020830041,638.4402083004161
14.3,35.981,36.61916016013836,638.1601601383551
14.31,35.981,36.61988011197629,638.8801119762917
14.32,35.982,36.62060006381423,638.6000638142307
14.33,35.982,36.62131974415145,639.3197441514502
14.34,35.983,36.622039394412546,639.0393944125492
14.35,35.983,36.62275904467364,639.7590446736458
14.36,35.984,36.62347869493475,639.4786949347449
14.37,35.984,36.62419834519584,640.1983451958415
14.38,35.985,36.624917950731515,639.9179507315154
14.39,35.984,36.62563730055165,641.6373005516505
14.4,35.984,36.62635665037178,642.3566503717808
14.41,35.984,36.62707600019191,643.0760001919111
14.42,35.984,36.62779535001205,643.7953500120486
14.43,35.984,36.62851469983218,644.5146998321788
14.44,35.985,36.6292339307204,644.2339307204037
14.45,35.985,36.62995298131171,644.952981311711
14.46,35.985,36.63067203190301,645.6720319030112
14.47,35.986,36.63139108249431,645.3910824943137
14.48,35.987,36.63211013308561,645.110133085609
14.49,35.988,36.63282918367691,644.8291836769115
14.5,35.99,36.63354804177572,643.5480417757162
14.51,35.991,36.63426679441726,643.2667944172579
14.52,35.992,36.63498554705879,642.9855470587925
14.53,35.993,36.63570429970032,642.7042997003198
14.54,35.994,36.636423052341854,642.4230523418544
14.55,35.995,36.63714180498339,642.141804983396
14.56,35.996,36.637860292257926,641.8602922579239
14.57,35.997,36.63857874828479,641.5787482847932
14.58,35.998,36.63929720431166,641.2972043116624
14.59,35.999,36.640015660338534,641.0156603385317
14.6,36.0,36.6407341163654,640.734116365401
14.61,36.001,36.64145253010044,640.4525301004398
14.62,36.002,36.64217069089184,640.1706908918356
14.63,36.003,36.64288885168323,639.8888516832315
14.64,36.004,36.643607012474625,639.6070124746274
14.65,36.005,36.64432517326602,639.3251732660161
14.66,36.007,36.64504333405742,638.0433340574214
14.67,36.008,36.645761379715566,637.7613797155632
14.68,36.009,36.64647924668222,637.4792466822186
14.69,36.01,36.64719711364887,637.1971136488739
14.7,36.011,36.64791498061552,636.914980615515
14.71,36.012,36.64863284758217,636.6328475821704
14.72,36.013,36.64935071454882,636.3507145488186
14.73,36.014,36.65006839425428,636.0683942542806
14.74,36.015,36.65078596882577,635.7859688257719
14.75,36.016,36.65150354339726,635.5035433972631
14.76,36.017,36.65222111796874,635.2211179687401
14.77,36.018,36.65293869254023,634.9386925402314
14.78,36.019,36.653656267111714,634.6562671117156
14.79,36.02,36.65437358301058,634.3735830105786
14.8,36.021,36.65509086662293,634.0908666229268
14.81,36.022,36.65580815023528,633.8081502352821
14.82,36.023,36.65652543384763,633.5254338476233
14.83,36.024,36.65724271745997,633.2427174599716
14.84,36.025,36.65795996122463,632.9599612246284
14.85,36.026,36.65867695530855,632.6769553085469
14.86,36.027,36.659393949392474,632.3939493924727
14.87,36.028,36.6601109434764,632.1109434763982
14.88,36.029,36.66082793756032,631.8279375603169
14.89,36.03,36.661544931644244,631.5449316442425
14.9,36.031,36.66226181445138,631.2618144513777
14.91,36.033,36.66297852042148,629.9785204214813
14.92,36.034,36.66369522639159,629.6952263915898
14.93,36.035,36.66441193236169,629.4119323616911
14.94,36.035,36.665128638331794,630.1286383317972
14.95,36.036,36.6658453443019,629.8453443018985
14.96,36.037,36.666561868253154,629.5618682531554
14.97,36.038,36.667278287498384,629.278287498387
14.98,36.039,36.667994706743606,628.9947067436046
14.99,36.04,36.668711125988835,628.7111259888363
15.0,36.041,36.66942754523406,628.4275452340609
15.01,36.042,36.67014396447929,628.1439644792854
15.02,36.043,36.67086013162429,627.8601316242884
15.03,36.044,36.67157626549976,627.576265499762
15.04,36.045,36.67229239937523,627.2923993752286
15.05,36.046,36.673008533250695,627.0085332506951
15.06,36.047,36.673724667126166,626.7246671261688
15.07,36.048,36.6744407635031,626.4407635030977
15.08,36.049,36.67515661332353,626.1566133235306
15.09,36.05,36.67587246314396,625.8724631439634
15.1,36.051,36.67658831296439,625.5883129643892
15.11,36.052,36.677304162784814,625.3041627848148
15.12,36.052,36.678020012605245,626.0200126052453
15.13,36.053,36.67873575479547,625.7357547954712
15.14,36.054,36.67945132183021,625.4513218302052
15.15,36.055,36.68016688886494,625.1668888649391
15.16,36.056,36.68088245589968,624.8824558996802
15.17,36.057,36.681598022934416,624.5980229344141
15.18,36.058,36.68231358996915,624.3135899691481
15.19,36.059,36.68302897984248,624.0289798424853
15.2,36.06,36.68374426531219,623.7442653121902
15.21,36.06,36.6844595507819,624.4595507818999
15.22,36.061,36.685174836251605,624.1748362516048
15.23,36.062,36.685890121721314,623.8901217213169
15.24,36.063,36.68660540719102,623.6054071910146
15.25,36.064,36.68732044653078,623.3204465307765
15.26,36.065,36.6880354516057,623.035451605702
15.27,36.066,36.68875045668062,622.7504566806203
15.28,36.067,36.68946546175554,622.4654617555387
15.29,36.068,36.69018046683046,622.1804668304642
15.3,36.069,36.690895436606866,621.895436606863
15.31,36.07,36.691610162406626,621.6101624066255
15.32,36.071,36.69232488820639,621.3248882063951
15.33,36.073,36.69303961400616,620.0396140061599
15.34,36.074,36.69375433980593,619.7543398059295
15.35,36.075,36.694469065605695,619.4690656056921
15.36,36.076,36.6951836870817,619.1836870817014
15.37,36.077,36.695898134676504,618.8981346765061
15.38,36.078,36.6966125822713,618.6125822712967
15.39,36.079,36.697327029866095,618.3270298660943
15.4,36.081,36.6980414774609,617.0414774608944
15.41,36.081,36.69875592505569,617.7559250556897
15.42,36.082,36.69947019980427,617.4701998042665
15.43,36.082,36.70018437021726,618.1843702172571
15.44,36.083,36.70089854063024,617.8985406302431
15.45,36.084,36.701612711043225,617.6127110432219
15.46,36.085,36.702326881456216,617.326881456215
15.47,36.088,36.7030410518692,615.0410518691984
15.48,36.089,36.703754981384186,614.7549813841877
15.49,36.09,36.704468875594934,614.4688755949303
15.5,36.09,36.70518276980568,615.1827698056777
15.51,36.091,36.70589666401643,614.8966640164275
15.52,36.091,36.706610558227176,615.6105582271749
15.53,36.092,36.70732441919311,615.324419193108
15.54,36.093,36.70803803814189,615.0380381418898
15.55,36.093,36.70875165709069,615.7516570906836
15.56,36.094,36.709465276039474,615.4652760394725
15.57,36.094,36.71017889498826,616.1788949882591
15.58,36.095,36.710892513937054,615.8925139370552
15.59,36.095,36.711606031546765,616.6060315467661
15.6,36.096,36.71231937613952,616.3193761395221
15.61,36.096,36.713032720732265,617.0327207322686
15.62,36.097,36.71374606532501,616.7460653250102
15.63,36.097,36.71445940991776,617.4594099177568
15.64,36.098,36.71517275451051,617.1727545105127
15.65,36.099,36.71588593010241,616.8859301024128
15.66,36.099,36.71659900121601,617.5990012160141
15.67,36.099,36.71731207232961,618.3120723296156
15.68,36.1,36.71802514344322,618.0251434432193
15.69,36.1,36.71873821455682,618.7382145568208
15.7,36.101,36.71945128567043,618.4512856704316
15.71,36.102,36.72016412053707,618.1641205370738
15.72,36.102,36.72087691902498,618.8769190249843
15.73,36.102,36.721589717512884,619.5897175128878
15.74,36.103,36.72230251600079,619.3025160007863
15.75,36.103,36.7230153144887,620.0153144886968
15.76,36.104,36.723728081678054,619.7280816780549
15.77,36.105,36.72444060837584,619.4406083758465
15.78,36.106,36.725153135073626,619.1531350736241
15.79,36.106,36.725865661771415,619.8656617714136
15.8,36.107,36.726578188469205,619.5781884692053
15.81,36.108,36.727290715166994,619.2907151669971
15.82,36.109,36.728003143299865,619.0031432998637
15.83,36.11,36.72871539903068,618.715399030684
15.84,36.111,36.72942765476151,618.4276547615113
15.85,36.111,36.73013991049233,619.1399104923363
15.86,36.112,36.73085216622316,618.8521662231565
15.87,36.112,36.73156442195398,619.5644219539815
15.88,36.112,36.732276512258316,620.2765122583145
15.89,36.113,36.73298849783803,619.9884978380296
15.9,36.113,36.73370048341774,620.7004834177426
15.91,36.114,36.73441246899746,620.4124689974649
15.92,36.114,36.735124454577175,621.1244545771776
15.93,36.114,36.73583644015689,621.8364401568906
15.94,36.115,36.73654819385194,621.548193851936
15.95,36.115,36.737259910093805,622.2599100938027
15.96,36.116,36.737971626335664,621.9716263356645
15.97,36.116,36.738683342577524,622.683342577524
15.98,36.116,36.73939505881938,623.3950588193835
15.99,36.117,36.74010674564752,623.1067456475259
16.0,36.117,36.74081819336632,623.8181933663257
16.01,36.117,36.74152964108513,624.5296410851324
16.02,36.118,36.74224108880393,624.2410888039274
16.03,36.118,36.742952536522736,624.9525365227341
16.04,36.119,36.743663984241536,624.6639842415362
16.05,36.119,36.74437533608662,625.3753360866199
16.06,36.119,36.745086516102226,626.0865161022266
16.07,36.12,36.74579769611783,625.7976961178358
16.08,36.12,36.74650887613343,626.5088761334355
16.09,36.12,36.74722005614904,627.2200561490422
16.1,36.121,36.747931236164646,626.9312361646441
16.11,36.121,36.74864225425897,627.6422542589657
16.12,36.121,36.74935316739915,628.3531673991477
16.13,36.121,36.75006408053933,629.0640805393296
16.14,36.122,36.75077499367952,628.7749936795208
16.15,36.122,36.7514859068197,629.4859068197027
16.16,36.122,36.752196819959885,630.1968199598846
16.17,36.123,36.75290750555139,629.9075055513938
16.18,36.124,36.753618152654,629.6181526539967
16.19,36.125,36.75432879975661,629.3287997566068
16.2,36.125,36.75503944685921,630.0394468592074
16.21,36.126,36.755750093961815,629.7500939618175
16.22,36.127,36.75646071350585,629.4607135058499
16.23,36.127,36.75717109542024,630.1710954202377
16.24,36.128,36.75788147733462,629.8814773346209
16.25,36.128,36.758591859249,630.5918592490016
16.26,36.128,36.75930224116338,631.3022411633824
16.27,36.127,36.76001262307776,633.0126230777608
16.28,36.127,36.760722911812735,633.7229118127325
16.29,36.127,36.76143302940053,634.433029400526
16.3,36.126,36.76214314698833,636.1431469883314
16.31,36.126,36.76285326457612,636.853264576125
16.32,36.126,36.76356338216392,637.5633821639256
16.33,36.126,36.764273499751724,638.2734997517261
16.34,36.126,36.76498345897512,638.9834589751189
16.35,36.126,36.76569331311038,639.693313110385
16.36,36.126,36.76640316724565,640.4031672456512
16.37,36.127,36.767113021380915,640.1130213809125
16.38,36.127,36.767822875516174,640.8228755161715
16.39,36.128,36.76853272965144,640.53272965144
16.4,36.128,36.76924236068205,641.2423606820496
16.41,36.128,36.769951952250786,641.9519522507856
16.42,36.128,36.77066154381953,642.6615438195284
16.43,36.128,36.77137113538827,643.3711353882713
16.44,36.127,36.77208072695701,645.0807269570049
16.45,36.127,36.77279029280295,645.7902928029498
16.46,36.126,36.77349962270219,647.4996227021918
16.47,36.127,36.77420895260143,647.2089526014245
16.48,36.128,36.774918282500664,646.9182825006641
16.49,36.129,36.7756276123999,646.6276123999037
16.5,36.13,36.77633694229914,646.3369422991364
16.51,36.13,36.77704618174023,647.0461817402295
16.52,36.131,36.777755250876595,646.7552508765948
16.53,36.131,36.77846432001296,647.4643200129577
16.54,36.131,36.779173389149314,648.1733891493136
16.55,36.132,36.77988245828568,647.8824582856788
16.56,36.132,36.78059152742204,648.5915274220417
16.57,36.133,36.78130044182037,648.3004418203677
16.58,36.133,36.78200925110837,649.0092511083674
16.59,36.133,36.78271806039636,649.71806039636
16.6,36.134,36.78342686968436,649.4268696843619
16.61,36.134,36.78413567897236,650.1356789723616
16.62,36.135,36.784844488260354,649.8444882603565
16.63,36.135,36.7855530789901,650.5530789901002
16.64,36.136,36.786261629350136,650.2616293501333
16.65,36.136,36.78697017971017,650.9701797101641
16.66,36.137,36.787678730070205,650.6787300702044
16.67,36.137,36.788387280430236,651.3872804302353
16.68,36.137,36.78909580687732,652.0958068773198
16.69,36.138,36.78980409923355,651.8040992335514
16.7,36.138,36.79051239158977,652.5123915897736
16.71,36.139,36.791220683946,652.2206839459983
16.72,36.14,36.79192897630223,651.92897630223
16.73,36.14,36.79263726865846,652.6372686584593
16.74,36.141,36.793345473279075,652.3454732790767
16.75,36.141,36.79405350855717,653.0535085571714
16.76,36.142,36.79476154383526,652.7615438352541
16.77,36.142,36.79546957911335,653.4695791133487
16.78,36.143,36.79617761439144,653.1776143914385
16.79,36.143,36.796885649669534,653.8856496695331
16.8,36.144,36.79759353384917,653.5935338491684
16.81,36.144,36.79830131297408,654.3013129740842
16.82,36.145,36.799009092099006,654.0090920990025
16.83,36.146,36.79971687122393,653.7168712239279
16.84,36.146,36.800424650348845,654.4246503488438
16.85,36.147,36.80113242947377,654.1324294737692
16.86,36.147,36.80183999459488,654.8399945948802
16.87,36.148,36.802547518488744,654.5475184887408
16.88,36.148,36.80325504238261,655.2550423826062
16.89,36.149,36.803962566276475,654.962566276474
16.9,36.149,36.80467009017033,655.6700901703323
16.91,36.15,36.80537759192203,655.3775919220328
16.92,36.151,36.806084861502086,655.0848615020825
16.93,36.151,36.80679213108214,655.7921310821371
16.94,36.152,36.8074994006622,655.499400662201
16.95,36.153,36.80820667024226,655.2066702422578
16.96,36.153,36.80891393982231,655.9139398223124
16.97,36.154,36.80962112434458,655.6211243445773
16.98,36.155,36.8103281405214,655.3281405213979
16.99,36.155,36.81103515669822,656.0351566982163
17.0,36.156,36.811742172875036,655.742172875037
17.01,36.157,36.812449189051854,655.4491890518577
17.02,36.158,36.81315620522867,655.1562052286713
17.03,36.159,36.81386307387999,654.8630738799943
17.04,36.161,36.81456983755589,653.5698375558852
17.05,36.162,36.81527660123177,653.2766012317736
17.06,36.163,36.815983364907666,652.9833649076693
17.07,36.164,36.81669012858355,652.6901285835506
17.08,36.165,36.817396892259445,652.3968922594463
17.09,36.166,36.818103446382764,652.1034463827675
17.1,36.167,36.81880995845046,651.8099584504569
17.11,36.168,36.81951647051815,651.5164705181533
17.12,36.168,36.82022298258585,652.2229825858474
17.13,36.169,36.82092949465354,651.9294946535439
17.14,36.17,36.82163598630005,651.6359863000503
17.15,36.17,36.822342247641664,652.3422476416627
17.16,36.171,36.823048508983284,652.0485089832846
17.17,36.172,36.823754770324896,651.7547703248994
17.18,36.172,36.824461031666516,652.4610316665189
17.19,36.173,36.825167293008136,652.1672930081337
17.2,36.174,36.82587347188659,651.8734718865886
17.21,36.175,36.82657948337289,651.5794833728919
17.22,36.175,36.82728549485919,652.2854948591928
17.23,36.176,36.82799150634549,651.9915063454889
17.24,36.177,36.82869751783179,651.6975178317921
17.25,36.177,36.82940352931809,652.403529318093
17.26,36.178,36.83010939672536,652.1093967253648
17.27,36.179,36.83081515921531,651.8151592153104
17.28,36.179,36.83152092170526,652.5209217052605
17.29,36.18,36.832226684195206,652.226684195206
17.3,36.18,36.832932446685156,652.9324466851563
17.31,36.181,36.833638209175106,652.6382091751088
17.32,36.181,36.83434376638732,653.343766387323
17.33,36.182,36.8350492807279,653.0492807278989
17.34,36.182,36.83575479506848,653.7547950684797
17.35,36.183,36.83646030940906,653.4603094090628
17.36,36.183,36.837165823749636,654.1658237496364
17.37,36.184,36.837871319336365,653.8713193363676
17.38,36.184,36.83857658636266,654.5765863626656
17.39,36.185,36.83928185338896,654.2818533889588
17.4,36.185,36.839987120415266,654.9871204152637
17.41,36.186,36.840692387441564,654.692387441564
17.42,36.186,36.84139765446786,655.3976544678619
17.43,36.187,36.84210284152627,655.1028415262721
17.44,36.187,36.842807862061804,655.8078620618062
17.45,36.187,36.84351288259734,656.5128825973403
17.46,36.187,36.84421790313287,657.2179031328744
17.47,36.188,36.844922923668406,656.9229236684038
17.48,36.188,36.84562794420394,657.6279442039379
17.49,36.189,36.84633282396065,657.332823960651
17.5,36.189,36.84703759881788,658.0375988178773
17.51,36.19,36.8477423736751,657.7423736751058
17.52,36.19,36.84844714853234,658.447148532339
17.53,36.191,36.84915192338956,658.1519233895606
17.54,36.191,36.84985669824679,658.8566982467867
17.55,36.192,36.8505612719097,658.5612719096971
17.56,36.192,36.85126580189072,659.2658018907186
17.57,36.193,36.85197033187173,658.9703318717354
17.58,36.193,36.852674861852755,659.674861852757
17.59,36.194,36.85337939183377,659.3793918337667
17.6,36.194,36.85408390467721,660.083904677208
17.61,36.195,36.85478819057456,659.7881905745595
17.62,36.195,36.85549247647191,660.4924764719087
17.63,36.196,36.85619676236926,660.1967623692601
17.64,36.197,36.85690104826661,659.9010482666046
17.65,36.197,36.85760533416396,660.6053341639538
17.66,36.198,36.85830954249555,660.309542495547
17.67,36.199,36.85901358509313,660.0135850931324
17.68,36.199,36.85971762769071,660.7176276907154
17.69,36.2,36.8604216702883,660.4216702882936
17.7,36.201,36.86112571288588,660.125712885879
17.71,36.201,36.86182975548346,660.8297554834621
17.72,36.202,36.862533660472494,660.5336604724954
17.73,36.203,36.86323746054653,660.2374605465258
17.74,36.204,36.863941260620564,659.9412606205633
17.75,36.205,36.8646450606946,659.6450606946007
17.76,36.206,36.865348860768634,659.3488607686311
17.77,36.206,36.86605266084267,660.0526608426662
17.78,36.207,36.86675626364583,659.7562636458321
17.79,36.208,36.867459821965845,659.4598219658465
17.8,36.209,36.86816338028586,659.1633802858539
17.81,36.21,36.868866938605876,658.8669386058755
17.82,36.211,36.86957049692589,658.5704969258899
17.83,36.211,36.87027403967944,659.2740396794384
17.84,36.212,36.870977357009224,658.9773570092206
17.85,36.213,36.87168067433901,658.6806743390099
17.86,36.214,36.872383991668805,658.3839916688064
17.87,36.215,36.87308730899859,658.0873089985886
17.88,36.215,36.87379062632838,658.7906263283755
17.89,36.216,36.87449386842033,658.4938684203294
17.9,36.217,36.87519694551889,658.1969455188882
17.91,36.218,36.87590002261744,657.900022617433
17.92,36.219,36.87660309971599,657.6030997159919
17.93,36.22,36.87730617681454,657.3061768145436
17.94,36.22,36.8780092539131,658.0092539131001
17.95,36.221,36.87871219647759,657.712196477597
17.96,36.222,36.87941503409995,657.4150340999481
17.97,36.222,36.88011787172231,658.1178717223111
17.98,36.223,36.88082070934467,657.8207093446692
17.99,36.224,36.88152354696703,657.5235469670347
18.0,36.224,36.88222638458939,658.2263845893906
18.01,36.225,36.88292902875429,657.929028754289
18.02,36.226,36.88363162765231,657.6316276523144
18.03,36.226,36.88433422655034,658.3342265503376
18.04,36.227,36.88503682544836,658.0368254483631
18.05,36.228,36.88573942434638,657.7394243463814
18.06,36.228,36.88644200920968,658.4420092096792
18.07,36.229,36.8871443701327,658.1443701327032
18.08,36.23,36.887846731055724,657.8467310557272
18.09,36.23,36.888549091978746,658.549091978749
18.1,36.231,36.88925145290177,658.2514529017658
18.11,36.232,36.88995381382479,657.9538138247898
18.12,36.232,36.89065610178345,658.6561017834498
18.13,36.233,36.891358225478825,658.3582254788282
18.14,36.234,36.8920603491742,658.0603491741997
18.15,36.234,36.89276247286957,658.7624728695687
18.16,36.235,36.89346459656495,658.4645965649472
18.17,36.235,36.89416672026032,659.1667202603232
18.18,36.236,36.894868712432405,658.8687124324082
18.19,36.237,36.89557059964593,658.5705996459268
18.2,36.237,36.896272486859445,659.272486859443
18.21,36.238,36.89697437407297,658.9743740729688
18.22,36.238,36.89767626128649,659.6762612864921
18.23,36.239,36.89837814850001,659.3781485000108
18.24,36.24,36.89907984600109,659.0798460010844
18.25,36.24,36.899781497477285,659.7814974772831
18.26,36.241,36.90048314895348,659.483148953477
18.27,36.242,36.901184800429675,659.1848004296778
18.28,36.242,36.90188645190587,659.8864519058693
18.29,36.243,36.90258809084338,659.5880908433785
18.3,36.243,36.90328950732569,660.289507325686
18.31,36.244,36.903990923807996,659.990923807996
18.32,36.245,36.9046923402903,659.6923402903059
18.33,36.245,36.90539375677261,660.3937567726134
18.34,36.246,36.90609517325492,660.0951732549163
18.35,36.247,36.9067965190043,659.7965190043027
18.36,36.247,36.90749770123513,660.4977012351299
18.37,36.248,36.90819888346595,660.1988834659522
18.38,36.248,36.90890006569677,660.9000656967723
18.39,36.249,36.9096012479276,660.6012479275946
18.4,36.249,36.91030243015842,661.3024301584147
18.41,36.25,36.9110034838306,661.0034838305978
18.42,36.251,36.911704432551254,660.7044325512561
18.43,36.252,36.91240538127192,660.4053812719144
18.44,36.252,36.91310632999258,661.1063299925775
18.45,36.252,36.913807278713236,661.8072787132335
18.46,36.252,36.9145082274339,662.5082274338965
18.47,36.252,36.915208990137785,663.2089901377824
18.48,36.252,36.91590970608838,663.9097060883756
18.49,36.252,36.91661042203897,664.6104220389689
18.5,36.252,36.91731113798956,665.3111379895549
18.51,36.253,36.91801185394015,665.0118539401503
18.52,36.254,36.918712558813716,664.7125588137186
18.53,36.255,36.91941304273289,664.4130427328889
18.54,36.255,36.92011352665206,665.1135266520569
18.55,36.256,36.92081401057123,664.8140105712273
18.56,36.256,36.9215144944904,665.5144944904023
18.57,36.257,36.92221497840957,665.2149784095727
18.58,36.257,36.92291539378813,665.9153937881329
18.59,36.257,36.9236156464128,666.6156464128007
18.6,36.257,36.92431589903747,667.3158990374689
18.61,36.257,36.92501615166213,668.0161516621297
18.62,36.256,36.925716404286796,669.7164042867953
18.63,36.256,36.926416656911464,670.4166569114634
18.64,36.256,36.92711678389719,671.1167838971903
18.65,36.256,36.927816805962195,671.8168059621945
18.66,36.256,36.92851682802719,672.5168280271917
18.67,36.256,36.929216850092196,673.2168500921957
18.68,36.255,36.92991687215719,674.9168721571905
18.69,36.255,36.9306168942222,675.6168942221948
18.7,36.255,36.931316733913356,676.3167339133531
18.71,36.255,36.932016526151095,677.0165261510925
18.72,36.255,36.932716318388835,677.716318388832
18.73,36.255,36.933416110626574,678.4161106265714
18.74,36.254,36.93411590286431,680.1159028643156
18.75,36.254,36.93481568545219,680.8156854521953
18.76,36.254,36.935515248592246,681.5152485922482
18.77,36.254,36.936214811732306,682.2148117323081
18.78,36.254,36.936914374872366,682.9143748723681
18.79,36.254,36.93761393801242,683.6139380124209
18.8,36.254,36.93831350115248,684.3135011524807
18.81,36.253,36.93901299790119,686.0129979011873
18.82,36.253,36.939712332669934,686.7123326699343
18.83,36.252,36.940411667438674,688.4116674386718
18.84,36.252,36.941111002207414,689.1110022074116
18.85,36.251,36.941810336976154,690.8103369761562
18.86,36.251,36.9425096717449,691.5096717449032
18.87,36.25,36.943208883740034,693.2088837400343
18.88,36.251,36.94390799086024,692.9079908602419
18.89,36.251,36.94460709798045,693.607097980454
18.9,36.251,36.945306205100664,694.3062051006664
18.91,36.251,36.94600531222087,695.0053122208715
18.92,36.251,36.94670441934108,695.7044193410837
18.93,36.251,36.94740334766168,696.4033476616792
18.94,36.251,36.94810222785221,697.1022278522128
18.95,36.251,36.94880110804274,697.8011080427393
18.96,36.251,36.94949998823327,698.4999882332729
18.97,36.252,36.950198868423804,698.1988684238019
18.98,36.252,36.950897740356794,698.8977403567915
18.99,36.252,36.95159639433224,699.5963943322395
19.0,36.252,36.95229504830769,700.2950483076872
19.01,36.251,36.952993702283145,701.9937022831471
19.02,36.251,36.95369235625859,702.6923562585949
19.03,36.251,36.95439101023404,703.3910102340428
19.04,36.25,36.95508959991835,705.0895999183524
19.05,36.25,36.955788028388795,705.7880283887954
19.06,36.249,36.95648645685924,707.4864568592361
19.07,36.248,36.95718488532969,709.1848853296909
19.08,36.247,36.95788331380013,710.8833138001316
19.09,36.246,36.958581742270574,712.5817422705722
19.1,36.246,36.95928005076679,713.280050766791
19.11,36.245,36.959978254437566,714.9782544375682
19.12,36.244,36.96067645810833,716.6764581083314
19.13,36.243,36.961374661779104,718.3746617791016
19.14,36.242,36.962072865449876,720.0728654498789
19.15,36.241,36.96277106912065,721.7710691206491
19.16,36.24,36.96346909748094,723.4690974809369
19.17,36.24,36.96416707705245,724.1670770524493
19.18,36.239,36.964865056623964,725.8650566239667
19.19,36.239,36.965563036195476,726.5630361954791
19.2,36.239,36.96626101576699,727.2610157669917
19.21,36.239,36.9669589884387,727.9589884387008
19.22,36.239,36.967656744606316,728.6567446063189
19.23,36.239,36.96835450077394,729.354500773944
19.24,36.239,36.96905225694156,730.052256941562
19.25,36.239,36.96975001310918,730.7500131091799
19.26,36.238,36.9704477692768,732.4477692768028
19.27,36.238,36.971145463200344,733.1454632003442
19.28,36.238,36.97184299665435,733.8429966543529
19.29,36.238,36.97254053010836,734.5405301083616
19.3,36.238,36.97323806356237,735.2380635623704
19.31,36.238,36.97393559701638,735.935597016379
19.32,36.238,36.97463313047039,736.6331304703876
19.33,36.238,36.97533054667654,737.3305466765387
19.34,36.238,36.9760278581021,738.0278581021003
19.35,36.238,36.97672516952766,738.7251695276618
19.36,36.238,36.977422480953216,739.4224809532161
19.37,36.238,36.97811979237877,740.1197923787706
19.38,36.238,36.97881710380433,740.8171038043321
19.39,36.238,36.97951424331498,741.5142433149811
19.4,36.238,36.98021133339218,742.2113333921772
19.41,36.238,36.98090842346938,742.9084234693803
19.42,36.238,36.981605513546576,743.6055135465765
19.43,36.237,36.98230260362378,745.3026036237773
19.44,36.237,36.98299968812528,745.9996881252806
19.45,36.237,36.98369655752923,746.6965575292263
19.46,36.237,36.98439342693317,747.3934269331651
19.47,36.236,36.98509029633711,749.0902963371155
19.48,36.235,36.98578716574105,750.7871657410519
19.49,36.234,36.986484035145,752.4840351449952
19.5,36.234,36.98718084429843,753.1808442984271
19.51,36.233,36.98787749369935,754.8774936993539
19.52,36.232,36.98857414310027,756.5741431002734
19.53,36.232,36.989270792501195,757.2707925011955
19.54,36.231,36.98996744190212,758.9674419021151
19.55,36.23,36.99066409130304,760.6640913030418
19.56,36.229,36.991360626109405,762.3606261094053
19.57,36.228,36.992057056172825,764.0570561728239
19.58,36.228,36.99275348623625,764.753486236252
19.59,36.227,36.993449916299674,766.4499162996776
19.6,36.226,36.9941463463631,768.1463463631032
19.61,36.225,36.99484277642652,769.8427764265218
19.62,36.224,36.99553903787875,771.5390378787532
19.63,36.223,36.996235249265666,773.2352492656673
19.64,36.223,36.99693146065259,773.9314606525909
19.65,36.222,36.99762767203951,775.6276720395122
19.66,36.221,36.99832388342643,777.3238834264333
19.67,36.22,36.99902009052957,779.0200905295706
19.68,36.219,36.999716083896644,780.7160838966424
19.69,36.218,37.000412077263725,782.4120772637216
19.7,36.217,37.0011080706308,784.1080706308005
19.71,36.216,37.00180406399788,785.8040639978797
19.72,36.216,37.002500057364955,786.5000573649538
19.73,36.215,37.003195992424544,788.1959924245407
19.74,36.214,37.003891768424324,789.8917684243258
19.75,36.213,37.0045875444241,791.5875444240967
19.76,36.212,37.00528332042388,793.2833204238748
19.77,36.211,37.00597909642365,794.9790964236527
19.78,36.21,37.00667487242343,796.6748724234308
19.79,36.209,37.007370536414435,798.3705364144314
19.8,36.208,37.00806609569554,800.0660956955414
19.81,36.207,37.00876165497665,801.7616549766515
19.82,36.207,37.00945721425776,802.4572142577568
19.83,36.206,37.01015277353887,804.152773538867
19.84,36.205,37.010848332819975,805.848332819977
19.85,36.204,37.0115437267107,807.5437267106977
19.86,36.203,37.01223906991809,809.2390699180853
19.87,36.202,37.01293441312548,810.9344131254801
19.88,36.201,37.01362975633287,812.6297563328677
19.89,36.201,37.01432509954026,813.3250995402577
19.9,36.2,37.015020439725035,815.020439725032
19.91,36.199,37.01571556750016,816.7155675001609
19.92,36.198,37.01641069527529,818.4106952752899
19.93,36.198,37.01710582305042,819.1058230504211
19.94,36.197,37.017800950825546,820.8009508255429
19.95,36.196,37.01849607860068,822.496078600679
19.96,36.195,37.019191149965316,824.1911499653156
19.97,36.195,37.01988606294636,824.8860629463621
19.98,36.194,37.02058097592741,826.5809759274064
19.99,36.194,37.02127588890846,827.2758889084599
20.0,36.193,37.02197080188951,828.9708018895112
20.01,36.192,37.02266571487056,830.6657148705625
20.02,36.192,37.02336051836894,831.360518368939
20.03,36.191,37.02405521719097,833.0552171909674
20.04,36.191,37.024749916013,833.749916012998
20.05,36.19,37.02544461483503,835.4446148350335
20.06,36.19,37.02613931365706,836.1393136570641
20.07,36.189,37.026834012479085,837.8340124790852
20.08,36.188,37.02752854905979,839.5285490597857
20.09,36.188,37.028223034354916,840.2230343549136
20.1,36.187,37.02891751965005,841.9175196500532
20.11,36.187,37.02961200494518,842.6120049451811
20.12,36.187,37.030306490240314,843.306490240316
20.13,36.187,37.03100097374448,844.0009737444853
20.14,36.188,37.031695246142014,843.6952461420119
20.15,36.188,37.03238951853955,844.3895185395504
20.16,36.188,37.033083790937084,845.0837909370819
20.17,36.188,37.033778063334616,845.7780633346133
20.18,36.188,37.03447233573215,846.4723357321446
20.19,36.189,37.03516655357439,846.1665535743919
20.2,36.189,37.035860613700926,846.860613700926
20.21,36.189,37.03655467382747,847.5546738274672
20.22,36.189,37.03724873395401,848.2487339540086
20.23,36.19,37.03794279408055,847.9427940805522
20.24,36.19,37.038636854207084,848.6368542070863
20.25,36.19,37.03933080732422,849.3308073242218
20.26,36.19,37.04002465580376,850.0246558037645
20.27,36.19,37.0407185042833,850.7185042833
20.28,36.19,37.04141235276284,851.4123527628428
20.29,36.19,37.042106201242376,852.1062012423783
20.3,36.19,37.04280004972192,852.800049721921
20.31,36.19,37.04349373904626,853.4937390462644
20.32,36.19,37.04418737650025,854.1873765002492
20.33,36.19,37.04488101395424,854.8810139542411
20.34,36.19,37.045574651408224,855.5746514082259
20.35,36.19,37.04626828886221,856.2682888622106
20.36,36.191,37.04696192572829,855.9619257282875
20.37,36.191,37.04765535277567,856.6553527756682
20.38,36.191,37.04834877982305,857.3487798230487
20.39,36.191,37.04904220687043,858.0422068704295
20.4,36.191,37.049735633917805,858.7356339178029
20.41,36.191,37.050429060965186,859.4290609651836
20.42,36.191,37.051122435273506,860.122435273503
20.43,36.191,37.05181565253074,860.8156525307393
20.44,36.191,37.052508869787985,861.5088697879827
20.45,36.19,37.05320208704522,863.2020870452237
20.46,36.19,37.05389530430246,863.89530430246
20.47,36.19,37.0545885215597,864.5885215597034
20.48,36.19,37.05528163423198,865.2816342319838
20.49,36.191,37.05597464231307,864.974642313065
20.5,36.191,37.05666765039415,865.6676503941441
20.51,36.192,37.05736065847523,865.3606584752324
20.52,36.193,37.05805366655632,865.0536665563209
20.53,36.193,37.058746674637405,865.746674637407
20.54,36.194,37.05943952659104,865.4395265910396
20.55,36.194,37.060132326107464,866.1323261074614
20.56,36.195,37.060825125623886,865.8251256238856
20.57,36.196,37.06151792514031,865.5179251403098
20.58,36.196,37.06221072465673,866.2107246567316
20.59,36.197,37.06290352417316,865.9035241731558
20.6,36.198,37.06359611632114,865.596116321143
20.61,36.198,37.06428870788187,866.2887078818712
20.62,36.199,37.06498129944259,865.9812994425948
20.63,36.199,37.06567389100332,866.6738910033232
20.64,36.2,37.06636648256404,866.3664825640396
20.65,36.201,37.06705902316423,866.059023164226
20.66,36.201,37.06775140737566,866.7514073756593
20.67,36.202,37.0684437915871,866.4437915871019
20.68,36.203,37.06913617579853,866.1361757985304
20.69,36.203,37.06982856000997,866.8285600099637
20.7,36.204,37.0705209442214,866.5209442213993
20.71,36.204,37.07121322622469,867.2132262246919
20.72,36.205,37.07190540369063,866.9054036906302
20.73,36.206,37.072597581156565,866.5975811565615
20.74,36.206,37.073289758622494,867.2897586224906
20.75,36.207,37.07398193608843,866.9819360884289
20.76,36.207,37.074674113554366,867.674113554365
20.77,36.208,37.07536613786278,867.3661378627812
20.78,36.208,37.076058109184345,868.0581091843464
20.79,36.209,37.0767500805059,867.7500805058997
20.8,36.209,37.07744205182747,868.4420518274649
20.81,36.21,37.078134023149026,868.1340231490253
20.82,36.21,37.07882599447059,868.8259944705906
20.83,36.211,37.07951776198143,868.5177619814297
20.84,36.211,37.08020952775703,869.2095277570288
20.85,36.212,37.08090129353262,868.9012935326161
20.86,36.212,37.08159305930821,869.5930593082082
20.87,36.211,37.0822848250838,871.284825083805
20.88,36.211,37.082976541639894,871.9765416398957
20.89,36.211,37.083668102465154,872.6681024651555
20.9,36.211,37.084359663290414,873.3596632904153
20.91,36.21,37.08505122411567,875.0512241156656
20.92,36.21,37.085742784940926,875.7427849409254
20.93,36.21,37.086434345766186,876.4343457661852
20.94,36.21,37.087125806711946,877.1258067119447
20.95,36.21,37.08781716317967,877.817163179671
20.96,36.209,37.08850851964739,879.5085196473877
20.97,36.209,37.08919987611512,880.199876115114
20.98,36.209,37.08989123258284,880.8912325828402
20.99,36.209,37.09058258905057,881.5825890505664
21.0,36.209,37.09127379527141,882.2737952714092
21.01,36.208,37.09196494797153,883.9649479715348
21.02,36.208,37.09265610067165,884.6561006716485
21.03,36.208,37.09334725337177,885.3472533717693
21.04,36.208,37.09403840607188,886.038406071883
21.05,36.208,37.094729558771995,886.7295587719966
21.06,36.208,37.0954205111483,887.4205111482993
21.07,36.208,37.09611146066782,888.1114606678225
21.08,36.207,37.09680241018734,889.8024101873361
21.09,36.207,37.09749335970686,890.4933597068591
21.1,36.207,37.09818430922638,891.1843092263823
21.11,36.207,37.09887521122989,891.8752112298876
21.12,36.207,37.09956595815288,892.5659581528791
21.13,36.207,37.10025670507587,893.2567050758706
21.14,36.207,37.10094745199886,893.9474519988621
21.15,36.207,37.10163819892185,894.6381989218467
21.16,36.207,37.10232894584484,895.3289458448381
21.17,36.207,37.10301959516797,896.0195951679708
21.18,36.207,37.10371014007551,896.7101400755126
21.19,36.207,37.104400684983055,897.4006849830545
21.2,36.208,37.1050912298906,897.0912298905987
21.21,36.208,37.10578177479813,897.7817747981334
21.22,36.207,37.106472319705674,899.4723197056728
21.23,36.207,37.10716271721625,900.1627172162472
21.24,36.207,37.107853060686445,900.853060686444
21.25,36.207,37.108543404156634,901.5434041566336
21.26,36.208,37.10923374762683,901.2337476268328
21.27,36.209,37.10992409109703,900.9240910970249
21.28,36.21,37.11061443456722,900.6144345672169
21.29,36.21,37.111304581127825,901.3045811278246
21.3,36.211,37.11199472373578,900.9947237357849
21.31,36.211,37.112684866343734,901.6848663437358
21.32,36.212,37.11337500895169,901.375008951689
21.33,36.212,37.11406515155965,902.0651515596469
21.34,36.211,37.11475524831778,903.7552483177791
21.35,36.211,37.11544519063561,904.445190635613
21.36,36.211,37.116135132953445,905.1351329534469
21.37,36.211,37.11682507527128,905.8250752712809
21.38,36.211,37.11751501758911,906.5150175891148
21.39,36.211,37.11820495990695,907.2049599069487
21.4,36.211,37.118894806855515,907.8948068555164
21.41,36.211,37.11958454945237,908.584549452371
21.42,36.212,37.12027429204922,908.2742920492137
21.43,36.212,37.120964034646065,908.9640346460612
21.44,36.212,37.12165377724292,909.6537772429158
21.45,36.212,37.12234351983977,910.3435198397633
21.46,36.212,37.12303311782873,911.0331178287297
21.47,36.211,37.12372266127079,912.7226612707915
21.48,36.211,37.12441220471285,913.4122047128485
21.49,36.21,37.1251017481549,915.1017481548962
21.5,36.21,37.125791291596954,915.7912915969532
21.51,36.21,37.12648083503901,916.4808350390103
21.52,36.21,37.12717018491321,917.1701849132105
21.53,36.21,37.127859529763725,917.8595297637244
21.54,36.21,37.128548874614246,918.5488746142454
21.55,36.21,37.12923821946476,919.2382194647593
21.56,36.21,37.12992756431528,919.9275643152803
21.57,36.21,37.13061686494565,920.6168649456501
21.58,36.21,37.131306011765005,921.3060117650045
21.59,36.21,37.13199515858435,921.9951585843518
21.6,36.21,37.1326843054037,922.684305403699
21.61,36.21,37.13337345222305,923.3734522230463
21.62,36.21,37.134062599042394,924.0625990423937
21.63,36.21,37.13475165267504,924.7516526750417
21.64,36.21,37.135440602020736,925.4406020207355
21.65,36.21,37.13612955136643,926.1295513664294
21.66,36.21,37.136818500712124,926.8185007121233
21.67,36.21,37.13750745005782,927.5074500578171
21.68,36.21,37.13819639940351,928.1963994035109
21.69,36.21,37.13888520687111,928.885206871108
21.7,36.21,37.13957395929786,929.5739592978621
21.71,36.21,37.14026271172461,930.262711724609
21.72,36.209,37.14095146415136,931.9514641513535
21.73,36.209,37.141640216578104,932.6402165781005
21.74,36.209,37.14232896900485,933.3289690048474
21.75,36.209,37.14301753113523,934.0175311352255
21.76,36.209,37.143706087194985,934.7060871949822
21.77,36.208,37.144394643254735,936.3946432547366
21.78,36.207,37.145083199314485,938.0831993144839
21.79,36.207,37.145771755374234,938.7717553742334
21.8,36.206,37.14646026880823,940.4602688082235
21.81,36.206,37.147148629050214,941.1486290502112
21.82,36.205,37.1478369892922,942.8369892922035
21.83,36.205,37.14852534953418,943.525349534184
21.84,36.205,37.14921370977617,944.2137097761715
21.85,36.205,37.14990207001816,944.9020700181592
21.86,36.205,37.150590339209835,945.5903392098364
21.87,36.205,37.151278504180624,946.2785041806256
21.88,36.205,37.15196666915142,946.966669151422
21.89,36.205,37.15265483412221,947.6548341222112
21.9,36.205,37.153342999093006,948.3429990930076
21.91,36.204,37.154031164063795,950.0311640637947
21.92,36.204,37.1547191898296,950.7191898295986
21.93,36.204,37.15540716007315,951.4071600731527
21.94,36.204,37.1560951303167,952.0951303166996
21.95,36.204,37.156783100560254,952.7831005602536
21.96,36.204,37.1574710708038,953.4710708038006
21.97,36.203,37.158159041047355,955.1590410473523
21.98,36.203,37.15884682419921,955.8468241992059
21.99,36.203,37.1595346002569,956.5346002568945
22.0,36.203,37.16022237631459,957.22237631459
22.01,36.202,37.16091015237228,958.9101523722832
22.02,36.201,37.16159792842998,960.5979284299764
22.03,36.2,37.16228566342238,962.285663422378
22.04,36.199,37.162973245833065,963.973245833067
22.05,36.199,37.16366082824375,964.6608282437512
22.06,36.198,37.16434841065443,966.3484106544331
22.07,36.197,37.16503599306512,968.035993065115
22.08,36.196,37.1657235754758,969.723575475804
22.09,36.195,37.16641106892851,971.4110689285108
22.1,36.194,37.16709845822856,973.0984582285557
22.11,36.193,37.167785847528606,974.785847528608
22.12,36.192,37.16847323682865,976.4732368286531
22.13,36.191,37.16916062612869,978.1606261286911
22.14,36.19,37.16984801542874,979.8480154287432
22.15,36.189,37.17053526814307,981.5352681430695
22.16,36.189,37.17122246486639,982.2224648663891
22.17,36.188,37.171909661589716,983.9096615897133
22.18,36.187,37.172596858313035,985.5968583130377
22.19,36.186,37.17328405503636,987.2840550363619
22.2,36.185,37.17397125175968,988.9712517596791
22.21,36.184,37.17465826453268,990.6582645326836
22.22,36.184,37.17534526921078,991.3452692107825
22.23,36.183,37.17603227388888,993.032273888879
22.24,36.182,37.17671927856698,994.7192785669756
22.25,36.181,37.17740628324508,996.4062832450793
22.26,36.18,37.17809324838573,998.0932483857288
22.27,36.18,37.17878006154772,998.7800615477198
22.28,36.179,37.17946687470971,1000.4668747097085
22.29,36.178,37.180153687871695,1002.1536878716972
22.3,36.177,37.180840501033686,1003.840501033686
22.31,36.177,37.18152731419567,1004.5273141956699
22.32,36.176,37.18221404044987,1006.2140404498691
22.33,36.175,37.18290066262249,1007.9006626224896
22.34,36.175,37.1835872847951,1008.5872847951052
22.35,36.175,37.184273906967725,1009.273906967728
22.36,36.175,37.18496052914034,1009.9605291403435
22.37,36.176,37.185647151312956,1009.6471513129543
22.38,36.176,37.186333639467684,1010.3336394676817
22.39,36.176,37.18702007117533,1011.0200711753307
22.4,36.176,37.18770650288299,1011.706502882987
22.41,36.176,37.18839293459064,1012.3929345906362
22.42,36.176,37.189079366298294,1013.0793662982924
22.43,36.176,37.18976579800594,1013.7657980059416
22.44,36.176,37.19045204884412,1014.4520488441202
22.45,36.177,37.19113829060888,1014.1382906088836
22.46,36.177,37.19182453237365,1014.8245323736518
22.47,36.177,37.19251077413841,1015.5107741384129
22.48,36.177,37.19319701590318,1016.197015903181
22.49,36.177,37.1938832196268,1016.8832196267986
22.5,36.177,37.19456927196844,1017.5692719684406
22.51,36.178,37.19525532431008,1017.255324310085
22.52,36.178,37.195941376651724,1017.9413766517271
22.53,36.178,37.19662742899337,1018.6274289933692
22.54,36.178,37.197313481335,1019.3134813350042
22.55,36.178,37.197999448778326,1019.9994487783285
22.56,36.178,37.19868531221431,1020.6853122143116
22.57,36.178,37.199371175650285,1021.3711756502875
22.58,36.179,37.20005703908627,1021.0570390862656
22.59,36.179,37.200742902522244,1021.7429025222416
22.6,36.179,37.20142876595823,1022.4287659582245
22.61,36.179,37.20211449789439,1023.1144978943903
22.62,36.179,37.20280017293988,1023.8001729398788
22.63,36.179,37.20348584798536,1024.4858479853606
22.64,36.179,37.20417152303085,1025.1715230308491
22.65,36.18,37.20485719807633,1024.8571980763331
22.66,36.18,37.20554287312182,1025.5428731218217
22.67,36.18,37.20622837031997,1026.22837031997
22.68,36.18,37.20691385748784,1026.9138574878411
22.69,36.18,37.20759934465572,1027.5993446557195
22.7,36.18,37.20828483182359,1028.2848318235906
22.71,36.18,37.20897031899146,1028.970318991462
22.72,36.18,37.20965576958376,1029.655769583762
22.73,36.18,37.21034106938462,1030.341069384619
22.74,36.179,37.211026369185475,1032.0263691854734
22.75,36.179,37.21171166898633,1032.7116689863303
22.76,36.179,37.21239696878718,1033.39696878718
22.77,36.179,37.21308226858804,1034.0822685880369
22.78,36.179,37.21376748546032,1034.7674854603213
22.79,36.179,37.21445259840249,1035.452598402486
22.8,36.179,37.215137711344646,1036.1377113446438
22.81,36.179,37.2158228242868,1036.8228242868013
22.82,36.179,37.21650793722896,1037.507937228959
22.83,36.179,37.217193050171126,1038.1930501711238
22.84,36.179,37.21787803408287,1038.8780340828703
22.85,36.179,37.21856296067238,1039.5629606723774
22.86,36.179,37.21924788726188,1040.2478872618772
22.87,36.179,37.219932813851386,1040.9328138513843
22.88,36.179,37.220617740440886,1041.617740440884
22.89,36.179,37.22130266703039,1042.3026670303911
22.9,36.179,37.2219874187371,1042.9874187370983
22.91,36.179,37.22267215947772,1043.6721594777155
22.92,36.179,37.22335690021833,1044.3569002183253
22.93,36.179,37.224041640958944,1045.0416409589423
22.94,36.179,37.224726381699554,1045.7263816995521
22.95,36.179,37.22541108730015,1046.4110873001503
22.96,36.179,37.22609564269338,1047.095642693378
22.97,36.178,37.2267801980866,1048.7801980866038
22.98,36.179,37.22746475347983,1048.464753479827
22.99,36.178,37.22814930887305,1050.1493088730526
23.0,36.178,37.22883386426628,1050.8338642662807
23.01,36.178,37.22951833866172,1051.5183386617223
23.02,36.178,37.23020270920679,1052.2027092067958
23.03,36.178,37.23088707975187,1052.8870797518694
23.04,36.178,37.23157145029693,1053.5714502969356
23.05,36.178,37.232255820842006,1054.255820842009
23.06,36.178,37.23294019138707,1054.9401913870752
23.07,36.178,37.233624435323264,1055.624435323267
23.08,36.178,37.234308621517144,1056.3086215171465
23.09,36.177,37.23499280771103,1057.992807711031
23.1,36.177,37.23567699390492,1058.6769939049177
23.11,36.177,37.2363611800988,1059.3611800987971
23.12,36.177,37.23704536629268,1060.0453662926839
23.13,36.177,37.23772938051157,1060.7293805115673
23.14,36.177,37.23841338284898,1061.4133828489826
23.15,36.176,37.239097385186405,1063.0973851864028
23.16,36.176,37.23978138752382,1063.781387523818
23.17,36.176,37.240465389861235,1064.4653898612332
23.18,36.176,37.24114935846484,1065.1493584648365
23.19,36.176,37.24183317743826,1065.8331774382575
23.2,36.175,37.24251699641168,1067.5169964116833
23.21,36.175,37.24320081538511,1068.2008153851116
23.22,36.175,37.24388463435853,1068.8846343585326
23.23,36.175,37.24456845333195,1069.5684533319536
23.24,36.175,37.24525219320016,1070.2521932001616
23.25,36.174,37.245935829299825,1071.9358292998252
23.26,36.174,37.2466194653995,1072.619465399498
23.27,36.174,37.24730310149916,1073.3031014991639
23.28,36.174,37.24798673759883,1073.9867375988297
23.29,36.173,37.248670373698495,1075.6703736984932
23.3,36.173,37.24935388556378,1076.3538855637762
23.31,36.173,37.2500373392777,1077.0373392777017
23.32,36.172,37.25072079299162,1078.7207929916249
23.33,36.172,37.25140424670555,1079.4042467055506
23.34,36.172,37.25208770041947,1080.087700419476
23.35,36.172,37.25277115413339,1080.7711541333945
23.36,36.172,37.25345443872434,1081.454438724343
23.37,36.172,37.254137710538316,1082.1377105383192
23.38,36.171,37.25482098235229,1083.820982352293
23.39,36.171,37.25550425416627,1084.5042541662692
23.4,36.171,37.256187525980245,1085.1875259802455
23.41,36.171,37.25687076543794,1085.8707654379386
23.42,36.171,37.257553855835575,1086.5538558355752
23.43,36.171,37.258236946233204,1087.2369462332044
23.44,36.171,37.25892003663084,1087.920036630841
23.45,36.171,37.25960312702847,1088.6031270284705
23.46,36.171,37.2602862174261,1089.2862174260997
23.47,36.171,37.260969230573714,1089.9692305737149
23.48,36.17,37.26165214003642,1091.652140036416
23.49,36.17,37.26233504949912,1092.3350494991198
23.5,36.17,37.26301795896183,1093.0179589618306
23.51,36.171,37.263700868424536,1092.7008684245366
23.52,36.171,37.26438377788724,1093.3837778872403
23.53,36.171,37.26506656544408,1094.0665654440807
23.54,36.173,37.26574929445112,1092.7492944511173
23.55,36.173,37.26643202345815,1093.4320234581492
23.56,36.174,37.26711475246519,1093.1147524651906
23.57,36.175,37.26779748147222,1092.7974814722247
23.58,36.176,37.26848021047926,1092.480210479259
23.59,36.177,37.26916277316087,1092.1627731608723
23.6,36.177,37.26984532218934,1092.8453221893405
23.61,36.178,37.27052787121781,1092.5278712178113
23.62,36.179,37.27121042024628,1092.2104202462747
23.63,36.18,37.27189296927474,1091.8929692747383
23.64,36.181,37.27257548729655,1091.5754872965522
23.65,36.181,37.273257856821424,1092.2578568214262
23.66,36.182,37.273940226346305,1091.9402263463028
23.67,36.183,37.274622595871186,1091.6225958711861
23.68,36.184,37.27530496539607,1091.3049653960697
23.69,36.184,37.27598733492095,1091.987334920951
23.7,36.185,37.27666962901462,1091.6696290146178
23.71,36.186,37.27735181950877,1091.3518195087731
23.72,36.187,37.278034010002926,1091.0340100029289
23.73,36.188,37.27871620049708,1090.7162004970771
23.74,36.188,37.27939839099123,1091.3983909912304
23.75,36.189,37.280080581485386,1091.080581485386
23.76,36.19,37.280762652357495,1090.7626523574977
23.77,36.191,37.281444664291705,1090.4446642917023
23.78,36.192,37.28212667622591,1090.126676225907
23.79,36.192,37.28280868816012,1090.8086881601164
23.8,36.193,37.28349070009432,1090.4907000943213
23.81,36.194,37.28417271202853,1090.172712028526
23.82,36.196,37.28485456038201,1088.8545603820105
23.83,36.197,37.28553639422497,1088.536394224967
23.84,36.198,37.28621822806794,1088.2182280679374
23.85,36.199,37.2869000619109,1087.9000619109006
23.86,36.201,37.28758189575386,1086.5818957538593
23.87,36.202,37.288263699912655,1086.2636999126564
23.88,36.202,37.28894535613103,1086.9453561310322
23.89,36.203,37.289627012349406,1086.6270123494032
23.9,36.204,37.29030866856778,1086.3086685677813
23.91,36.204,37.29099032478616,1086.990324786157
23.92,36.205,37.291671981004534,1086.6719810045354
23.93,36.206,37.29235356357522,1086.3535635752157
23.94,36.206,37.293035042633626,1087.035042633623
23.95,36.207,37.29371652169203,1086.7165216920328
23.96,36.208,37.29439800075044,1086.3980007504424
23.97,36.208,37.29507947980885,1087.0794798088496
23.98,36.209,37.295760958867255,1086.7609588672522
23.99,36.21,37.296442320544124,1086.4423205441226
24.0,36.211,37.297123622905175,1086.123622905177
24.01,36.212,37.29780492526623,1085.804925266224
24.02,36.213,37.29848622762727,1085.486227627271
24.03,36.214,37.299167529988324,1085.1675299883254
24.04,36.215,37.29984883234937,1084.8488323493655
24.05,36.217,37.300529973823224,1083.5299738232252
24.06,36.218,37.30121109994752,1083.211099947519
24.07,36.22,37.30189222607183,1081.8922260718296
24.08,36.222,37.302573352196134,1080.5733521961329
24.09,36.223,37.30325447832044,1080.2544783204412
24.1,36.224,37.3039355760567,1079.9355760567053
24.11,36.225,37.3046165264029,1079.6165264029014
24.12,36.227,37.305297476749104,1078.2974767491069
24.13,36.229,37.305978427095305,1076.9784270953053
24.14,36.23,37.3066593774415,1076.6593774415014
24.15,36.232,37.3073403277877,1075.3403277876998
24.16,36.233,37.308021206235495,1075.0212062354976
24.17,36.234,37.30870198126026,1074.7019812602616
24.18,36.235,37.30938275628503,1074.3827562850329
24.19,36.235,37.3100635313098,1075.0635313098016
24.2,36.236,37.31074430633457,1074.7443063345727
24.21,36.236,37.31142508135934,1075.4250813593417
24.22,36.237,37.31210574120112,1075.1057412011207
24.23,36.237,37.31278634135919,1075.7863413591906
24.24,36.237,37.31346694151726,1076.4669415172605
24.25,36.238,37.31414754167533,1076.1475416753328
24.26,36.238,37.3148281418334,1076.8281418334027
24.27,36.238,37.31550874199147,1077.5087419914726
24.28,36.239,37.31618918390631,1077.189183906313
24.29,36.239,37.31686960965048,1077.8696096504846
24.3,36.239,37.31755003539466,1078.5500353946632
24.31,36.239,37.31823046113883,1079.2304611388345
24.32,36.24,37.318910886883,1078.9108868830012
24.33,36.24,37.319591285509624,1079.591285509622
24.34,36.241,37.320271537290786,1079.2715372907865
24.35,36.241,37.320951789071955,1079.9517890719558
24.36,36.241,37.32163204085312,1080.6320408531178
24.37,36.242,37.32231229263428,1080.3122926342824
24.38,36.242,37.32299254441544,1080.9925444154444
24.39,36.243,37.32367272601424,1080.6727260142352
24.4,36.243,37.32435280428138,1081.35280428138
24.41,36.244,37.32503288254852,1081.03288254852
24.42,36.244,37.32571296081566,1081.7129608156577
24.43,36.245,37.3263930390828,1081.3930390828048
24.44,36.246,37.32707311734994,1081.0731173499378
24.45,36.246,37.3277530825919,1081.753082591895
24.46,36.247,37.328432987792105,1081.4329877921055
24.47,36.247,37.32911289299231,1082.1128929923134
24.48,36.248,37.329792798192514,1081.7927981925166
24.49,36.248,37.33047270339272,1082.4727033927247
24.5,36.248,37.33115260859293,1083.1526085929327
24.51,36.248,37.33183235814574,1083.8323581457416
24.52,36.248,37.33251209072424,1084.512090724239
24.53,36.248,37.33319182330273,1085.191823302729
24.54,36.249,37.333871555881224,1084.8715558812216
24.55,36.249,37.33455128845972,1085.551288459719
24.56,36.249,37.33523099516617,1086.2309951661687
24.57,36.25,37.3359105555663,1085.9105555663007
24.58,36.25,37.33659011596644,1086.5901159664375
24.59,36.251,37.33726967636657,1086.2696763665695
24.6,36.252,37.3379492367667,1085.9492367666944
24.61,36.252,37.33862879716683,1086.6287971668244
24.62,36.253,37.33930828906825,1086.3082890682492
24.63,36.253,37.33998767773151,1086.9876777315071
24.64,36.253,37.340667066394765,1087.667066394765
24.65,36.253,37.341346455058016,1088.3464550580156
24.66,36.253,37.342025843721274,1089.0258437212738
24.67,36.253,37.34270523238453,1089.7052323845314
24.68,36.253,37.34338451014072,1090.3845101407228
24.69,36.254,37.34406372750675,1090.0637275067525
24.7,36.254,37.34474294487278,1090.7429448727796
24.71,36.254,37.345422162238805,1091.422162238807
24.72,36.254,37.34610137960483,1092.1013796048342
24.73,36.254,37.34678059697086,1092.7805969708616
24.74,36.254,37.3474596612384,1093.4596612384055
24.75,36.255,37.34813870774501,1093.1387077450054
24.76,36.255,37.34881775425162,1093.8177542516173
24.77,36.255,37.349496800758224,1094.496800758222
24.78,36.255,37.35017584726483,1095.1758472648266
24.79,36.256,37.35085486912056,1094.8548691205601
24.8,36.256,37.351533745203724,1095.5337452037243
24.81,36.256,37.35221262128689,1096.2126212868882
24.82,36.256,37.35289149737006,1096.8914973700591
24.83,36.256,37.35357037345322,1097.570373453223
24.84,36.256,37.35424924953639,1098.2492495363872
24.85,36.257,37.35492805877291,1097.928058772915
24.86,36.257,37.35560676486679,1098.606764866794
24.87,36.257,37.35628547096067,1099.2854709606731
24.88,36.257,37.35696417705455,1099.9641770545522
24.89,36.257,37.357642883148436,1100.6428831484386
24.9,36.257,37.358321589242315,1101.3215892423177
24.91,36.257,37.35900018650848,1102.0001865084837
24.92,36.257,37.359678723045434,1102.678723045436
24.93,36.257,37.36035725958238,1103.3572595823812
24.94,36.257,37.361035796119324,1104.0357961193265
24.95,36.257,37.36171433265627,1104.7143326562718
24.96,36.257,37.36239286919322,1105.3928691932242
24.97,36.257,37.36307125513474,1106.0712551347435
24.98,36.257,37.3637496225453,1106.7496225453012
24.99,36.257,37.36442798995586,1107.427989955859
25.0,36.257,37.36510635736641,1108.1063573664096
25.01,36.257,37.365784724776965,1108.7847247769673
25.02,36.257,37.36646306873404,1109.463068734044
25.03,36.257,37.36714126744696,1110.141267446963
25.04,36.257,37.36781946615989,1110.8194661598886
25.05,36.257,37.368497664872805,1111.4976648728075
25.06,36.257,37.369175863585724,1112.1758635857261
25.07,36.257,37.36985406229864,1112.854062298645
25.08,36.257,37.37053219578612,1113.5321957861208
25.09,36.257,37.37121022622837,1114.210226228373
25.1,36.257,37.37188825667062,1114.8882566706247
25.11,36.257,37.372566287112875,1115.5662871128768
25.12,36.256,37.37324431755513,1117.2443175551266
25.13,36.256,37.37392234799738,1117.9223479973784
25.14,36.256,37.37460027165337,1118.6002716533708
25.15,36.256,37.375278134250145,1119.2781342501448
25.16,36.256,37.37595599684692,1119.9559968469189
25.17,36.256,37.37663385944369,1120.633859443693
25.18,36.256,37.37731172204047,1121.311722040467
25.19,36.256,37.37798958463724,1121.989584637241
25.2,36.256,37.37866729909679,1122.66729909679
25.21,36.256,37.37934499427152,1123.3449942715197
25.22,36.256,37.38002268944624,1124.0226894462423
25.23,36.256,37.38070038462097,1124.7003846209723
25.24,36.255,37.381378079795695,1126.3780797956927
25.25,36.255,37.38205575269114,1127.0557526911348
25.26,36.255,37.38273328086549,1127.7332808654846
25.27,36.255,37.38341080903983,1128.4108090398277
25.28,36.255,37.38408833721418,1129.0883372141777
25.29,36.255,37.38476586538852,1129.7658653885208
25.3,36.254,37.385443393562866,1131.4433935628686
25.31,36.253,37.38612085810281,1133.1208581028066
25.32,36.252,37.3867982196967,1134.7982196966982
25.33,36.251,37.38747558129059,1136.4755812905898
25.34,36.25,37.38815294288448,1138.1529428844815
25.35,36.249,37.388830304478375,1139.8303044783731
25.36,36.248,37.38950766607226,1141.5076660722648
25.37,36.247,37.39018492288431,1143.1849228843091
25.38,36.246,37.39086211831593,1144.8621183159275
25.39,36.245,37.39153931374754,1146.539313747546
25.4,36.245,37.392216509179164,1147.2165091791667
25.41,36.244,37.392893704610785,1148.8937046107849
25.42,36.243,37.3935709000424,1150.5709000423963
25.43,36.242,37.39424794975113,1152.2479497511356
25.44,36.241,37.394924979436944,1153.9249794369439
25.45,36.24,37.395602009122754,1155.6020091227524
25.46,36.239,37.39627903880856,1157.2790388085607
25.47,36.238,37.39695606849437,1158.9560684943692
25.48,36.237,37.39763307705245,1160.633077052445
25.49,36.237,37.39830994140719,1161.3099414071896
25.5,36.236,37.39898680576193,1162.986805761932
25.51,36.235,37.39966367011667,1164.6636701166672
25.52,36.234,37.40034053447141,1166.3405344714092
25.53,36.233,37.40101739882615,1168.0173988261515
25.54,36.232,37.401694201108064,1169.694201108065
25.55,36.232,37.402370900544774,1170.370900544775
25.56,36.231,37.403047599981484,1172.0475999814823
25.57,36.23,37.403724299418194,1173.724299418197
25.58,36.229,37.4044009988549,1175.4009988549044
25.59,36.228,37.40507769829161,1177.0776982916118
25.6,36.228,37.40575429491471,1177.7542949147062
25.61,36.227,37.40643082984472,1179.4308298447263
25.62,36.226,37.40710736477474,1181.1073647747392
25.63,36.225,37.40778389970476,1182.7838997047593
25.64,36.225,37.408460434634776,1183.4604346347746
25.65,36.224,37.40913696956479,1185.1369695647945
25.66,36.223,37.40981336114345,1186.81336114345
25.67,36.223,37.41048973197643,1187.4897319764343
25.68,36.222,37.411166102809425,1189.1661028094234
25.69,36.221,37.411842473642416,1190.8424736424195
25.7,36.221,37.4125188444754,1191.5188444754037
25.71,36.22,37.413195195310124,1193.1951953101247
25.72,36.219,37.41387140245406,1194.871402454062
25.73,36.219,37.414547609597996,1195.5476095979948
25.74,36.218,37.415223816741936,1197.223816741932
25.75,36.217,37.415900023885875,1198.9000238858764
25.76,36.217,37.41657623102981,1199.5762310298092
25.77,36.216,37.41725237763378,1201.2523776337787
25.78,36.216,37.417928421494985,1201.9284214949835
25.79,36.215,37.418604465356196,1203.604465356193
25.8,36.215,37.41928050921741,1204.2805092174049
25.81,36.215,37.41995655307862,1204.9565530786167
25.82,36.215,37.420632596939825,1205.6325969398217
25.83,36.215,37.42130853992036,1206.3085399203574
25.84,36.215,37.42198442090351,1206.9844209035095
25.85,36.216,37.42266030188667,1206.6603018866715
25.86,36.216,37.423336182869825,1207.336182869824
25.87,36.217,37.424012063852985,1207.0120638529856
25.88,36.218,37.42468794483614,1206.6879448361333
25.89,36.219,37.42536368479768,1206.3636847976795
25.9,36.22,37.42603940330581,1206.0394033058087
25.91,36.22,37.426715121813935,1206.7151218139359
25.92,36.221,37.42739084032206,1206.390840322065
25.93,36.222,37.42806655883018,1206.0665588301802
25.94,36.223,37.428742258447954,1205.7422584479555
25.95,36.224,37.42941781488245,1205.417814882452
25.96,36.225,37.43009337131695,1205.0933713169484
25.97,36.225,37.430768927751444,1205.7689277514428
25.98,36.226,37.43144448418594,1205.4444841859392
25.99,36.227,37.43212004062043,1205.120040620436
26.0,36.228,37.43279553801978,1204.7955380197805
26.01,36.229,37.43347093278044,1204.4709327804385
26.02,36.229,37.434146327541086,1205.1463275410867
26.03,36.23,37.43482172230174,1204.8217223017446
26.04,36.231,37.43549711706239,1204.497117062388
26.05,36.232,37.436172511823045,1204.172511823046
26.06,36.233,37.436847807601545,1203.847807601548
26.07,36.233,37.43752304108652,1204.5230410865245
26.08,36.234,37.4381982745715,1204.198274571496
26.09,36.235,37.438873508056474,1203.8735080564747
26.1,36.236,37.439548741541444,1203.5487415414466
26.11,36.236,37.44022397502642,1204.223975026423
26.12,36.237,37.44089906977883,1203.8990697788279
26.13,36.238,37.4415741423847,1203.5741423847028
26.14,36.238,37.442249214990575,1204.2492149905754
26.15,36.239,37.44292428759645,1203.9242875964505
26.16,36.24,37.44359936020232,1203.5993602023182
26.17,36.241,37.44427441500473,1203.2744150047279
26.18,36.241,37.44494932712649,1203.9493271264873
26.19,36.242,37.44562423924825,1203.6242392482493
26.2,36.242,37.446299151370006,1204.2991513700088
26.21,36.243,37.446974063491766,1203.9740634917634
26.22,36.244,37.447648975613525,1203.6489756135254
26.23,36.245,37.448323830177635,1203.3238301776378
26.24,36.246,37.44899858220869,1202.9985822086858
26.25,36.246,37.44967333423974,1203.6733342397383
26.26,36.247,37.45034808627079,1203.3480862707934
26.27,36.248,37.451022838301846,1203.0228383018482
26.28,36.248,37.4516975903329,1203.6975903329007
26.29,36.249,37.45237224524677,1203.3722452467687
26.3,36.249,37.45304683757896,1204.0468375789574
26.31,36.25,37.45372142991115,1203.7214299111483
26.32,36.25,37.45439602224333,1204.3960222433298
26.33,36.252,37.45507061457552,1203.0706145755162
26.34,36.253,37.45574520690771,1202.7452069077071
26.35,36.254,37.456419662756666,1202.419662756668
26.36,36.255,37.45709409578027,1202.094095780268
26.37,36.256,37.457768528803875,1201.768528803875
26.38,36.256,37.45844296182748,1202.4429618274794
26.39,36.257,37.459117394851084,1202.1173948510864
26.4,36.257,37.45979181113759,1202.7918111375939
26.41,36.257,37.46046608524136,1203.4660852413595
26.42,36.258,37.461140359345116,1203.1403593451132
26.43,36.258,37.461814633448874,1203.8146334488715
26.44,36.258,37.46248890755264,1204.488907552637
26.45,36.259,37.4631631816564,1204.1631816563977
26.46,36.259,37.46383739965334,1204.8373996533428
26.47,36.26,37.46451151522445,1204.5115152244534
26.48,36.26,37.46518563079556,1205.1856307955618
26.49,36.261,37.46585974636667,1204.8597463666651
26.5,36.261,37.466533861937776,1205.5338619377735
26.51,36.262,37.46720797750889,1205.2079775088914
26.52,36.262,37.46788199779505,1205.8819977950463
26.53,36.263,37.46855595521917,1205.5559552191753
26.54,36.263,37.46922991264329,1206.2299126432947
26.55,36.263,37.46990387006742,1206.9038700674214
26.56,36.264,37.47057782749154,1206.577827491536
26.57,36.264,37.47125178491566,1207.2517849156554
26.58,36.265,37.47192560806716,1206.9256080671594
26.59,36.265,37.472599407728445,1207.599407728445
26.6,36.266,37.47327320738973,1207.2732073897328
26.61,36.266,37.47394700705101,1207.9470070510113
26.62,36.267,37.474620806712295,1207.620806712292
26.63,36.267,37.475294590682815,1208.2945906828115
26.64,36.267,37.47596823296389,1208.9682329638904
26.65,36.268,37.476641875244965,1208.6418752449645
26.66,36.268,37.477315517526044,1209.3155175260435
26.67,36.269,37.477989159807116,1208.9891598071176
26.68,36.269,37.478662802088195,1209.6628020881965
26.69,36.27,37.47933638968725,1209.3363896872447
26.7,36.27,37.48000987496924,1210.009874969238
26.71,36.27,37.480683360251234,1210.683360251231
26.72,36.271,37.48135684553323,1210.3568455332265
26.73,36.271,37.48203033081522,1211.0303308152197
26.74,36.272,37.482703816097214,1210.7038160972152
26.75,36.273,37.48337720789453,1210.377207894524
26.76,36.274,37.48405053655708,1210.0505365570768
26.77,36.275,37.48472386521963,1209.7238652196297
26.78,36.276,37.48539719388218,1209.3971938821753
26.79,36.277,37.48607052254473,1209.070522544728
26.8,36.278,37.48674385120728,1208.7438512072808
26.81,36.279,37.48741704776999,1208.4170477699843
26.82,36.28,37.48809022019124,1208.0902201912381
26.83,36.28,37.48876339261249,1208.7633926124895
26.84,36.281,37.48943656503374,1208.4365650337431
26.85,36.282,37.49010973745499,1208.109737454997
26.86,36.283,37.490782895212256,1207.7828952122545
26.87,36.283,37.49145591176888,1208.4559117688798
26.88,36.284,37.492128928325506,1208.1289283255073
26.89,36.284,37.49280194488213,1208.8019448821328
26.9,36.285,37.49347496143875,1208.4749614387533
26.91,36.286,37.494147977995375,1208.1479779953738
26.92,36.287,37.494820941269346,1207.8209412693468
26.93,36.287,37.49549380233654,1208.493802336541
26.94,36.288,37.496166663403734,1208.1666634037376
26.95,36.289,37.49683952447093,1207.839524470927
26.96,36.29,37.49751238553812,1207.5123855381235
26.97,36.29,37.49818524660532,1208.1852466053178
26.98,36.291,37.49885801595687,1207.858015956873
26.99,36.292,37.49953072190837,1207.5307219083697
27.0,36.293,37.50020342785987,1207.2034278598735
27.01,36.293,37.50087613381138,1207.8761338113823
27.02,36.294,37.50154883976288,1207.548839762886
27.03,36.295,37.502221545714384,1207.2215457143827
27.04,36.296,37.50289412170186,1206.8941217018576
27.05,36.297,37.503566672909955,1206.5666729099576
27.06,36.297,37.50423922411805,1207.239224118055
27.07,36.298,37.50491177532614,1206.911775326141
27.08,36.299,37.50558432653424,1206.584326534241
27.09,36.3,37.506256864086005,1206.256864086008
27.1,36.301,37.50692926092153,1205.929260921529
27.11,36.302,37.50760165775706,1205.6016577570574
27.12,36.302,37.50827405459258,1206.2740545925835
27.13,36.303,37.50894645142811,1205.9464514281117
27.14,36.304,37.509618848263635,1205.618848263633
27.15,36.305,37.51029119319102,1205.291193191023
27.16,36.306,37.51096343602338,1204.9634360233838
27.17,36.307,37.51163567885573,1204.6356788557305
27.18,36.307,37.51230792168809,1205.3079216880888
27.19,36.308,37.51298016452044,1204.9801645204425
27.2,36.309,37.5136524073528,1204.6524073528033
27.21,36.31,37.51432456020804,1204.324560208036
27.22,36.311,37.5149966494052,1203.9966494051982
27.23,36.311,37.51566873860236,1204.6687386023577
27.24,36.312,37.51634082779952,1204.3408277995197
27.25,36.311,37.51701291699668,1206.0129169966772
27.26,36.312,37.51768500619384,1205.6850061938392
27.27,36.312,37.518356967526664,1206.3569675266663
27.28,36.312,37.51902890345517,1207.028903455175
27.29,36.312,37.51970083938369,1207.7008393836904
27.3,36.313,37.5203727753122,1207.3727753121943
27.31,36.313,37.52104471124071,1208.04471124071
27.32,36.314,37.52171663450189,1207.7166345018923
27.33,36.314,37.5223884175269,1208.3884175268977
27.34,36.314,37.5230602005519,1209.060200551903
27.35,36.314,37.52373198357691,1209.7319835769085
27.36,36.314,37.524403766601914,1210.403766601914
27.37,36.314,37.52507554962692,1211.0755496269192
27.38,36.314,37.52574728209403,1211.7472820940307
27.39,36.314,37.52641891257926,1212.4189125792598
27.4,36.314,37.527090543064496,1213.0905430644957
27.41,36.314,37.527762173549725,1213.7621735497248
27.42,36.314,37.52843380403496,1214.433804034961
27.43,36.313,37.52910543452019,1216.1054345201876
27.44,36.313,37.529776976737,1216.7769767369946
27.45,36.313,37.53044845504479,1217.4484550447887
27.46,36.313,37.531119933352585,1218.1199333525824
27.47,36.313,37.53179141166037,1218.7914116603692
27.48,36.313,37.532462889968166,1219.4628899681632
27.49,36.312,37.53313436827596,1221.1343682759618
27.5,36.312,37.533805720783796,1221.8057207837987
27.51,36.312,37.5344770472751,1222.477047275099
27.52,36.312,37.53514837376639,1223.148373766392
27.53,36.312,37.53581970025769,1223.8197002576926
27.54,36.312,37.53649102674899,1224.4910267489927
27.55,36.311,37.537162341543706,1226.1623415437057
27.56,36.311,37.537833516578075,1226.8335165780754
27.57,36.311,37.538504691612445,1227.5046916124452
27.58,36.311,37.539175866646815,1228.175866646815
27.59,36.31,37.539847041681185,1229.8470416811824
27.6,36.31,37.540518216715554,1230.5182167155522
27.61,36.31,37.54118934251855,1231.1893425185474
27.62,36.31,37.54186036645418,1231.8603664541783
27.63,36.309,37.54253139038982,1233.5313903898211
27.64,36.309,37.54320241432546,1234.2024143254591
27.65,36.309,37.54387343826109,1234.87343826109
27.66,36.308,37.544544462196725,1236.5444621967256
27.67,36.308,37.54521539954349,1237.2153995434871
27.68,36.307,37.545886272737214,1238.8862727372114
27.69,36.306,37.54655714593094,1240.5571459309429
27.7,36.305,37.54722801912467,1242.228019124667
27.71,36.304,37.54789889231839,1243.8988923183913
27.72,36.303,37.54856976551212,1245.5697655121228
27.73,36.302,37.549240514935775,1247.2405149357755
27.74,36.301,37.54991123774306,1248.9112377430588
27.75,36.3,37.550581960550346,1250.5819605503489
27.76,36.299,37.55125268335763,1252.2526833576321
27.77,36.298,37.55192340616492,1253.9234061649154
27.78,36.297,37.55259411822855,1255.5941182285508
27.79,36.296,37.55326469100351,1257.2646910035132
27.8,36.295,37.55393526377848,1258.9352637784757
27.81,36.294,37.55460583655345,1260.6058365534523
27.82,36.293,37.555276409328414,1262.2764093284147
27.83,36.292,37.555946982103386,1263.9469821033842
27.84,36.291,37.556617506950296,1265.6175069502992
27.85,36.289,37.557287930045725,1268.287930045723
27.86,36.288,37.55795835314116,1269.9583531411633
27.87,36.287,37.55862877623659,1271.6287762365894
27.88,36.286,37.55929919933202,1273.2991993320156
27.89,36.285,37.559969622427445,1274.9696224274487
27.9,36.284,37.560639960585064,1276.6399605850652
27.91,36.282,37.5613102343524,1279.3102343524013
27.92,36.281,37.56198050811973,1280.9805081197326
27.93,36.28,37.562650781887065,1282.6507818870639
27.94,36.279,37.56332105565439,1284.3210556543881
27.95,36.278,37.563991329421725,1285.9913294217265
27.96,36.277,37.56466148141515,1287.6614814151494
27.97,36.275,37.5653316062045,1290.3316062045037
27.98,36.274,37.56600173099386,1292.00173099386
27.99,36.273,37.56667185578321,1293.6718557832094
28.0,36.272,37.56734198057257,1295.341980572573
28.01,36.27,37.56800491448873,1298.004914488729
28.02,36.269,37.56856607152679,1299.5660715267902
28.03,36.268,37.56912722856485,1301.1272285648515
28.04,36.267,37.569688385602916,1302.688385602913
28.05,36.265,37.57024954264098,1305.2495426409791
28.06,36.264,37.57081069967904,1306.8106996790405
28.07,36.263,37.571167889184075,1308.1678891840766
28.08,36.261,37.5710806787247,1310.0806787246952
28.09,36.26,37.570993468265314,1310.993468265316
28.1,36.259,37.57090625780594,1311.906257805937
28.11,36.257,37.57081904734655,1313.8190473465556
28.12,36.256,37.57073183688717,1314.7318368871695
28.13,36.255,37.57035228122017,1315.3522812201643
28.14,36.253,37.56974597510521,1316.7459751052065
28.15,36.252,37.56913966899025,1317.1396689902508
28.16,36.25,37.56853336287529,1318.5333628752928
28.17,36.25,37.56792705676034,1317.9270567603396
28.18,36.249,37.56732075064538,1318.3207506453768
28.19,36.248,37.566377000526586,1318.3770005265885
28.2,36.247,37.56535500893562,1318.3550089356188
28.21,36.247,37.564333017344644,1317.3330173446445
28.22,36.246,37.56331102575368,1317.3110257536748
28.23,36.245,37.5622890341627,1317.2890341627053
28.24,36.244,37.56124694312791,1317.2469431279126
28.25,36.243,37.55989202877125,1316.8920287712494
28.26,36.242,37.5585371144146,1316.5371144146006
28.27,36.241,37.55718220005794,1316.1822000579377
28.28,36.24,37.55582728570128,1315.8272857012748
28.29,36.24,37.55447237134462,1314.472371344621
28.3,36.239,37.553035758012136,1314.035758012139
28.31,36.238,37.55141641842548,1313.4164184254828
28.32,36.237,37.54979707883883,1312.7970788388268
28.33,36.236,37.54817773925217,1312.1777392521708
28.34,36.235,37.546558399665514,1311.5583996655146
28.35,36.234,37.54493906007886,1310.9390600788586
28.36,36.233,37.543203077539715,1310.2030775397182
28.37,36.231,37.54137453679956,1310.374536799557
28.38,36.23,37.53954599605941,1309.5459960594126
28.39,36.229,37.53771745531925,1308.717455319254
28.4,36.228,37.5358889145791,1307.8889145790954
28.41,36.226,37.53406037383894,1308.0603738389414
28.42,36.225,37.532097369104164,1307.097369104163
28.43,36.224,37.53010203250782,1306.1020325078232
28.44,36.222,37.528106695911475,1306.106695911474
28.45,36.22,37.52611135931513,1306.111359315132
28.46,36.219,37.524116022718786,1305.116022718785
28.47,36.218,37.522113248443155,1304.1132484431514
28.48,36.216,37.51998207510604,1303.9820751060417
28.49,36.215,37.51785090176894,1302.8509017689344
28.5,36.213,37.515719728431826,1302.719728431825
28.51,36.212,37.51358855509472,1301.5885550947175
28.52,36.21,37.51145738175761,1301.457381757608
28.53,36.209,37.509291959253986,1300.2919592539824
28.54,36.207,37.50704788278441,1300.047882784412
28.55,36.205,37.50480380631483,1299.8038063148342
28.56,36.204,37.50255972984526,1298.559729845259
28.57,36.202,37.50031565337568,1298.3156533756812
28.58,36.2,37.4980715769061,1298.0715769060964
28.59,36.198,37.49577408978791,1297.7740897879073
28.6,36.197,37.49343324533847,1296.43324533847
28.61,36.195,37.491092400889045,1296.0924008890445
28.62,36.193,37.48875155643961,1295.7515564396117
28.63,36.191,37.486410711990175,1295.410711990172
28.64,36.189,37.48406986754074,1295.0698675407396
28.65,36.187,37.48165983417037,1294.6598341703748
28.66,36.185,37.47923256200991,1294.2325620099098
28.67,36.183,37.476805289849445,1293.8052898494448
28.68,36.181,37.47437801768898,1293.3780176889798
28.69,36.179,37.47195074552852,1292.9507455285147
28.7,36.177,37.46951949068206,1292.5194906820607
28.71,36.175,37.46701116484688,1292.0111648468833
28.72,36.173,37.46450283901171,1291.5028390117059
28.73,36.171,37.46199451317653,1290.9945131765285
28.74,36.168,37.45948618734135,1291.4861873413486
28.75,36.166,37.45697786150617,1290.9778615061712
28.76,36.164,37.45444573835027,1290.4457383502718
28.77,36.162,37.45185748381609,1289.8574838160926
28.78,36.159,37.44926922928192,1290.2692292819183
28.79,36.157,37.446680974747736,1289.6809747477391
28.8,36.154,37.44409272021356,1290.0927202135576
28.81,36.152,37.44150446567938,1289.5044656793787
28.82,36.15,37.43887096320939,1288.8709632093905
28.83,36.147,37.43619988665016,1289.1998866501594
28.84,36.145,37.43352881009092,1288.5288100909165
28.85,36.142,37.43085773353169,1288.8577335316854
28.86,36.14,37.42818665697246,1288.1866569724566
28.87,36.138,37.42551558041322,1287.5155804132205
28.88,36.135,37.42277307080966,1287.7730708096635
28.89,36.133,37.420012132637595,1287.0121326375922
28.9,36.13,37.417251194465535,1287.251194465533
28.91,36.127,37.41449025629347,1287.4902562934665
28.92,36.125,37.4117293181214,1286.7293181214022
28.93,36.122,37.40896402390904,1286.964023909043
28.94,36.12,37.4061029888915,1286.1029888915
28.95,36.117,37.40324195387396,1286.2419538739616
28.96,36.113,37.40038091885642,1287.380918856421
28.97,36.11,37.39751988383888,1287.5198838388826
28.98,36.107,37.394658848821344,1287.6588488213442
28.99,36.103,37.39176490257271,1288.7649025727087
29.0,36.1,37.38879120173804,1288.7912017380359
29.01,36.097,37.385817500903364,1288.817500903363
29.02,36.093,37.38284380006869,1289.843800068688
29.03,36.09,37.37987009923402,1289.8700992340152
29.04,36.087,37.37689639839935,1289.8963983993497
29.05,36.084,37.373854135597405,1289.8541355974019
29.06,36.08,37.37075363468391,1290.7536346839095
29.07,36.077,37.36765313377042,1290.6531337704196
29.08,36.074,37.36455263285692,1290.5526328569224
29.09,36.07,37.36145213194342,1291.452131943423
29.1,36.067,37.358351631029926,1291.3516310299258
29.11,36.064,37.355139195267164,1291.1391952671636
29.12,36.06,37.35189687984712,1291.8968798471155
29.13,36.057,37.34865456442708,1291.6545644270768
29.14,36.054,37.34541224900703,1291.4122490070313
29.15,36.051,37.342169933586995,1291.1699335869926
29.16,36.047,37.33892166376531,1291.921663765315
29.17,36.044,37.33552224058864,1291.5222405886411
29.18,36.041,37.33212281741197,1291.1228174119742
29.19,36.037,37.3287233942353,1291.723394235298
29.2,36.034,37.32532397105862,1291.323971058624
29.21,36.031,37.32192454788195,1290.92454788195
29.22,36.027,37.31847575426947,1291.4757542694701
29.23,36.024,37.314904005793835,1290.9040057938341
29.24,36.021,37.3113322573182,1290.3322573181981
29.25,36.017,37.30776050884257,1290.7605088425669
29.26,36.014,37.304188760366934,1290.1887603669309
29.27,36.011,37.3006170118913,1289.6170118912949
29.28,36.007,37.29694499302767,1289.9449930276746
29.29,36.004,37.293185855153745,1289.1858551537466
29.3,36.001,37.28942671727982,1288.426717279819
29.31,35.997,37.28566757940589,1288.6675794058888
29.32,35.994,37.28190844153196,1287.908441531961
29.33,35.99,37.27814930365803,1288.149303658031
29.34,35.986,37.27423187607229,1288.2318760722953
29.35,35.983,37.27027075729008,1287.2707572900808
29.36,35.979,37.266309638507856,1287.3096385078568
29.37,35.976,37.26234851972564,1286.3485197256423
29.38,35.972,37.25838740094343,1286.3874009434255
29.39,35.968,37.254419319884754,1286.4193198847502
29.4,35.965,37.250242530341765,1285.2425303417617
29.41,35.961,37.24606574079878,1285.0657407987783
29.42,35.957,37.24188895125579,1284.8889512557876
29.43,35.953,37.2377121617128,1284.7121617127968
29.44,35.95,37.23353537216981,1283.5353721698084
29.45,35.947,37.2292945367636,1282.294536763594
29.46,35.944,37.2248897265392,1280.8897265392006
29.47,35.941,37.2204849163148,1279.4849163148
29.48,35.938,37.2160801060904,1278.0801060903996
29.49,35.935,37.21167529586601,1276.6752958660063
29.5,35.932,37.20727048564161,1275.270485641606
29.51,35.927,37.20273931791715,1275.7393179171502
29.52,35.924,37.19809585997102,1274.0958599710198
29.53,35.92,37.19345240202489,1273.4524020248869
29.54,35.916,37.188808944078765,1272.8089440787685
29.55,35.913,37.184165486132635,1271.165486132638
29.56,35.909,37.179522028186504,1270.5220281865054
29.57,35.905,37.174686183678524,1269.686183678523
29.58,35.901,37.169795463959396,1268.7954639593927
29.59,35.896,37.16490474424027,1268.9047442402668
29.6,35.893,37.16001402452113,1267.0140245211314
29.61,35.888,37.155123304802004,1267.1233048020056
29.62,35.884,37.150225820933706,1266.2258209337053
29.63,35.881,37.14508141856177,1264.0814185617728
29.64,35.877,37.13993701618983,1262.9370161898307
29.65,35.873,37.1347926138179,1261.792613817903
29.66,35.87,37.12964821144597,1259.6482114459704
29.67,35.866,37.124503809074035,1258.5038090740354
29.68,35.862,37.11928843321121,1257.2884332112083
29.69,35.859,37.1138861885266,1254.8861885265978
29.7,35.855,37.10848394384198,1253.4839438419851
29.71,35.851,37.10308169915737,1252.0816991573724
29.72,35.847,37.097679454472754,1250.6794544727527
29.73,35.843,37.09227720978814,1249.27720978814
29.74,35.84,37.08673887970987,1246.7388797098665
29.75,35.836,37.081076858066616,1245.076858066618
29.76,35.832,37.07541483642337,1243.4148364233693
29.77,35.828,37.06975281478012,1241.7528147801136
29.78,35.824,37.06409079313686,1240.090793136865
29.79,35.82,37.05842877149361,1238.4287714936092
29.8,35.816,37.052566211701475,1236.5662117014722
29.81,35.812,37.04664457701729,1234.644577017292
29.82,35.808,37.040722942333105,1232.7229423331048
29.83,35.804,37.03480130764892,1230.8013076489174
29.84,35.799,37.028879672964734,1229.879672964735
29.85,35.795,37.02295261796322,1227.9526179632185
29.86,35.791,37.01677343312836,1225.77343312836
29.87,35.787,37.0105942482935,1223.5942482935016
29.88,35.783,37.00441506345864,1221.415063458636
29.89,35.779,36.99823587862378,1219.2358786237776
29.9,35.774,36.99205669378892,1218.0566937889168
29.91,35.77,36.985809062447764,1215.8090624477609
29.92,35.766,36.97937603464941,1213.3760346494141
29.93,35.761,36.97294300685107,1211.9430068510653
29.94,35.757,36.96650997905272,1209.5099790527186
29.95,35.753,36.960076951254365,1207.0769512543648
29.96,35.748,36.95364392345601,1205.643923456016
29.97,35.744,36.947081966891005,1203.0819668910055
29.98,35.739,36.940400155495546,1201.4001554955485
29.99,35.734,36.93371834410009,1199.7183441000914
30.0,35.729,36.92703653270464,1198.0365327046413
30.01,35.724,36.92035472130918,1196.3547213091842
30.02,35.72,36.91367290991373,1193.6729099137297
30.03,35.716,36.9068049997564,1190.8049997564021
30.04,35.711,36.8998805032027,1188.8805032027037
30.05,35.707,36.892956006648994,1185.9560066489935
30.06,35.703,36.886031510095286,1183.031510095283
30.07,35.699,36.87910701354158,1180.1070135415798
30.08,35.695,36.8721788781444,1177.178878144403
30.09,35.691,36.86501851473666,1174.0185147366587
30.1,35.687,36.85785815132892,1170.8581513289218
30.11,35.684,36.85069778792118,1166.69778792118
30.12,35.68,36.843537424513435,1163.5374245134358
30.13,35.675,36.8363770611057,1161.3770611057034
30.14,35.67,36.829156331266056,1159.156331266054
30.15,35.666,36.82176732704729,1155.7673270472933
30.16,35.661,36.81437832282853,1153.3783228285301
30.17,35.656,36.806989318609766,1150.989318609767
30.18,35.652,36.79960031439101,1147.6003143910063
30.19,35.647,36.79221131017225,1145.2113101722503
30.2,35.642,36.78470886316068,1142.708863160678
30.21,35.638,36.77709855830266,1139.0985583026634
30.22,35.633,36.76948825344464,1136.4882534446394
30.23,35.628,36.76187794858662,1133.8779485866226
30.24,35.624,36.7542676437286,1130.267643728601
30.25,35.619,36.746657338870584,1127.6573388705842
30.26,35.614,36.738884049164085,1124.8840491640876
30.27,35.609,36.73105963255183,1122.0596325518316
30.28,35.604,36.723235215939575,1119.2352159395753
30.29,35.599,36.71541079932732,1116.4107993273262
30.3,35.595,36.707586382715064,1112.5863827150652
30.31,35.592,36.69975993258268,1107.759932582681
30.32,35.588,36.69172821248449,1103.7282124844908
30.33,35.584,36.683696492386304,1099.6964923863004
30.34,35.58,36.675664772288116,1095.664772288117
30.35,35.576,36.66763305218993,1091.633052189927
30.36,35.572,36.65960133209174,1087.6013320917366
30.37,35.567,36.65151765635981,1084.5176563598075
30.38,35.563,36.643284873342004,1080.2848733420021
30.39,35.559,36.6350520903242,1076.0520903242038
30.4,35.555,36.626819307306405,1071.8193073064058
30.41,35.551,36.6185865242886,1067.5865242886005
30.42,35.547,36.6103537412708,1063.3537412708024
30.43,35.543,36.60202182416972,1059.0218241697187
30.44,35.539,36.59359351053696,1054.5935105369608
30.45,35.535,36.585165196904214,1050.1651969042173
30.46,35.531,36.57673688327146,1045.7368832714592
30.47,35.527,36.56830856963871,1041.3085696387086
30.48,35.522,36.559880256005954,1037.8802560059555
30.49,35.518,36.551307775855015,1033.3077758550146
30.5,35.514,36.54268866375258,1028.6886637525754
30.51,35.509,36.53406955165014,1025.069551650141
30.52,35.505,36.525450439547704,1020.4504395477016
30.53,35.5,36.51683132744527,1016.8313274452671
30.54,35.495,36.508211431959786,1013.2114319597889
30.55,35.49,36.49940541033185,1009.4054103318513
30.56,35.485,36.49059938870393,1005.5993887039278
30.57,35.48,36.481793367075994,1001.7933670759974
30.58,35.475,36.47298734544807,997.9873454480668
30.59,35.47,36.46418132382014,994.1813238201433
30.6,35.464,36.455328824927726,991.3288249277273
30.61,35.459,36.446338943692346,987.3389436923433
30.62,35.454,36.43734906245696,983.3490624569592
30.63,35.449,36.42835918122158,979.3591812215823
30.64,35.444,36.419369299986194,975.3692999861912
30.65,35.438,36.41037941875081,972.3794187508048
30.66,35.433,36.401298486214884,968.2984862148842
30.67,35.428,36.39212700438401,964.1270043840109
30.68,35.422,36.38295552255313,960.9555225531352
30.69,35.417,36.37378404072225,956.7840407222477
30.7,35.412,36.36461255889138,952.6125588913815
30.71,35.406,36.3554410770605,949.4410770604986
30.72,35.401,36.34613456549892,945.1345654989183
30.73,35.395,36.336783038657735,941.7830386577322
30.74,35.39,36.327431511816556,937.4315118165555
30.75,35.384,36.31807998497536,934.0799849753623
30.76,35.379,36.308728458134176,929.7284581341785
30.77,35.373,36.29937693129299,926.3769312929924
30.78,35.368,36.28984658849579,921.8465884957893
30.79,35.362,36.28031599018095,918.3159901809504
30.8,35.356,36.27078539186611,914.7853918661112
30.81,35.35,36.261254793551274,911.2547935512723
30.82,35.344,36.251724195236434,907.7241952364332
30.83,35.337,36.24214946979891,905.1494697989071
30.84,35.331,36.23244034100036,901.4403410003595
30.85,35.325,36.22273121220182,897.7312122018191
30.86,35.318,36.21302208340328,895.0220834032834
30.87,35.312,36.20331295460474,891.3129546047429
30.88,35.306,36.1936038258062,887.6038258062024
30.89,35.299,36.18380632715431,884.8063271543083
30.9,35.293,36.173918948525206,880.9189485252062
30.91,35.287,36.1640315698961,877.0315698961042
30.92,35.28,36.154144191266994,874.1441912669927
30.93,35.274,36.14425681263789,870.2568126378907
30.94,35.267,36.13436943400879,867.3694340087864
30.95,35.261,36.12434953047241,863.349530472405
30.96,35.254,36.11428411299326,860.2841129932629
30.97,35.248,36.10421869551412,856.2186955141228
30.98,35.241,36.09415327803497,853.1532780349735
30.99,35.234,36.08408786055583,850.0878605558313
31.0,35.228,36.074022443076686,846.0224430766843
31.01,35.221,36.063780551959994,842.7805519599972
31.02,35.215,36.05353740875702,838.5374087570199
31.03,35.209,36.043294265554046,834.2942655540426
31.04,35.202,36.03305112235107,831.0511223510701
31.05,35.196,36.02280797914809,826.807979148093
31.06,35.19,36.01252195219582,822.5219521958209
31.07,35.184,36.00210127359428,818.1012735942801
31.08,35.178,35.991680594992744,813.6805949927464
31.09,35.172,35.9812599163912,809.2599163912055
31.1,35.166,35.97083923778967,804.8392377896719
31.11,35.159,35.960418559188135,801.4185591881358
31.12,35.153,35.94991068224484,796.9106822448424
31.13,35.147,35.93931210080778,792.3121008077842
31.14,35.141,35.928713519370724,787.7135193707261
31.15,35.134,35.918114937933666,784.1149379336656
31.16,35.128,35.9075163564966,779.5163564966003
31.17,35.121,35.89691777505954,775.9177750595398
31.18,35.115,35.886186807878794,771.1868078787916
31.19,35.109,35.87540902198141,766.40902198141
31.2,35.102,35.864631236084044,762.6312360840473
31.21,35.096,35.85385345018667,757.8534501866727
31.22,35.089,35.843075664289294,754.0756642892959
31.23,35.083,35.83229787839192,749.2978783919214
31.24,35.077,35.82134077371892,744.3407737189248
31.25,35.07,35.8103813691739,740.3813691739032
31.26,35.064,35.79942196462888,735.4219646288768
31.27,35.057,35.78846256008386,731.4625600838554
31.28,35.051,35.77750315553883,726.5031555388291
31.29,35.045,35.76650008333633,721.5000833363306
31.3,35.038,35.755355593226795,717.3555932267988
31.31,35.032,35.74421110311726,712.2111031172622
31.32,35.025,35.73306661300772,708.0666130077234
31.33,35.019,35.721922122898185,702.9221228981868
31.34,35.013,35.71077763278865,697.7776327886502
31.35,35.006,35.69954140254096,693.5414025409585
31.36,35.0,35.688207573139444,688.2075731394436
31.37,34.994,35.67687374373793,682.8737437379289
31.38,34.987,35.665539914336414,678.5399143364117
31.39,34.981,35.65420608493489,673.2060849348898
31.4,34.974,35.642872255533376,668.8722555333798
31.41,34.968,35.631396212954975,663.3962129549716
31.42,34.962,35.619868400908686,657.8684009086828
31.43,34.956,35.608340588862404,652.3405888624012
31.44,34.95,35.596812776816115,646.8127768161125
31.45,34.943,35.58528496476983,642.2849647698356
31.46,34.937,35.573757152723545,636.7571527235469
31.47,34.93,35.562034395662124,632.0343956621243
31.48,34.923,35.55030800837963,627.3080083796287
31.49,34.916,35.53858162109714,622.5816210971402
31.5,34.91,35.52685523381464,616.8552338146469
31.51,34.902,35.51512884653214,613.1288465321418
31.52,34.896,35.503355772258374,607.3557722583729
31.53,34.89,35.49142667491114,601.4266749111385
31.54,34.883,35.47949757756392,596.4975775639161
31.55,34.876,35.467568480216684,591.5684802166866
31.56,34.869,35.45563938286946,586.639382869457
31.57,34.862,35.44371028552222,581.7102855222203
31.58,34.854,35.431682501235244,577.6825012352447
31.59,34.847,35.419547337979154,572.5473379791524
31.6,34.84,35.40741217472307,567.4121747230672
31.61,34.833,35.39527701146698,562.277011466982
31.62,34.826,35.3831418482109,557.1418482108968
31.63,34.818,35.371006684954814,553.0066849548164
31.64,34.811,35.35871988458713,547.7198845871314
31.65,34.804,35.346376286886525,542.3762868865225
31.66,34.796,35.33403268918591,538.0326891859113
31.67,34.789,35.321689091485304,532.6890914853025
31.68,34.782,35.30934549378469,527.3454937846935
31.69,34.774,35.29700189608408,523.0018960840823
31.7,34.767,35.28445356138306,517.4535613830571
31.71,34.76,35.27190021376743,511.9002137674329
31.72,34.752,35.25934686615181,507.34686615180635
31.73,34.745,35.24679351853618,501.79351853618215
31.74,34.737,35.23424017092055,497.2401709205485
31.75,34.73,35.2216396139881,491.63961398810585
31.76,34.722,35.20887616329568,486.8761632956762
31.77,34.715,35.19611271260325,481.11271260324884
31.78,34.707,35.18334926191083,476.34926191082627
31.79,34.699,35.1705858112184,471.5858112184037
31.8,34.692,35.15782236052598,465.82236052597636
31.81,34.684,35.14495967085024,460.9596708502437
31.82,34.676,35.13198654177773,455.986541777726
31.83,34.669,35.119013412705215,450.0134127052178
31.84,34.661,35.1060402836327,445.0402836327001
31.85,34.653,35.09306715456018,440.0671545601824
31.86,34.645,35.08009402548767,435.09402548766474
31.87,34.638,35.066970248289515,428.9702482895166
31.88,34.63,35.05378843261526,423.7884326152539
31.89,34.622,35.040606616941,418.6066169409983
31.9,34.614,35.02742480126674,413.42480126674275
31.91,34.607,35.01424298559248,407.2429855924824
31.92,34.599,35.00106116991822,402.0611699182268
31.93,34.591,34.987678155407245,396.67815540724405
31.94,34.583,34.97428902134925,391.2890213492517
31.95,34.575,34.960899887291255,385.89988729125224
31.96,34.567,34.94751075323326,380.5107532332599
31.97,34.559,34.934121619175265,375.12161917526754
31.98,34.551,34.920687416030646,369.6874160306436
31.99,34.543,34.90709256017264,364.0925601726437
32.0,34.535,34.893497704314626,358.4977043146296
32.01,34.527,34.87990284845662,352.90284845661546
32.02,34.519,34.8663079925986,347.30799259860134
32.03,34.511,34.85271313674059,341.71313674058723
32.04,34.503,34.83902287561991,336.0228756199106
32.05,34.495,34.82522401995505,330.2240199550539
32.06,34.487,34.811425164290185,324.425164290183
32.07,34.478,34.79762630862533,319.62630862533103
32.08,34.47,34.78382745296047,313.8274529604743
32.09,34.462,34.77002859729561,308.0285972956034
32.1,34.454,34.75608489685821,302.0848968582115
32.11,34.446,34.74208381993219,296.0838199321927
32.12,34.438,34.72808274300616,290.08274300615966
32.13,34.429,34.71408166608013,285.0816660801314
32.14,34.421,34.700080589154105,279.0805891541055
32.15,34.413,34.68607951222808,273.0795122280867
32.16,34.405,34.671885042220495,266.88504222049403
32.17,34.396,34.65768352975518,261.6835297551816
32.18,34.388,34.643482017289884,255.48201728988573
32.19,34.379,34.629280504824585,250.28050482458752
32.2,34.371,34.61507899235927,244.07899235927033
32.21,34.362,34.600835069248284,238.83506924828168
32.22,34.354,34.58643487456038,232.4348745603828
32.23,34.346,34.57203467987249,226.03467987249104
32.24,34.339,34.55763448518458,218.63448518458029
32.25,34.332,34.543234290496684,211.23429049668374
32.26,34.324,34.52883409580879,204.83409580879197
32.27,34.317,34.514342879289934,197.3428792899341
32.28,34.309,34.49974569116918,190.74569116918383
32.29,34.302,34.48514850304843,183.14850304842878
32.3,34.294,34.47055131492767,176.5513149276714
32.31,34.287,34.45595412680691,168.95412680690924
32.32,34.279,34.441356938686155,162.35693868615186
32.33,34.271,34.42662089555096,155.62089555096037
32.34,34.263,34.411828316036754,148.82831603675584
32.35,34.254,34.39703573652256,143.03573652256318
32.36,34.246,34.382243157008375,136.24315700837286
32.37,34.238,34.36745057749418,129.45057749418254
32.38,34.23,34.352657997979975,122.657997979978
32.39,34.222,34.337679434633074,115.67943463307273
32.4,34.214,34.32269296969541,108.69296969541153
32.41,34.206,34.30770650475774,101.70650475773613
32.42,34.198,34.29272003982007,94.72003982006783
32.43,34.19,34.2777335748824,87.73357488239952
32.44,34.182,34.26270710640692,80.70710640691914
32.45,34.174,34.24752817014314,73.52817014314184
32.46,34.165,34.23234923387937,67.34923387936931
32.47,34.157,34.2171702976156,60.170297615606216
32.48,34.149,34.20199136135184,52.99136135183602
32.49,34.141,34.18681242508806,45.81242508805872
32.5,34.132,34.17154624826174,39.546248261743244
32.51,34.123,34.15617617814851,33.17617814851559
32.52,34.115,34.14080610803528,25.806108035276054
32.53,34.106,34.12543603792205,19.4360379220484
32.54,34.097,34.11006596780882,13.065967808820744
32.55,34.088,34.094695897695594,6.695897695593089
32.56,34.079,34.07919197634783,0.19197634782841533
32.57,34.07,34.063632055072105,-6.367944927895053
32.58,34.061,34.048072133796374,-12.927866203625626
32.59,34.052,34.032512212520636,-19.487787479363305
32.6,34.043,34.01695229124491,-26.047708755086774
32.61,34.034,34.00139236996919,-32.60763003081024
32.62,34.025,33.98565259475181,-39.34740524818636
32.63,34.016,33.96990407377719,-46.095926222811556
32.64,34.007,33.95415555280257,-52.844447197429645
32.65,33.998,33.93840703182796,-59.59296817204063
32.66,33.989,33.922658510853346,-66.34148914665161
32.67,33.979,33.90687210169743,-72.12789830256838
32.68,33.971,33.890936222675876,-80.06377732412062
32.69,33.963,33.87500034365432,-87.99965634567997
32.7,33.954,33.85906446463275,-94.93553536724875
32.71,33.946,33.8431285856112,-102.87141438880099
32.72,33.937,33.82719270658964,-109.80729341035556
32.73,33.928,33.8111729260036,-116.82707399639725
32.74,33.919,33.79505093772349,-123.94906227650893
32.75,33.909,33.77892894944339,-130.07105055660872
32.76,33.9,33.762806961163285,-137.1930388367133
32.77,33.891,33.74668497288317,-144.31502711682498
32.78,33.882,33.730562984603075,-151.43701539692245
32.79,33.873,33.71431171547033,-158.6882845296671
32.8,33.864,33.69800488560557,-165.99511439442693
32.81,33.855,33.68169805574079,-173.30194425920808
32.82,33.847,33.66539122587603,-181.6087741239727
32.83,33.838,33.64908439601126,-188.91560398873963
32.84,33.829,33.63277756614649,-196.22243385351368
32.85,33.82,33.61629673095279,-203.70326904721026
32.86,33.811,33.599806353058746,-211.1936469412541
32.87,33.802,33.583315975164695,-218.68402483530502
32.88,33.793,33.56682559727064,-226.17440272935596
32.89,33.784,33.55033521937659,-233.6647806234069
32.9,33.775,33.533809015042664,-241.19098495733482
32.91,33.766,33.51713641190808,-248.86358809191478
32.92,33.757,33.50046380877349,-256.53619122650895
32.93,33.748,33.48379120563891,-264.2087943610889
32.94,33.739,33.46711860250433,-271.88139749566886
32.95,33.73,33.45044599936974,-279.5540006302559
32.96,33.721,33.433692871799614,-287.30712820038207
32.97,33.712,33.41683939646031,-295.1606035396921
32.98,33.703,33.399985921121015,-303.0140788789879
32.99,33.694,33.383132445781705,-310.8675542182979
33.0,33.685,33.3662789704424,-318.72102955760084
33.01,33.676,33.349425495103105,-326.57450489689666
33.02,33.666,33.332447490932324,-333.55250906767253
33.03,33.657,33.31541452652316,-341.5854734768331
33.04,33.648,33.29838156211401,-349.61843788599367
33.05,33.639,33.28134859770485,-357.65140229515424
33.06,33.63,33.26431563329568,-365.6843667043219
33.07,33.621,33.24728266888652,-373.7173311134825
33.08,33.613,33.23008188688707,-382.9181131129289
33.09,33.604,33.212870846206776,-391.1291537932229
33.1,33.595,33.195659805526496,-399.34019447350266
33.11,33.587,33.178448764846216,-408.5512351537872
33.12,33.578,33.16123772416594,-416.7622758340599
33.13,33.57,33.14399294866789,-426.0070513321068
33.14,33.561,33.12660527398458,-434.3947260154195
33.15,33.552,33.10921759930127,-442.7824006987322
33.16,33.544,33.091829924617954,-452.17007538204257
33.17,33.534,33.074442249934634,-459.5577500653647
33.18,33.525,33.05705457525132,-467.9454247486774
33.19,33.516,33.039589902405574,-476.41009759442454
33.2,33.506,33.02202706572303,-483.9729342769701
33.21,33.497,33.004464229040494,-492.5357709595062
33.22,33.488,32.98690139235796,-501.0986076420423
33.23,33.478,32.96933855567542,-508.6614443245807
33.24,33.469,32.95177571899288,-517.2242810071239
33.25,33.459,32.9340933736299,-524.9066263701038
33.26,33.45,32.91635687740879,-533.643122591215
33.27,33.44,32.89862038118766,-541.3796188123356
33.28,33.43,32.88088388496655,-549.1161150334492
33.29,33.421,32.86314738874544,-557.8526112545603
33.3,33.412,32.84541089252433,-566.5891074756714
33.31,33.402,32.82751315361439,-574.4868463856108
33.32,33.392,32.80960453180623,-582.3954681937735
33.33,33.383,32.791695909998076,-591.3040900019269
33.34,33.373,32.77378728818991,-599.2127118100896
33.35,33.364,32.755878666381754,-608.1213336182429
33.36,33.354,32.73793842822905,-616.0615717709491
33.37,33.344,32.71985924742485,-624.1407525751513
33.38,33.335,32.70178006662064,-633.2199333793583
33.39,33.325,32.68370088581645,-641.2991141835533
33.4,33.315,32.665621705012256,-649.3782949877414
33.41,33.305,32.64754252420806,-657.4574757919365
33.42,33.295,32.62939002133885,-665.609978661152
33.43,33.285,32.61114188183626,-673.8581181637358
33.44,33.276,32.59289374233368,-683.1062576663243
33.45,33.267,32.57464560283108,-692.3543971689198
33.46,33.257,32.556397463328494,-700.6025366715037
33.47,33.247,32.538149323825905,-708.8506761740945
33.48,33.237,32.51978697576329,-717.2130242367132
33.49,33.227,32.501371512394584,-725.6284876054124
33.5,33.218,32.4829560490259,-735.0439509741022
33.51,33.207,32.46454058565721,-742.4594143427896
33.52,33.197,32.44612512228851,-750.874877711496
33.53,33.186,32.427709658919824,-758.2903410801762
33.54,33.176,32.409139945929645,-766.8600540703565
33.55,33.165,32.390558828547924,-774.4411714520752
33.56,33.155,32.371977711166195,-783.0222888338056
33.57,33.145,32.35339659378448,-791.603406215522
33.58,33.134,32.33481547640277,-799.1845235972335
33.59,33.124,32.31620488904655,-807.7951109534496
33.6,33.113,32.29745982262409,-815.5401773759081
33.61,33.103,32.27871475620162,-824.2852437983786
33.62,33.092,32.25996968977916,-832.030310220837
33.63,33.082,32.241224623356686,-840.7753766433145
33.64,33.071,32.222479556934225,-848.5204430657732
33.65,33.061,32.203665008788896,-857.3349912111041
33.66,33.05,32.18475773313168,-865.2422668683143
33.67,33.04,32.165850457474455,-874.1495425255437
33.68,33.029,32.14694318181724,-882.056818182761
33.69,33.019,32.12803590616003,-890.964093839969
33.7,33.008,32.1091286305028,-898.8713694972006
33.71,32.997,32.09011274954529,-906.8872504547087
33.72,32.987,32.07104503866492,-915.9549613350819
33.73,32.976,32.05197732778454,-924.0226722154574
33.74,32.966,32.03290961690415,-933.0903830958518
33.75,32.955,32.01384190602377,-941.1580939762274
33.76,32.945,31.994774195143396,-950.2258048566041
33.77,32.934,31.97555966822848,-958.4403317715164
33.78,32.923,31.9563333294369,-966.6666705631002
33.79,32.912,31.937106990645322,-974.8930093546768
33.8,32.902,31.917880651853746,-984.1193481462547
33.81,32.891,31.898654313062153,-992.3456869378456
33.82,32.88,31.87940067228643,-1000.599327713573
33.83,32.87,31.860017545090923,-1009.9824549090748
33.84,32.859,31.840634417895405,-1018.3655821045967
33.85,32.848,31.821251290699898,-1026.748709300101
33.86,32.837,31.801868163504395,-1035.1318364956087
33.87,32.826,31.782485036308888,-1043.5149636911128
33.88,32.815,31.763036420946275,-1051.963579053723
33.89,32.804,31.743498375823307,-1060.5016241766948
33.9,32.793,31.72396033070034,-1069.0396692996594
33.91,32.782,31.70442228557737,-1077.5777144226274
33.92,32.771,31.684884240454387,-1086.1157595456134
33.93,32.76,31.665346195331416,-1094.6538046685816
33.94,32.749,31.645705425777127,-1103.2945742228756
33.95,32.738,31.62601436289791,-1111.9856371020908
33.96,32.728,31.6063233000187,-1121.6766999813003
33.97,32.717,31.586632237139494,-1130.367762860505
33.98,32.707,31.566941174260286,-1140.0588257397146
33.99,32.696,31.547250111381068,-1148.74988861893
34.0,32.686,31.527420058710952,-1158.579941289048
34.01,32.675,31.507577906680478,-1167.4220933195195
34.02,32.664,31.48773575464999,-1176.264245350012
34.03,32.653,31.467893602619515,-1185.1063973804835
34.04,32.643,31.44805145058904,-1194.9485494109595
34.05,32.632,31.428184167428665,-1203.8158325713332
34.06,32.621,31.408192882086354,-1212.8071179136484
34.07,32.61,31.388201596744054,-1221.7984032559457
34.08,32.599,31.368210311401757,-1230.7896885982395
34.09,32.588,31.348219026059446,-1239.7809739405545
34.1,32.577,31.32822774071715,-1248.7722592828484
34.11,32.566,31.308175077079788,-1257.8249229202142
34.12,32.555,31.288036640396037,-1266.963359603963
34.13,32.544,31.26789820371227,-1276.101796287726
34.14,32.533,31.247759767028523,-1285.2402329714785
34.15,32.522,31.22762133034477,-1294.3786696552272
34.16,32.511,31.20748289366102,-1303.5171063389832
34.17,32.499,31.187247833673005,-1311.7521663269968
34.18,32.488,31.16696425276186,-1321.0357472381381
34.19,32.477,31.146680671850717,-1330.3193281492795
34.2,32.466,31.126397090939555,-1339.6029090604457
34.21,32.455,31.10611351002841,-1348.886489971587
34.22,32.443,31.085829929117267,-1357.1700708827307
34.23,32.432,31.06541550001212,-1366.5844999878836
34.24,32.421,31.044988806269053,-1376.0111937309462
34.25,32.41,31.024562112526,-1385.4378874739978
34.26,32.399,31.004135418782948,-1394.8645812170532
34.27,32.388,30.983708725039882,-1404.2912749601157
34.28,32.377,30.96325905347597,-1413.7409465240332
34.29,32.367,30.942691301839478,-1424.3086981605195
34.3,32.356,30.92212355020299,-1433.876449797012
34.31,32.345,30.901555798566484,-1443.4442014335148
34.32,32.334,30.880988046929996,-1453.011953070007
34.33,32.323,30.860420295293505,-1462.5797047064957
34.34,32.313,30.839795354505473,-1473.2046454945298
34.35,32.302,30.819088622833874,-1482.9113771661255
34.36,32.291,30.798381891162276,-1492.6181088377214
34.37,32.28,30.777675159490677,-1502.324840509324
34.38,32.269,30.756968427819064,-1512.031572180934
34.39,32.258,30.736261696147462,-1521.7383038525404
34.4,32.247,30.715464611870825,-1531.5353881291749
34.41,32.236,30.69462100042077,-1541.3789995792265
34.42,32.225,30.673777388970702,-1551.2226110292993
34.43,32.214,30.652933777520648,-1561.0662224793507
34.44,32.202,30.632090166070594,-1569.9098339294046
34.45,32.191,30.61124655462052,-1579.753445379481
34.46,32.179,30.59028049129661,-1588.7195087033915
34.47,32.167,30.569302122286363,-1597.6978777136387
34.48,32.155,30.548323753276115,-1606.676246723886
34.49,32.143,30.52734538426585,-1615.6546157341509
34.5,32.131,30.506367015255602,-1624.632984744398
34.51,32.121,30.485367788988167,-1635.632211011835
34.52,32.11,30.464256806227606,-1645.7431937723932
34.53,32.098,30.44314582346706,-1654.8541765329396
34.54,32.086,30.42203484070651,-1663.9651592934897
34.55,32.074,30.400923857945962,-1673.0761420540362
34.56,32.062,30.379812875185397,-1682.1871248146003
34.57,32.049,30.3586489467401,-1690.3510532598993
34.58,32.037,30.33740751530962,-1699.5924846903777
34.59,32.025,30.31616608387913,-1708.83391612087
34.6,32.013,30.29492465244865,-1718.0753475513484
34.61,32.001,30.27368322101817,-1727.3167789818267
34.62,31.989,30.252441789587692,-1736.5582104123084
34.63,31.976,30.231116414234847,-1744.8835857651516
34.64,31.964,30.20974672019616,-1754.2532798038374
34.65,31.952,30.18837702615748,-1763.622973842523
34.66,31.939,30.167007332118793,-1771.9926678812071
34.67,31.927,30.145637638080093,-1781.362361919907
34.68,31.914,30.124267944041407,-1789.732055958595
34.69,31.902,30.10278441343486,-1799.2155865651398
34.7,31.889,30.081288663559192,-1807.7113364408071
34.71,31.877,30.05979291368354,-1817.2070863164577
34.72,31.865,30.03829716380789,-1826.7028361921084
34.73,31.852,30.016801413932235,-1835.198586067765
34.74,31.839,29.99528688419587,-1843.7131158041282
34.75,31.827,29.973667305696978,-1853.332694303024
34.76,31.814,29.952047727198085,-1861.952272801915
34.77,31.802,29.930428148699175,-1871.5718513008248
34.78,31.789,29.908808570200282,-1880.1914297997193
34.79,31.777,29.88718899170139,-1889.8110082986116
34.8,31.764,29.86552074963576,-1898.4792503642395
34.81,31.751,29.843779589897707,-1907.220410102294
34.82,31.739,29.822038430159676,-1916.961569840325
34.83,31.726,29.80029727042164,-1925.702729578358
34.84,31.714,29.778556110683592,-1935.4438893164065
34.85,31.701,29.756814950945557,-1944.1850490544432
34.86,31.688,29.734996374216678,-1953.003625783321
34.87,31.675,29.713135900509442,-1961.8640994905584
34.88,31.663,29.691275426802196,-1971.724573197804
34.89,31.65,29.66941495309496,-1980.5850469050376
34.9,31.637,29.64755447938773,-1989.4455206122714
34.91,31.624,29.625694005680497,-1998.3059943195017
34.92,31.612,29.60372850639978,-2008.271493600219
34.93,31.599,29.58175100557712,-2017.2489944228787
34.94,31.586,29.55977350475446,-2026.2264952455382
34.95,31.573,29.537796003931785,-2035.2039960682155
34.96,31.561,29.515818503109127,-2045.1814968908727
34.97,31.548,29.493824248207957,-2054.175751792041
34.98,31.535,29.471732026385073,-2063.267973614927
34.99,31.523,29.44963980456217,-2073.3601954378287
35.0,31.51,29.427547582739287,-2082.452417260715
35.01,31.498,29.405455360916402,-2092.5446390835987
35.02,31.484,29.383363139093504,-2100.636860906498
35.03,31.471,29.361226561616732,-2109.773438383268
35.04,31.458,29.33902194382629,-2118.9780561737093
35.05,31.444,29.316817326035846,-2127.1826739641533
35.06,31.43,29.294612708245385,-2135.387291754615
35.07,31.416,29.27240809045494,-2143.5919095450586
35.08,31.403,29.250203472664495,-2152.7965273355035
35.09,31.389,29.227928065563272,-2161.0719344367267
35.1,31.375,29.205613395390074,-2169.386604609926
35.11,31.361,29.183298725216876,-2177.701274783125
35.12,31.346,29.160984055043677,-2185.015944956323
35.13,31.332,29.13866938487046,-2193.3306151295396
35.14,31.318,29.116354714697263,-2201.645285302739
35.15,31.304,29.093944002967184,-2210.055997032814
35.16,31.289,29.07152164216283,-2217.478357837173
35.17,31.275,29.04909928135846,-2225.90071864154
35.18,31.261,29.026676920554106,-2234.323079445893
35.19,31.246,29.00425455974975,-2241.7454402502485
35.2,31.232,28.98181741075781,-2250.18258924219
35.21,31.217,28.959289738837285,-2257.7102611627142
35.22,31.203,28.93676206691676,-2266.2379330832396
35.23,31.188,28.914234394996235,-2273.7656050037635
35.24,31.174,28.891706723075693,-2282.2932769243066
35.25,31.159,28.869179051155168,-2289.820948844831
35.26,31.143,28.8466113436058,-2296.3886563941996
35.27,31.129,28.823980757428487,-2305.0192425715145
35.28,31.115,28.801350171251187,-2313.6498287488116
35.29,31.102,28.778719585073887,-2323.2804149261133
35.3,31.088,28.756088998896587,-2331.911001103414
35.31,31.074,28.733458412719273,-2340.541587280729
35.32,31.06,28.7107637459523,-2349.2362540476997
35.33,31.046,28.688032659290183,-2357.967340709816
35.34,31.031,28.66530157262805,-2365.6984273719495
35.35,31.017,28.64257048596593,-2374.4295140340696
35.36,31.003,28.619839399303814,-2383.1606006961865
35.37,30.989,28.597108312641694,-2391.8916873583066
35.38,30.974,28.57429031513089,-2399.7096848691085
35.39,30.96,28.5514611582264,-2408.538841773602
35.4,30.946,28.52863200132191,-2417.3679986780917
35.41,30.931,28.505802844417417,-2425.197155582584
35.42,30.917,28.482973687512906,-2434.0263124870953
35.43,30.902,28.460131639954867,-2441.8683600451345
35.44,30.888,28.43720685907124,-2450.793140928763
35.45,30.873,28.41428207818759,-2458.7179218124115
35.46,30.859,28.391357297303962,-2467.6427026960396
35.47,30.843,28.36843251642033,-2474.567483579669
35.48,30.827,28.345507735536703,-2481.492264463299
35.49,30.812,28.32254723618008,-2489.452763819923
35.5,30.796,28.299529293146325,-2496.4707068536745
35.51,30.78,28.27651135011257,-2503.4886498874303
35.52,30.765,28.2534934070788,-2511.506592921201
35.53,30.75,28.230475464045046,-2519.524535954954
35.54,30.734,28.207457521011293,-2526.5424789887093
35.55,30.72,28.184382265232063,-2535.6177347679354
35.56,30.705,28.161273636984674,-2543.726363015324
35.57,30.69,28.1381650087373,-2551.834991262702
35.58,30.675,28.115056380489925,-2559.9436195100757
35.59,30.66,28.091947752242536,-2568.052247757464
35.6,30.645,28.06883912399516,-2576.1608760048384
35.61,30.63,28.045652833138778,-2584.347166861221
35.62,30.615,28.022456011261934,-2592.543988738065
35.63,30.6,27.999259189385075,-2600.7408106149264
35.64,30.585,27.97606236750823,-2608.9376324917703
35.65,30.57,27.95286554563139,-2617.1344543686105
35.66,30.555,27.929657653953214,-2625.3423460467857
35.67,30.54,27.906375144218664,-2633.624855781335
35.68,30.524,27.88309263448413,-2640.9073655158722
35.69,30.509,27.859810124749597,-2649.1898752504035
35.7,30.494,27.836527615015047,-2657.4723849849524
35.71,30.478,27.81324510528051,-2664.75489471949
35.72,30.463,27.789931175956244,-2673.0688240437566
35.73,30.448,27.7665654978643,-2681.434502135701
35.74,30.432,27.743199819772332,-2688.8001802276663
35.75,30.417,27.719834141680387,-2697.1658583196145
35.76,30.401,27.696468463588438,-2704.531536411562
35.77,30.385,27.673102785496475,-2711.8972145035264
35.78,30.37,27.649686599011794,-2720.313400988207
35.79,30.354,27.626240285333793,-2727.759714666206
35.8,30.338,27.602793971655796,-2735.206028344205
35.81,30.323,27.579347657977777,-2743.652342022223
35.82,30.307,27.555901344299777,-2751.098655700222
35.83,30.291,27.53245503062178,-2758.544969378221
35.84,30.275,27.508940390232528,-2766.0596097674706
35.85,30.259,27.48541598655571,-2773.5840134442888
35.86,30.243,27.461891582878895,-2781.1084171211037
35.87,30.227,27.438367179202082,-2788.632820797918
35.88,30.212,27.414842775525248,-2797.157224474752
35.89,30.196,27.391309038400873,-2804.690961599128
35.9,30.179,27.367709102675725,-2811.2908973242734
35.91,30.163,27.344109166950577,-2818.890833049423
35.92,30.147,27.320509231225415,-2826.490768774583
35.93,30.131,27.296909295500267,-2834.090704499733
35.94,30.115,27.273309359775123,-2841.6906402248756
35.95,30.099,27.249682270090766,-2849.3177299092345
35.96,30.083,27.22600937218114,-2856.9906278188596
35.97,30.067,27.202336474271508,-2864.663525728492
35.98,30.05,27.17866357636188,-2871.3364236381194
35.99,30.034,27.154990678452236,-2879.0093215477627
36.0,30.018,27.13131778054261,-2886.6822194573915
36.01,30.002,27.107616080653138,-2894.383919346861
36.02,29.986,27.083896784834344,-2902.1032151656564
36.03,29.969,27.060177489015572,-2908.822510984429
36.04,29.953,27.036458193196797,-2916.5418068032027
36.05,29.937,27.01273889737802,-2924.2611026219797
36.06,29.921,26.989019601559228,-2931.9803984407713
36.07,29.904,26.96555327852505,-2938.4467214749498
36.08,29.888,26.94212497150067,-2945.8750284993303
36.09,29.872,26.918696664476276,-2953.3033355237244
36.1,29.856,26.895268357451897,-2960.7316425481044
36.11,29.839,26.87184005042752,-2967.15994957248
36.12,29.823,26.848441924005513,-2974.5580759944874
36.13,29.807,26.825269490564605,-2981.730509435394
36.14,29.791,26.80209705712371,-2988.90294287629
36.15,29.774,26.77892462368282,-2995.075376317182
36.16,29.758,26.755752190241928,-3002.247809758071
36.17,29.742,26.732579756801016,-3009.4202431989847
36.18,29.725,26.709489259069105,-3015.510740930896
36.19,29.709,26.686540359796464,-3022.459640203536
36.2,29.692,26.663591460523804,-3028.408539476196
36.21,29.676,26.640642561251163,-3035.3574387488356
36.22,29.66,26.61769366197852,-3042.3063380214794
36.23,29.643,26.594744762705883,-3048.2552372941177
36.24,29.627,26.571916201095377,-3055.083798904622
36.25,29.61,26.54916292760103,-3060.837072398968
36.26,29.593,26.526409654106686,-3066.5903458933135
36.27,29.576,26.503656380612327,-3072.3436193876737
36.28,29.559,26.48090310711798,-3078.0968928820193
36.29,29.543,26.458149833623636,-3084.8501663763627
36.3,29.526,26.435545478852518,-3090.454521147482
36.31,29.509,26.412964617350635,-3096.035382649365
36.32,29.492,26.39038375584877,-3101.6162441512306
36.33,29.475,26.367802894346905,-3107.197105653096
36.34,29.458,26.345222032845026,-3112.7779671549724
36.35,29.441,26.32265842918134,-3118.341570818657
36.36,29.424,26.300231198634293,-3123.768801365706
36.37,29.407,26.277803968087245,-3129.1960319127556
36.38,29.39,26.25537673754018,-3134.6232624598224
36.39,29.373,26.23294950699313,-3140.0504930068714
36.4,29.355,26.210522276446078,-3144.4777235539227
36.41,29.338,26.18814515252418,-3149.854847475822
36.42,29.321,26.165856748972544,-3155.143251027457
36.43,29.303,26.143568345420924,-3159.4316545790766
36.44,29.286,26.121279941869304,-3164.7200581306975
36.45,29.269,26.09899153831767,-3170.0084616823287
36.46,29.251,26.076703134766053,-3174.2968652339487
36.47,29.234,26.054492442828497,-3179.5075571715047
36.48,29.217,26.03233153485251,-3184.668465147489
36.49,29.2,26.01017062687651,-3189.8293731234908
36.5,29.182,25.988009718900525,-3193.9902810994736
36.51,29.165,25.965848810924538,-3199.1511890754614
36.52,29.147,25.943687902948536,-3203.3120970514624
36.53,29.129,25.92162922292851,-3207.3707770714927
36.54,29.11,25.899587445166336,-3210.4125548336633
36.55,29.093,25.87754566740416,-3215.4543325958402
36.56,29.075,25.85550388964197,-3219.49611035803
36.57,29.057,25.833462111879797,-3223.537888120202
36.58,29.039,25.811432418808657,-3227.5675811913443
36.59,29.021,25.789503883781986,-3231.496116218015
36.6,29.003,25.76757534875533,-3235.4246512446707
36.61,28.986,25.745646813728673,-3240.353186271328
36.62,28.968,25.723718278702012,-3244.2817212979876
36.63,28.95,25.70178974367534,-3248.2102563246576
36.64,28.932,25.67990006998268,-3252.0999300173194
36.65,28.915,25.658080907871238,-3256.9190921287613
36.66,28.897,25.636261745759796,-3260.738254240202
36.67,28.879,25.614442583648337,-3264.557416351664
36.68,28.861,25.592623421536896,-3268.376578463105
36.69,28.843,25.57080425942545,-3272.1957405745493
36.7,28.825,25.549049773804605,-3275.950226195395
36.71,28.807,25.527337708667623,-3279.6622913323754
36.72,28.789,25.50562564353064,-3283.3743564693627
36.73,28.77,25.483913578393658,-3286.086421606342
36.74,28.752,25.46220151325666,-3289.79848674334
36.75,28.734,25.440489448119674,-3293.5105518803275
36.76,28.715,25.41886777759488,-3296.13222240512
36.77,28.697,25.39726174702877,-3299.7382529712277
36.78,28.679,25.375655716462674,-3303.3442835373244
36.79,28.66,25.35404968589658,-3305.9503141034197
36.8,28.642,25.332443655330483,-3309.556344669517
36.81,28.623,25.3108483262631,-3312.151673736903
36.82,28.604,25.289348149689474,-3314.6518503105253
36.83,28.586,25.26784797311585,-3318.1520268841496
36.84,28.567,25.246347796542214,-3320.6522034577865
36.85,28.548,25.22484761996859,-3323.1523800314094
36.86,28.529,25.203347443394964,-3325.652556605036
36.87,28.51,25.181884430244903,-3328.1155697550985
36.88,28.491,25.16049052832645,-3330.509471673551
36.89,28.472,25.139096626408005,-3332.9033735919966
36.9,28.453,25.117702724489565,-3335.2972755104347
36.91,28.434,25.09630882257112,-3337.69117742888
36.92,28.415,25.074914920652667,-3340.0850793473323
36.93,28.396,25.053585075541594,-3342.4149244584064
36.94,28.377,25.032298240516933,-3344.7017594830654
36.95,28.357,25.011011405492255,-3345.9885945077444
36.96,28.338,24.98972457046759,-3348.2754295324107
36.97,28.319,24.96843773544293,-3350.5622645570697
36.98,28.3,24.947150900418265,-3352.8490995817356
36.99,28.28,24.925955570569954,-3354.044429430047
37.0,28.261,24.904776784894388,-3356.2232151056114
37.01,28.241,24.88359799921882,-3357.4020007811782
37.02,28.222,24.86241921354324,-3359.5807864567605
37.03,28.202,24.841240427867678,-3360.7595721323237
37.04,28.182,24.820072057439813,-3361.9279425601862
37.05,28.163,24.79900235634367,-3363.9976436563293
37.06,28.143,24.77793265524752,-3365.0673447524823
37.07,28.124,24.756862954151376,-3367.137045848622
37.08,28.104,24.73579325305524,-3368.206746944761
37.09,28.085,24.714723551959082,-3370.2764480409187
37.1,28.066,24.693691724321983,-3372.308275678016
37.11,28.047,24.672732096777484,-3374.267903222517
37.12,28.028,24.65177246923298,-3376.227530767018
37.13,28.009,24.630812841688467,-3378.1871583115335
37.14,27.99,24.609853214143968,-3380.146785856031
37.15,27.971,24.588893586599468,-3382.106413400532
37.16,27.952,24.567999715521072,-3384.0002844789296
37.17,27.933,24.547151037600592,-3385.8489623994074
37.18,27.914,24.526302359680127,-3387.6976403198746
37.19,27.895,24.50545368175966,-3389.546318240338
37.2,27.875,24.48460500383918,-3390.394996160818
37.21,27.856,24.463756325918716,-3392.2436740812855
37.22,27.837,24.4430015941734,-3393.9984058266004
37.23,27.817,24.422264588759507,-3394.7354112404932
37.24,27.797,24.4015275833456,-3395.4724166543997
37.25,27.778,24.38079057793171,-3397.2094220682898
37.26,27.758,24.360053572517817,-3397.946427482182
37.27,27.738,24.33932665147859,-3398.6733485214095
37.28,27.718,24.31870186861879,-3399.2981313812115
37.29,27.698,24.298077085758987,-3399.9229142410136
37.3,27.678,24.277452302899185,-3400.5476971008156
37.31,27.658,24.25682752003937,-3401.172479960632
37.32,27.638,24.236202737179568,-3401.797262820434
37.33,27.618,24.215616062979244,-3402.3839370207547
37.34,27.598,24.195103875741044,-3402.8961242589553
37.35,27.577,24.174591688502854,-3402.4083114971477
37.36,27.557,24.154079501264665,-3402.9204987353337
37.37,27.537,24.13356731402648,-3403.43268597352
37.38,27.517,24.113055126788275,-3403.9448732117244
37.39,27.496,24.09260915813393,-3403.3908418660703
37.4,27.476,24.072209769503992,-3403.790230496007
37.41,27.456,24.051810380874052,-3404.1896191259475
37.42,27.435,24.0314109922441,-3403.5890077558975
37.43,27.415,24.01101160361416,-3403.988396385838
37.44,27.394,23.990612214984225,-3403.3877850157737
37.45,27.374,23.970307125541876,-3403.6928744581232
37.46,27.353,23.95002058264707,-3402.9794173529313
37.47,27.333,23.92973403975227,-3403.2659602477297
37.48,27.312,23.909447496857464,-3402.5525031425373
37.49,27.291,23.889160953962644,-3401.839046037356
37.5,27.271,23.8688839098604,-3402.1160901396
37.51,27.25,23.84871012251133,-3401.2898774886685
37.52,27.23,23.828536335162248,-3401.4636648377527
37.53,27.209,23.80836254781318,-3400.637452186821
37.54,27.188,23.78818876046411,-3399.8112395358894
37.55,27.167,23.76801497311504,-3398.9850268849614
37.56,27.146,23.74787864618893,-3398.121353811071
37.57,27.125,23.727817407417632,-3397.1825925823678
37.58,27.104,23.707756168646338,-3396.243831353662
37.59,27.083,23.687694929875025,-3395.305070124973
37.6,27.062,23.66763369110373,-3394.3663088962703
37.61,27.041,23.647572452332433,-3393.427547667567
37.62,27.02,23.627576476907674,-3392.423523092326
37.63,26.999,23.607627483769114,-3391.3725162308842
37.64,26.978,23.587678490630566,-3390.3215093694357
37.65,26.957,23.56772949749202,-3389.27050250798
37.66,26.936,23.547780504353472,-3388.219495646528
37.67,26.914,23.52783151121491,-3386.168488785092
37.68,26.893,23.507975370534822,-3385.0246294651784
37.69,26.871,23.488138243953955,-3382.861756046044
37.7,26.85,23.468301117373073,-3381.698882626928
37.71,26.829,23.448463990792206,-3380.536009207795
37.72,26.807,23.42862686421134,-3378.37313578866
37.73,26.786,23.40879849868283,-3377.2015013171704
37.74,26.765,23.389072801552498,-3375.9271984475026
37.75,26.744,23.36934710442218,-3374.652895577821
37.76,26.723,23.34962140729186,-3373.3785927081394
37.77,26.701,23.329895710161523,-3371.1042898384776
37.78,26.68,23.310170013031204,-3369.8299869687958
37.79,26.659,23.290480620990362,-3368.519379009637
37.8,26.637,23.270865874064288,-3366.1341259357123
37.81,26.615,23.251251127138207,-3363.748872861791
37.82,26.593,23.231636380212134,-3361.3636197878664
37.83,26.571,23.212021633286064,-3358.9783667139377
37.84,26.549,23.19240688635998,-3356.5931136400204
37.85,26.528,23.17285573378819,-3355.1442662118093
37.86,26.505,23.15335142917303,-3351.6485708269706
37.87,26.483,23.133847124557867,-3349.1528754421333
37.88,26.461,23.114342819942692,-3346.6571800573065
37.89,26.439,23.09483851532753,-3344.1614846724688
37.9,26.417,23.07533421071237,-3341.6657892876315
37.91,26.395,23.055920522719823,-3339.079477280176
37.92,26.372,23.036526134962386,-3335.4738650376135
37.93,26.35,23.017131747204967,-3332.868252795034
37.94,26.328,22.997737359447544,-3330.2626405524547
37.95,26.305,22.97834297169011,-3326.6570283098886
37.96,26.283,22.958956569529818,-3324.0434304701835
37.97,26.26,22.939671564428398,-3320.3284355716037
37.98,26.238,22.920386559326978,-3317.613440673021
37.99,26.215,22.90110155422554,-3313.898445774459
38.0,26.193,22.88181654912412,-3311.18345087588
38.01,26.17,22.8625315440227,-3307.4684559773004
38.02,26.147,22.84328154410751,-3303.71845589249
38.03,26.125,22.824105385461337,-3300.894614538663
38.04,26.102,22.80492922681516,-3297.0707731848383
38.05,26.079,22.78575306816899,-3293.2469318310104
38.06,26.055,22.766576909522804,-3288.4230904771953
38.07,26.032,22.747400750876633,-3284.5992491233674
38.08,26.009,22.72828635209394,-3280.713647906062
38.09,25.985,22.709218506652583,-3275.7814933474165
38.1,25.961,22.69015066121124,-3270.849338788757
38.11,25.938,22.6710828157699,-3266.917184230099
38.12,25.914,22.652014970328562,-3261.98502967144
38.13,25.89,22.632947124887206,-3257.0528751127945
38.14,25.866,22.613967534082676,-3252.032465917324
38.15,25.843,22.595007474975105,-3247.992525024895
38.16,25.819,22.576047415867535,-3242.952584132464
38.17,25.795,22.55708735675995,-3237.9126432400512
38.18,25.771,22.53812729765238,-3232.8727023476204
38.19,25.747,22.519174467113935,-3227.825532886065
38.2,25.723,22.500321676034396,-3222.678323965603
38.21,25.699,22.48146888495487,-3217.53111504513
38.22,25.675,22.46261609387535,-3212.38390612465
38.23,25.65,22.443763302795826,-3206.2366972041723
38.24,25.626,22.42491051171629,-3201.08948828371
38.25,25.602,22.406091454861727,-3195.9085451382734
38.26,25.577,22.387345423272944,-3189.654576727058
38.27,25.553,22.36859939168415,-3184.400608315851
38.28,25.529,22.349853360095363,-3179.146639904637
38.29,25.505,22.33110732850658,-3173.8926714934196
38.3,25.481,22.312361296917796,-3168.638703082205
38.31,25.457,22.293675258141196,-3163.324741858805
38.32,25.433,22.275035487728566,-3157.9645122714337
38.33,25.41,22.256395717315932,-3153.6042826840676
38.34,25.387,22.237755946903288,-3149.2440530967124
38.35,25.363,22.219116176490658,-3143.8838235093413
38.36,25.339,22.200476406078028,-3138.5235939219706
38.37,25.316,22.18192264754596,-3134.0773524540386
38.38,25.292,22.163388650126322,-3128.6113498736795
38.39,25.269,22.144854652706695,-3124.145347293304
38.4,25.246,22.126320655287067,-3119.6793447129317
38.41,25.222,22.107786657867443,-3114.213342132558
38.42,25.199,22.089259164463662,-3109.740835536339
38.43,25.176,22.070830461519126,-3105.1695384808722
38.44,25.152,22.05240175857459,-3099.5982414254113
38.45,25.128,22.03397305563004,-3094.0269443699613
38.46,25.104,22.015544352685502,-3088.4556473144967
38.47,25.08,21.997115649740966,-3082.8843502590325
38.48,25.056,21.978719480807612,-3077.2805191923885
38.49,25.031,21.960395602783183,-3070.6043972168154
38.5,25.007,21.94207172475876,-3064.9282752412396
38.51,24.983,21.923747846734344,-3059.252153265657
38.52,24.959,21.90542396870991,-3053.5760312900884
38.53,24.936,21.887100090685493,-3048.8999093145067
38.54,24.912,21.86883454775552,-3043.16545224448
38.55,24.888,21.85061503322993,-3037.3849667700733
38.56,24.864,21.832395518704324,-3031.604481295677
38.57,24.84,21.81417600417873,-3025.82399582127
38.58,24.816,21.79595648965314,-3020.0435103468594
38.59,24.793,21.777736975127535,-3015.263024872464
38.6,24.769,21.759601373228136,-3009.398626771862
38.61,24.745,21.741485768040217,-3003.514231959784
38.62,24.721,21.723370162852294,-2997.6298371477055
38.63,24.697,21.705254557664365,-2991.745442335635
38.64,24.673,21.687138952476445,-2985.8610475235528
38.65,24.649,21.669029156824628,-2979.970843175373
38.66,24.625,21.651017013215295,-2973.9829867847047
38.67,24.601,21.633004869605948,-2967.995130394051
38.68,24.577,21.61499272599662,-2962.0072740033834
38.69,24.553,21.596980582387285,-2956.0194176127156
38.7,24.529,21.578968438777938,-2950.031561222062
38.71,24.505,21.560987690037162,-2944.0123099628368
38.72,24.481,21.543078565847477,-2937.921434152525
38.73,24.456,21.525169441657788,-2930.830558342212
38.74,24.432,21.507260317468088,-2924.7396825319106
38.75,24.408,21.4893511932784,-2918.6488067216023
38.76,24.384,21.471442069088713,-2912.5579309112873
38.77,24.36,21.453589707962696,-2906.410292037304
38.78,24.336,21.4357831659133,-2900.216834086699
38.79,24.312,21.417976623863908,-2894.0233761360937
38.8,24.288,21.40017008181451,-2887.8299181854886
38.81,24.263,21.382363539765105,-2880.6364602348963
38.82,24.239,21.364556997715713,-2874.4430022842876
38.83,24.215,21.346832372924833,-2868.167627075167
38.84,24.191,21.329127979989856,-2861.872020010143
38.85,24.167,21.311423587054893,-2855.5764129451086
38.86,24.143,21.29371919411993,-2849.2808058800706
38.87,24.119,21.276014801184964,-2842.9851988150363
38.88,24.095,21.258315548506523,-2836.6844514934755
38.89,24.071,21.24071287538598,-2830.2871246140207
38.9,24.046,21.223110202265442,-2822.8897977345573
38.91,24.022,21.2055075291449,-2816.4924708550993
38.92,23.998,21.187904856024346,-2810.095143975655
38.93,23.974,21.170302182903804,-2803.6978170961966
38.94,23.949,21.15272980969356,-2796.270190306441
38.95,23.925,21.135228430381602,-2789.7715696183986
38.96,23.901,21.117727051069657,-2783.2729489303424
38.97,23.877,21.100225671757713,-2776.774328242286
38.98,23.853,21.082724292445768,-2770.2757075542336
38.99,23.828,21.06522291313381,-2762.7770868661905
39.0,23.804,21.047776783196294,-2756.2232168037044
39.01,23.78,21.030376274638613,-2749.6237253613886
39.02,23.756,21.012975766080913,-2743.024233919087
39.03,23.733,20.99557525752323,-2737.4247424767686
39.04,23.709,20.978174748965547,-2730.8252510344532
39.05,23.686,20.96077424040786,-2725.2257595921387
39.06,23.662,20.94345372249063,-2718.5462775093683
39.07,23.638,20.92615366432108,-2711.8463356789207
39.08,23.615,20.90885360615153,-2706.146393848467
39.09,23.591,20.89155354798197,-2699.44645201803
39.1,23.567,20.87425348981242,-2692.746510187579
39.11,23.544,20.856957924637126,-2687.042075362875
39.12,23.52,20.83975789898296,-2680.2421010170397
39.13,23.496,20.82255787332878,-2673.442126671219
39.14,23.473,20.805357847674614,-2667.642152325385
39.15,23.449,20.788157822020448,-2660.8421779795535
39.16,23.425,20.770957796366282,-2654.042203633718
39.17,23.402,20.753787009377152,-2648.212990622849
39.18,23.378,20.73668660072127,-2641.3133992787293
39.19,23.354,20.71958619206539,-2634.4138079346103
39.2,23.33,20.702485783409497,-2627.5142165905017
39.21,23.307,20.68538537475362,-2621.61462524638
39.22,23.283,20.668284966097737,-2614.7150339022646
39.23,23.259,20.65123833641378,-2607.7616635862205
39.24,23.235,20.634237131503227,-2600.7628684967726
39.25,23.212,20.617235926592688,-2594.764073407312
39.26,23.188,20.60023472168215,-2587.7652783178496
39.27,23.163,20.5832335167716,-2579.766483228401
39.28,23.139,20.566232311861057,-2572.767688138942
39.29,23.114,20.549309222510185,-2564.6907774898154
39.3,23.09,20.53240681030082,-2557.5931896991797
39.31,23.065,20.515504398091448,-2549.4956019085535
39.32,23.041,20.498601985882082,-2542.3980141179177
39.33,23.017,20.481699573672717,-2535.3004263272824
39.34,22.992,20.464801027672003,-2527.198972327998
39.35,22.968,20.447996999300205,-2520.003000699795
39.36,22.944,20.431192970928404,-2512.8070290715955
39.37,22.92,20.414388942556606,-2505.611057443396
39.38,22.895,20.397584914184794,-2497.4150858152057
39.39,22.871,20.380780885812996,-2490.2191141870026
39.4,22.847,20.364005064342003,-2482.9949356579987
39.41,22.822,20.347299013115997,-2474.7009868840023
39.42,22.798,20.330592961889977,-2467.4070381100214
39.43,22.774,20.313886910663967,-2460.113089336033
39.44,22.75,20.297180859437958,-2452.819140562042
39.45,22.725,20.28047480821194,-2444.5251917880596
39.46,22.7,20.263821103542934,-2436.178896457065
39.47,22.675,20.247212624947142,-2427.7873750528584
39.48,22.651,20.23060414635135,-2420.39585364865
39.49,22.626,20.21399566775555,-2412.0043322444503
39.5,22.601,20.19738718915976,-2403.61281084024
39.51,22.576,20.180778710563967,-2395.2212894360337
39.52,22.552,20.164246518778054,-2387.753481221946
39.53,22.528,20.14773521048542,-2380.26478951458
39.54,22.504,20.131223902192787,-2372.7760978072147
39.55,22.48,20.11471259390015,-2365.2874060998492
39.56,22.456,20.098201285607505,-2357.7987143924943
39.57,22.431,20.08169323644244,-2349.3067635575608
39.58,22.407,20.065278698330676,-2341.721301669324
39.59,22.383,20.048864160218898,-2334.1358397811014
39.6,22.359,20.032449622107134,-2326.5503778928683
39.61,22.335,20.01603508399537,-2318.9649160046315
39.62,22.312,19.999620545883605,-2312.379454116396
39.63,22.288,19.983233211210266,-2304.7667887897346
39.64,22.264,19.966915045379043,-2297.0849546209565
39.65,22.24,19.950596879547824,-2289.4031204521743
39.66,22.216,19.934278713716605,-2281.7212862833962
39.67,22.192,19.917960547885375,-2274.039452114625
39.68,22.168,19.901642382054156,-2266.3576179458432
39.69,22.144,19.88537516732789,-2258.6248326721084
39.7,22.12,19.86915297811487,-2250.847021885132
39.71,22.096,19.85293078890186,-2243.0692110981417
39.72,22.072,19.836708599688848,-2235.2914003111514
39.73,22.049,19.82048641047584,-2228.5135895241588
39.74,22.025,19.80426422126282,-2220.7357787371793
39.75,22.001,19.788116535856442,-2212.8834641435587
39.76,21.977,19.7719899298507,-2205.0100701492993
39.77,21.953,19.755863323844945,-2197.1366761550544
39.78,21.929,19.739736717839204,-2189.263282160795
39.79,21.905,19.723610111833462,-2181.3898881665386
39.8,21.882,19.70748617700281,-2174.5138229971913
39.81,21.858,19.69145476305473,-2166.5452369452714
39.82,21.834,19.675423349106655,-2158.576650893345
39.83,21.81,19.659391935158585,-2150.608064841414
39.84,21.786,19.6433605212105,-2142.6394787895015
39.85,21.762,19.62732910726243,-2134.6708927375707
39.86,21.739,19.611323921216446,-2127.676078783555
39.87,21.715,19.595387310443893,-2119.6126895561065
39.88,21.691,19.57945069967133,-2111.549300328669
39.89,21.667,19.563514088898778,-2103.485911101224
39.9,21.643,19.547577478126225,-2095.4225218737756
39.91,21.619,19.531640867353676,-2087.3591326463234
39.92,21.595,19.515753849053645,-2079.2461509463537
39.93,21.572,19.49991165484409,-2072.0883451559084
39.94,21.548,19.484069460634537,-2063.9305393654618
39.95,21.524,19.468227266424968,-2055.772733575033
39.96,21.501,19.452385072215414,-2048.6149277845875
39.97,21.477,19.43654287800586,-2040.457121994141
39.98,21.453,19.420773450374156,-2032.226549625843
39.99,21.429,19.405025288383094,-2023.9747116169049
40.0,21.405,19.38927712639204,-2015.7228736079596
40.01,21.381,19.37352896440099,-2007.4710355990105
40.02,21.356,19.357780802409927,-1998.2191975900746
40.03,21.332,19.342034742186225,-1989.9652578137755
40.04,21.307,19.326380230332195,-1980.6197696678041
40.05,21.283,19.310725718478164,-1972.2742815218376
40.06,21.257,19.29507120662412,-1961.9287933758826
40.07,21.233,19.279416694770088,-1953.5833052299126
40.08,21.208,19.263762182916057,-1944.237817083941
40.09,21.184,19.24813295088109,-1935.8670491189116
40.1,21.16,19.23257170933753,-1927.4282906624692
40.11,21.135,19.21701046779397,-1917.9895322060324
40.12,21.111,19.201449226250407,-1909.5507737495936
40.13,21.087,19.185887984706834,-1901.1120152931653
40.14,21.063,19.170326743163272,-1892.6732568367263
40.15,21.039,19.154813771810403,-1884.1862281895985
40.16,21.016,19.13934542299503,-1876.6545770049668
40.17,20.992,19.123877074179653,-1868.122925820348
40.18,20.968,19.108408725364285,-1859.591274635715
40.19,20.944,19.092940376548913,-1851.0596234510856
40.2,20.92,19.077472027733535,-1842.5279722664668
40.21,20.896,19.06207475346427,-1833.9252465357313
40.22,20.872,19.04669892202629,-1825.301077973709
40.23,20.847,19.031323090588312,-1815.676909411689
40.24,20.823,19.015947259150323,-1807.0527408496773
40.25,20.799,19.000571427712345,-1798.428572287655
40.26,20.776,18.985197146565582,-1790.8028534344176
40.27,20.752,18.96991345937114,-1782.0865406288603
40.28,20.727,18.954629772176705,-1772.370227823295
40.29,20.703,18.939346084982272,-1763.653915017727
40.3,20.678,18.92406239778784,-1753.9376022121614
40.31,20.654,18.908778710593396,-1745.2212894066045
40.32,20.629,18.893519381878153,-1735.4806181218478
40.33,20.604,18.878327467994573,-1725.6725320054259
40.34,20.58,18.863135554110983,-1716.8644458890158
40.35,20.555,18.847943640227403,-1707.0563597725973
40.36,20.531,18.832751726343822,-1698.2482736561765
40.37,20.506,18.817559812460246,-1688.4401875397543
40.38,20.483,18.802414881942234,-1680.585118057767
40.39,20.458,18.78731437262116,-1670.6856273788376
40.4,20.434,18.77221386330009,-1661.7861366999093
40.41,20.409,18.75711335397902,-1651.88664602098
40.42,20.385,18.742012844657935,-1642.987155342066
40.43,20.362,18.726912335336866,-1635.087664663132
40.44,20.338,18.71188125258192,-1626.1187474180795
40.45,20.314,18.69687178124189,-1617.1282187581114
40.46,20.289,18.681862309901867,-1607.137690098135
40.47,20.267,18.666852838561844,-1600.147161438155
40.48,20.244,18.65184336722182,-1592.1566327781811
40.49,20.221,18.63683491201198,-1584.1650879880192
40.5,20.197,18.621916114220532,-1575.083885779467
40.51,20.174,18.606997316429084,-1567.002683570916
40.52,20.151,18.592078518637624,-1558.9214813623755
40.53,20.128,18.577159720846176,-1550.8402791538244
40.54,20.105,18.562240923054727,-1542.7590769452736
40.55,20.081,18.547345588299663,-1533.6544117003364
40.56,20.058,18.53251710175514,-1525.48289824486
40.57,20.034,18.517688615210627,-1516.311384789372
40.58,20.011,18.502860128666114,-1508.139871333885
40.59,19.987,18.488031642121594,-1498.9683578784038
40.6,19.964,18.47320315557708,-1490.7968444229168
40.61,19.941,18.458420399916104,-1482.579600083895
40.62,19.917,18.443681864429507,-1473.3181355704942
40.63,19.894,18.428943328942896,-1465.056671057102
40.64,19.871,18.414204793456296,-1456.7952065437025
40.65,19.847,18.399466257969696,-1447.5337420303056
40.66,19.824,18.384727722483095,-1439.2722775169063
40.67,19.801,18.370057008229892,-1430.942991770106
40.68,19.777,18.355408065706563,-1421.5919342934385
40.69,19.754,18.340759123183236,-1413.240876816765
40.7,19.731,18.326110180659896,-1404.8898193401058
40.71,19.708,18.31146123813657,-1396.5387618634288
40.72,19.685,18.29681279429808,-1388.187205701918
40.73,19.662,18.282253088719646,-1379.7469112803533
40.74,19.639,18.2676933831412,-1371.3066168587993
40.75,19.616,18.25313367756276,-1362.866322437238
40.76,19.593,18.238573971984327,-1354.4260280156734
40.77,19.57,18.22401426640588,-1345.9857335941194
40.78,19.546,18.20947715344106,-1336.522846558939
40.79,19.524,18.1950063308474,-1328.9936691526023
40.8,19.501,18.18053550825374,-1320.4644917462608
40.81,19.478,18.16606468566007,-1311.93531433993
40.82,19.455,18.151593863066413,-1303.4061369335852
40.83,19.432,18.137123040472755,-1294.8769595272438
40.84,19.41,18.122696729461605,-1287.3032705383948
40.85,19.387,18.108314437933046,-1278.6855620669542
40.86,19.364,18.093932146404484,-1270.067853595517
40.87,19.341,18.079549854875925,-1261.4501451240762
40.88,19.318,18.06516756334735,-1252.8324366526497
40.89,19.296,18.050785271818793,-1245.2147281812067
40.9,19.273,18.03646923739026,-1236.530762609739
40.91,19.251,18.022175127029914,-1228.8248729700867
40.92,19.228,18.007881016669554,-1220.1189833304475
40.93,19.205,17.993586906309204,-1211.413093690794
40.94,19.183,17.979292795948854,-1203.7072040511455
40.95,19.16,17.964998685588494,-1195.0013144115062
40.96,19.137,17.95079240588537,-1186.2075941146309
40.97,19.114,17.936586128801647,-1177.413871198354
40.98,19.091,17.92237985171792,-1168.6201482820807
40.99,19.068,17.908173574634187,-1159.8264253658144
41.0,19.045,17.89396729755046,-1151.032702449541
41.01,19.022,17.87978276682172,-1142.217233178279
41.02,18.999,17.865663977110998,-1133.3360228890008
41.03,18.975,17.851545187400287,-1123.4548125997144
41.04,18.952,17.837426397689576,-1114.5736023104255
41.05,18.929,17.823307607978865,-1105.6923920211332
41.06,18.906,17.809188818268147,-1096.8111817318515
41.07,18.882,17.79511335288646,-1086.8866471135411
41.08,18.859,17.781081706615947,-1077.9182933840552
41.09,18.836,17.76705006034542,-1068.9499396545798
41.1,18.812,17.753018414074905,-1058.9815859250962
41.11,18.789,17.738986767804388,-1050.0132321956137
41.12,18.766,17.724955121533874,-1041.0448784661241
41.13,18.744,17.710988208023146,-1033.011791976854
41.14,18.721,17.69704336321373,-1023.95663678627
41.15,18.699,17.683098518404318,-1015.9014815956837
41.16,18.676,17.669153673594906,-1006.8463264050927
41.17,18.653,17.655208828785483,-997.7911712145158
41.18,18.631,17.641263983976067,-989.736016023933
41.19,18.608,17.627405112227652,-980.5948877723481
41.2,18.586,17.61354672881036,-972.4532711896394
41.21,18.563,17.599688345393076,-963.3116546069225
41.22,18.541,17.585829961975794,-955.1700380242067
41.23,18.518,17.57197157855851,-946.0284214414899
41.24,18.495,17.558134118581076,-936.8658814189246
41.25,18.473,17.544361858462793,-928.6381415372063
41.26,18.45,17.53058959834451,-919.4104016554902
41.27,18.428,17.516817338226215,-911.1826617737861
41.28,18.406,17.50304507810793,-902.9549218920679
41.29,18.383,17.489272817989644,-893.7271820103554
41.3,18.361,17.475542725906276,-885.4572740937243
41.31,18.338,17.461856252867346,-876.1437471326552
41.32,18.316,17.44816977982842,-867.8302201715802
41.33,18.293,17.434483306789495,-858.516693210504
41.34,18.271,17.420796833750565,-850.203166249436
41.35,18.248,17.407110360711638,-840.8896392883634
41.36,18.226,17.39348713453333,-832.5128654666685
41.37,18.203,17.379886114240257,-823.1138857597422
41.38,18.181,17.366285093947173,-814.7149060528278
41.39,18.158,17.3526840736541,-805.3159263459015
41.4,18.136,17.339083053361026,-796.916946638973
41.41,18.114,17.32548203306795,-788.5179669320514
41.42,18.09,17.311965174081987,-778.034825918013
41.43,18.067,17.298449274070705,-768.5507259292947
41.44,18.044,17.284933374059424,-759.0666259405765
41.45,18.021,17.271417474048135,-749.5825259518654
41.46,17.998,17.257901574036854,-740.0984259631471
41.47,17.975,17.24440579710305,-730.5942028969525
41.48,17.952,17.230974686762227,-721.0253132377744
41.49,17.929,17.217543576421395,-711.4564235786033
41.5,17.907,17.20411246608057,-702.8875339194301
41.51,17.885,17.190681355739745,-694.3186442602566
41.52,17.862,17.177250245398913,-684.7497546010857
41.53,17.84,17.163860176702904,-676.1398232970954
41.54,17.818,17.15051352725717,-667.4864727428301
41.55,17.796,17.13716687781144,-658.833122188561
41.56,17.774,17.123820228365695,-650.1797716343062
41.57,17.752,17.11047357891996,-641.5264210800374
41.58,17.73,17.09712692947423,-632.8730705257719
41.59,17.708,17.08384207811274,-624.1579218872602
41.6,17.686,17.070579562605918,-615.4204373940821
41.61,17.663,17.0573170470991,-605.6829529008994
41.62,17.641,17.04405453159228,-596.9454684077177
41.63,17.619,17.030792016085453,-588.2079839145468
41.64,17.596,17.017529500578632,-578.4704994213677
41.65,17.574,17.004349378807813,-569.6506211921885
41.66,17.551,16.991170672086113,-559.8293279138851
41.67,17.529,16.977991965364403,-551.008034635597
41.68,17.507,16.9648132586427,-542.1867413573018
41.69,17.485,16.951634551921,-533.3654480789995
41.7,17.464,16.938475189705926,-525.5248102940726
41.71,17.442,16.925379968401103,-516.6200315988974
41.72,17.42,16.91228474709628,-507.7152529037221
41.73,17.398,16.899189525791456,-498.81047420854327
41.74,17.377,16.886094304486623,-490.9056955133764
41.75,17.355,16.8729990831818,-482.0009168182011
41.76,17.333,16.859943806013124,-473.0561939868743
41.77,17.312,16.84693174852561,-465.068251474392
41.78,17.29,16.833919691038105,-456.08030896189433
41.79,17.269,16.8209076335506,-448.0923664493979
41.8,17.248,16.807895576063096,-440.10442393690494
41.81,17.227,16.794883518575585,-432.1164814244156
41.82,17.205,16.781931846234244,-423.0681537657546
41.83,17.184,16.769002632716298,-414.9973672837035
41.84,17.163,16.75607341919834,-406.92658080165955
41.85,17.142,16.743144205680395,-398.8557943196049
41.86,17.121,16.73021499216245,-390.7850078375503
41.87,17.1,16.717285778644502,-382.71422135549926
41.88,17.079,16.704437233953136,-374.5627660468642
41.89,17.058,16.691590546291838,-366.40945370816166
41.9,17.036,16.678743858630543,-357.25614136945796
41.91,17.016,16.665897170969245,-350.10282903075307
41.92,16.995,16.65305048330794,-341.9495166920612
41.93,16.974,16.640222382635468,-333.7776173645324
41.94,16.953,16.627457904435797,-325.5420955642023
41.95,16.932,16.61469342623612,-317.3065737638794
41.96,16.911,16.60192894803645,-309.0710519635529
41.97,16.891,16.589164469836778,-301.8355301632205
41.98,16.87,16.576399991637107,-293.600008362894
41.99,16.849,16.563674387943784,-285.32561205621573
42.0,16.829,16.55099180451159,-278.00819548841105
42.01,16.808,16.538309221079395,-269.6907789206051
42.02,16.787,16.525626637647186,-261.3733623528134
42.03,16.767,16.51294405421499,-254.05594578500867
42.04,16.746,16.500261470782796,-245.73852921720274
42.05,16.725,16.487637894128476,-237.36210587152584
42.06,16.705,16.475036892452284,-229.96310754771443
42.07,16.685,16.4624358907761,-222.56410922389946
42.08,16.664,16.449834889099915,-214.16511090008683
42.09,16.643,16.43723388742372,-205.7661125762813
42.1,16.622,16.42463288574754,-197.36711425246156
42.11,16.601,16.412110869115146,-188.88913088485282
42.12,16.58,16.399591137851267,-180.40886214873098
42.13,16.559,16.38707140658738,-171.9285934126198
42.14,16.538,16.374551675323502,-163.44832467649795
42.15,16.517,16.362031944059623,-154.9680559403761
42.16,16.496,16.34953006260333,-146.46993739667025
42.17,16.475,16.337091292057845,-137.90870794215593
42.18,16.454,16.324652521512373,-129.3474784876274
42.19,16.433,16.3122137509669,-120.78624903309887
42.2,16.412,16.299774980421418,-112.225019578581
42.21,16.391,16.287336209875942,-103.66379012405602
42.22,16.37,16.274935271102887,-95.06472889711404
42.23,16.349,16.262577153214366,-86.42284678563428
42.24,16.328,16.25021903532583,-77.78096467416873
42.25,16.307,16.237860917437306,-69.13908256269252
42.26,16.287,16.225502799548785,-61.497200451213985
42.27,16.266,16.21314468166025,-52.855318339748436
42.28,16.244,16.20084422550283,-43.15577449716912
42.29,16.223,16.188566453825057,-34.433546174941654
42.3,16.201,16.176288682147284,-24.71131785271652
42.31,16.18,16.1640109104695,-15.989089530499712
42.32,16.159,16.151733138791723,-7.266861208275799
42.33,16.138,16.13945536711395,1.455367113948114
42.34,16.117,16.1272549363078,10.254936307799056
42.35,16.097,16.115057205992606,18.057205992604963
42.36,16.076,16.10285947567741,26.85947567740854
42.37,16.055,16.090661745362215,35.66174536221567
42.38,16.035,16.07846401504701,43.46401504701092
42.39,16.014,16.06628341700146,52.283417001461885
42.4,15.993,16.05416542478144,61.16542478144105
42.41,15.973,16.04204743256142,69.04743256142076
42.42,15.952,16.029929440341395,77.9294403413946
42.43,15.931,16.01781144812137,86.81144812137198
42.44,15.911,16.00569345590135,94.6934559013517
42.45,15.89,15.993612278654362,103.61227865436184
42.46,15.87,15.9815737228256,111.57372282560019
42.47,15.849,15.969535166996836,120.5351669968362
42.48,15.829,15.957496611168073,128.49661116807277
42.49,15.808,15.945458055339303,137.45805533930343
42.5,15.788,15.933419499510538,145.41949951053823
42.51,15.769,15.921437292454698,152.43729245469774
42.52,15.749,15.909477872859426,160.47787285942582
42.53,15.729,15.897518453264164,168.51845326416458
42.54,15.709,15.885559033668901,176.55903366890158
42.55,15.69,15.873599614073639,183.59961407363912
42.56,15.671,15.861640194478367,190.6401944783678
42.57,15.652,15.849756509688836,197.75650968883696
42.58,15.633,15.837875927698128,204.87592769812935
42.59,15.615,15.825995345707412,210.99534570741162
42.6,15.596,15.814114763716704,218.11476371670403
42.61,15.577,15.802234181725995,225.23418172599463
42.62,15.558,15.790370033438869,232.37003343886897
42.63,15.54,15.7785679919352,238.56799193520038
42.64,15.521,15.766765950431537,245.7659504315366
42.65,15.502,15.754963908927875,252.96390892787457
42.66,15.484,15.743161867424213,259.1618674242131
42.67,15.465,15.731359825920542,266.3598259205422
42.68,15.447,15.71959360758275,272.59360758275085
42.69,15.429,15.707869810942645,278.86981094264485
42.7,15.41,15.696146014302531,286.14601430253117
42.71,15.392,15.684422217662426,292.42221766242693
42.72,15.374,15.672698421022321,298.69842102232093
42.73,15.356,15.660974624382217,304.9746243822167
42.74,15.338,15.649305894432056,311.30589443205633
42.75,15.32,15.637660048508616,317.66004850861583
42.76,15.302,15.626014202585175,324.0142025851753
42.77,15.284,15.614368356661727,330.3683566617259
42.78,15.266,15.602722510738285,336.7225107382854
42.79,15.248,15.591076664814846,343.07666481484665
42.8,15.231,15.579504984251784,348.5049842517842
42.81,15.213,15.567936796357243,354.9367963572436
42.82,15.195,15.556368608462709,361.3686084627084
42.83,15.178,15.544800420568174,366.80042056817365
42.84,15.16,15.533232232673631,373.23223267363124
42.85,15.143,15.521679798240605,378.67979824060427
42.86,15.126,15.51018897712886,384.1889771288613
42.87,15.108,15.498698156017117,390.6981560171161
42.88,15.091,15.487207334905364,396.2073349053643
42.89,15.074,15.47571651379362,401.7165137936196
42.9,15.056,15.464225692681875,408.2256926818761
42.91,15.039,15.452769727000764,413.76972700076385
42.92,15.022,15.441355982849826,419.35598284982586
42.93,15.005,15.429942238698896,424.94223869889504
42.94,14.988,15.418528494547965,430.5284945479659
42.95,14.971,15.407114750397028,436.11475039702793
42.96,14.954,15.395701006246098,441.7010062460971
42.97,14.937,15.384341076383828,447.3410763838288
42.98,14.921,15.373004120778333,452.00412077833363
42.99,14.904,15.36166716517283,457.6671651728308
43.0,14.887,15.350330209567334,463.33020956733327
43.01,14.871,15.338993253961839,467.9932539618381
43.02,14.854,15.327656298356334,473.65629835633524
43.03,14.838,15.316391973818796,478.3919738187965
43.04,14.821,15.30513151973241,484.13151973240963
43.05,14.805,15.293871065646021,488.8710656460216
43.06,14.79,15.282610611559626,492.61061155962693
43.07,14.774,15.27135015747324,497.35015747324064
43.08,14.758,15.260104794305992,502.10479430599264
43.09,14.743,15.24892055608385,505.9205560838489
43.1,14.727,15.237736317861714,510.7363178617135
43.11,14.711,15.22655207963958,515.5520796395798
43.12,14.696,15.215367841417446,519.3678414174467
43.13,14.681,15.204183603195304,523.1836031953047
43.14,14.665,15.193033275842234,528.0332758422351
43.15,14.65,15.181924969183374,531.9249691833736
43.16,14.634,15.170816662524514,536.8166625245134
43.17,14.619,15.159708355865645,540.7083558656449
43.18,14.604,15.148600049206784,544.6000492067853
43.19,14.588,15.137491742547924,549.4917425479251
43.2,14.573,15.12643602628514,553.436026285139
43.21,14.559,15.115403368224838,556.4033682248386
43.22,14.544,15.104370710164535,560.3707101645341
43.23,14.529,15.093338052104231,564.3380521042313
43.24,14.514,15.082305394043921,568.3053940439215
43.25,14.5,15.07127273598362,571.2727359836194
43.26,14.485,15.060311208403443,575.3112084034431
43.27,14.47,15.049353917295607,579.3539172956059
43.28,14.456,15.03839662618778,582.3966261877799
43.29,14.441,15.027439335079952,586.4393350799517
43.3,14.426,15.016482043972125,590.4820439721252
43.31,14.411,15.005539198340475,594.5391983404758
43.32,14.395,14.994656993840024,599.6569938400249
43.33,14.379,14.983774789339574,604.7747893395741
43.34,14.363,14.972892584839114,609.8925848391143
43.35,14.348,14.962010380338661,614.0103803386605
43.36,14.333,14.95112817583821,618.1281758382103
43.37,14.318,14.940278959943363,622.2789599433636
43.38,14.303,14.929471562988509,626.4715629885078
43.39,14.287,14.918664166033663,631.6641660336621
43.4,14.272,14.907856769078817,635.856769078817
43.41,14.256,14.89704937212397,641.0493721239696
43.42,14.241,14.886241975169117,645.2419751691174
43.43,14.226,14.875485972075074,649.4859720750732
43.44,14.21,14.864753104869715,654.7531048697142
43.45,14.194,14.854020237664349,660.0202376643481
43.46,14.179,14.84328737045899,664.2873704589896
43.47,14.164,14.83255450325363,668.5545032536311
43.48,14.149,14.821821636048272,672.8216360482726
43.49,14.134,14.81115843101201,677.1584310120104
43.5,14.119,14.800499817007994,681.4998170079942
43.51,14.104,14.789841203003977,685.841203003978
43.52,14.089,14.779182588999952,690.1825889999511
43.53,14.074,14.768523974995935,694.5239749959349
43.54,14.059,14.757879177548672,698.8791775486725
43.55,14.044,14.747294541428127,703.2945414281269
43.56,14.029,14.736709905307576,707.7099053075759
43.57,14.014,14.726125269187031,712.1252691870321
43.58,13.999,14.715540633066489,716.5406330664883
43.59,13.984,14.704955996945937,720.9559969459374
43.6,13.969,14.6944034486135,725.4034486135001
43.61,13.954,14.683892516271133,729.8925162711321
43.62,13.939,14.673381583928766,734.3815839287657
43.63,13.925,14.662870651586392,737.8706515863911
43.64,13.91,14.652359719244027,742.3597192440266
43.65,13.895,14.64184878690166,746.8487869016602
43.66,13.88,14.631388078113332,751.3880781133313
43.67,13.865,14.620950576638718,755.9505766387176
43.68,13.851,14.61051307516411,759.5130751641098
43.69,13.836,14.600075573689503,764.075573689503
43.7,13.821,14.589638072214889,768.6380722148893
43.71,13.806,14.579200570740282,773.2005707402827
43.72,13.791,14.56883129399482,777.8312939948204
43.73,13.776,14.55846695165471,782.46695165471
43.74,13.761,14.548102609314592,787.1026093145925
43.75,13.746,14.537738266974483,791.7382669744821
43.76,13.731,14.527373924634372,796.3739246343717
43.77,13.716,14.517022785903992,801.0227859039923
43.78,13.702,14.506731332124568,804.7313321245681
43.79,13.687,14.496439878345145,809.4398783451453
43.8,13.673,14.48614842456572,813.1484245657194
43.81,13.659,14.475856970786289,816.8569707862882
43.82,13.645,14.465565517006864,820.5655170068642
43.83,13.63,14.455305270816075,825.3052708160737
43.84,13.616,14.445086436165253,829.0864361652534
43.85,13.602,14.434867601514439,832.8676015144385
43.86,13.588,14.424648766863625,836.6487668636253
43.87,13.574,14.41442993221281,840.4299322128104
43.88,13.56,14.404211097561989,844.2110975619883
43.89,13.546,14.394041341281993,848.0413412819931
43.9,13.532,14.383894857451734,851.8948574517342
43.91,13.518,14.373748373621478,855.7483736214771
43.92,13.504,14.363601889791212,859.6018897912128
43.93,13.49,14.353455405960954,863.4554059609538
43.94,13.476,14.343308922130696,867.3089221306949
43.95,13.462,14.333229255078587,871.2292550785871
43.96,13.449,14.32315485486715,874.1548548671503
43.97,13.435,14.313080454655715,878.0804546557146
43.98,13.421,14.30300605444428,882.0060544442807
43.99,13.408,14.292931654232836,884.9316542328368
44.0,13.394,14.282869860130612,888.8698601306118
44.01,13.38,14.272867277424883,892.867277424882
44.02,13.366,14.262864694719148,896.8646947191487
44.03,13.352,14.25286211201342,900.862112013419
44.04,13.338,14.24285952930769,904.8595293076911
44.05,13.324,14.232856946601961,908.8569466019613
44.06,13.31,14.222884711100495,912.8847111004941
44.07,13.296,14.21295368085828,916.9536808582812
44.08,13.282,14.203022650616065,921.0226506160648
44.09,13.268,14.193091620373844,925.091620373843
44.1,13.254,14.18316059013163,929.1605901316302
44.11,13.24,14.173229559889416,933.2295598894156
44.12,13.227,14.163346486878494,936.3464868784935
44.13,13.213,14.153486745110838,940.4867451108387
44.14,13.199,14.143627003343191,944.6270033431912
44.15,13.185,14.133767261575542,948.7672615755419
44.16,13.172,14.123907519807895,951.9075198078948
44.17,13.159,14.11404777804024,955.0477780402389
44.18,13.146,14.104253473232088,958.2534732320873
44.19,13.133,14.094464756985632,961.4647569856327
44.2,13.12,14.08467604073917,964.676040739171
44.21,13.107,14.074887324492714,967.8873244927147
44.22,13.095,14.06509860824626,970.0986082462588
44.23,13.082,14.055321915554611,973.3219155546102
44.24,13.069,14.04560396289389,976.6039628938898
44.25,13.056,14.035886010233178,979.8860102331784
44.26,13.043,14.026168057572464,983.168057572465
44.27,13.031,14.016450104911746,985.4501049117453
44.28,13.018,14.006732152251033,988.732152251032
44.29,13.005,13.997043705448327,992.0437054483263
44.3,12.993,13.987396255438194,994.3962554381933
44.31,12.98,13.977748805428053,997.7488054280527
44.32,12.967,13.968101355417918,1001.1013554179176
44.33,12.954,13.958453905407785,1004.4539054077841
44.34,12.942,13.948806455397643,1006.8064553976424
44.35,12.929,13.939205864469667,1010.2058644696665
44.36,12.916,13.929628657157622,1013.6286571576214
44.37,12.903,13.920051449845577,1017.0514498455763
44.38,12.891,13.910474242533525,1019.4742425335246
44.39,12.878,13.90089703522148,1022.8970352214794
44.4,12.865,13.891319827909435,1026.3198279094343
44.41,12.851,13.8818067045414,1030.8067045413995
44.42,12.838,13.872299480940033,1034.2994809400334
44.43,12.825,13.86279225733867,1037.7922573386709
44.44,12.812,13.853285033737306,1041.2850337373065
44.45,12.799,13.843777810135938,1044.7778101359386
44.46,12.787,13.834282042006649,1047.282042006648
44.47,12.774,13.82484454407608,1050.8445440760815
44.48,12.762,13.815407046145515,1053.407046145514
44.49,12.749,13.80596954821494,1056.9695482149389
44.5,12.736,13.796532050284373,1060.5320502843724
44.51,12.724,13.787094552353805,1063.0945523538048
44.52,12.711,13.777685737222935,1066.685737222935
44.53,12.699,13.768317707853255,1069.317707853255
44.54,12.687,13.758949678483575,1071.949678483575
44.55,12.674,13.749581649113894,1075.5816491138949
44.56,12.662,13.740213619744209,1078.2136197442078
44.57,12.65,13.730845590374528,1080.845590374528
44.58,12.637,13.72152334390306,1084.5233439030596
44.59,12.625,13.712224526896833,1087.2245268968327
44.6,12.612,13.702925709890613,1090.9257098906123
44.61,12.6,13.69362689288439,1093.6268928843908
44.62,12.588,13.68432807587817,1096.3280758781711
44.63,12.575,13.675029258871943,1100.0292588719435
44.64,12.563,13.665793198297932,1102.7931982979312
44.65,12.551,13.656563338352747,1105.5633383527468
44.66,12.539,13.647333478407562,1108.3334784075626
44.67,12.526,13.63810361846237,1112.1036184623704
44.68,12.514,13.628873758517186,1114.8737585171862
44.69,12.502,13.619654799984795,1117.6547999847949
44.7,12.49,13.61049364267579,1120.4936426757897
44.71,12.477,13.601332485366788,1124.3324853667875
44.72,12.465,13.592171328057788,1127.1713280577878
44.73,12.453,13.583010170748787,1130.010170748788
44.74,12.441,13.57384901343978,1132.8490134397794
44.75,12.429,13.564715733437794,1135.7157334377935
44.76,12.416,13.555623025200306,1139.623025200306
44.77,12.404,13.54653031696281,1142.5303169628105
44.78,12.392,13.537437608725323,1145.4376087253238
44.79,12.38,13.528344900487834,1148.3449004878335
44.8,12.368,13.519252192250347,1151.2521922503468
44.81,12.356,13.510204211696806,1154.204211696806
44.82,12.344,13.501179699808976,1157.1796998089762
44.83,12.332,13.492155187921146,1160.155187921145
44.84,12.319,13.48313067603331,1164.1306760333096
44.85,12.307,13.474106164145478,1167.106164145478
44.86,12.295,13.465081652257648,1170.0816522576486
44.87,12.283,13.456118593526355,1173.1185935263557
44.88,12.271,13.447162026091846,1176.1620260918448
44.89,12.259,13.438205458657343,1179.205458657343
44.9,12.247,13.429248891222839,1182.2488912228391
44.91,12.235,13.420292323788336,1185.292323788337
44.92,12.223,13.411346117309087,1188.3461173090861
44.93,12.211,13.402457243239828,1191.4572432398281
44.94,12.199,13.393568369170572,1194.5683691705717
44.95,12.188,13.384679495101308,1196.679495101307
44.96,12.177,13.375790621032051,1198.7906210320514
44.97,12.165,13.366901746962792,1201.9017469627934
44.98,12.154,13.358039961579857,1204.0399615798574
44.99,12.143,13.34921853057881,1206.2185305788091
45.0,12.132,13.340397099577768,1208.397099577768
45.01,12.122,13.331575668576725,1209.5756685767255
45.02,12.112,13.322754237575678,1210.754237575678
45.03,12.101,13.313932806574636,1212.932806574635
45.04,12.092,13.305155068048782,1213.1550680487812
45.05,12.081,13.29640083059281,1215.4008305928112
45.06,12.071,13.287646593136833,1216.646593136833
45.07,12.061,13.278892355680862,1217.8923556808616
45.08,12.052,13.27013811822489,1218.1381182248908
45.09,12.041,13.261383880768912,1220.383880768912
45.1,12.031,13.252689816196588,1221.6898161965873
45.11,12.021,13.244002523519331,1223.0025235193302
45.12,12.011,13.235315230842074,1224.3152308420752
45.13,12.0,13.22662793816481,1226.6279381648105
45.14,11.99,13.217940645487554,1227.9406454875534
45.15,11.979,13.209263186514736,1230.2631865147368
45.16,11.969,13.200642590589581,1231.6425905895817
45.17,11.959,13.19202199466442,1233.021994664421
45.18,11.949,13.183401398739267,1234.4013987392675
45.19,11.938,13.174780802814114,1236.7808028141135
45.2,11.928,13.166160206888954,1238.1602068889529
45.21,11.918,13.157565927237405,1239.5659272374057
45.22,11.907,13.149011780760512,1242.011780760512
45.23,11.898,13.140457634283619,1242.4576342836194
45.24,11.888,13.13190348780672,1243.9034878067207
45.25,11.878,13.12334934132983,1245.3493413298293
45.26,11.868,13.114795194852936,1246.7951948529362
45.27,11.858,13.106283724716588,1248.2837247165878
45.28,11.848,13.097795781089957,1249.795781089956
45.29,11.838,13.089307837463325,1251.307837463326
45.3,11.828,13.080819893836692,1252.8198938366922
45.31,11.818,13.072331950210055,1254.331950210055
45.32,11.808,13.063844006583421,1255.8440065834216
45.33,11.799,13.05541497737344,1256.4149773734403
45.34,11.789,13.04699299068807,1257.99299068807
45.35,11.779,13.038571004002707,1259.5710040027068
45.36,11.769,13.030149017317342,1261.1490173173418
45.37,11.759,13.021727030631979,1262.7270306319788
45.38,11.749,13.013314363238694,1264.314363238693
45.39,11.74,13.004958088257817,1264.958088257817
45.4,11.729,12.99660181327694,1267.60181327694
45.41,11.719,12.988245538296063,1269.2455382960634
45.42,11.708,12.97988926331518,1271.8892633151793
45.43,11.697,12.971532988334303,1274.532988334304
45.44,11.686,12.963202272788639,1277.2022727886388
45.45,11.675,12.954911464930985,1279.9114649309847
45.46,11.665,12.946620657073336,1281.6206570733364
45.47,11.654,12.938329849215688,1284.3298492156875
45.48,11.644,12.93003904135804,1286.0390413580394
45.49,11.634,12.921748233500386,1287.7482335003858
45.5,11.623,12.91349910402574,1290.4991040257414
45.51,11.613,12.905273519348933,1292.2735193489334
45.52,11.603,12.897047934672118,1294.0479346721183
45.53,11.592,12.88882234999531,1296.8223499953097
45.54,11.582,12.880596765318503,1298.5967653185019
45.55,11.572,12.872371180641695,1300.3711806416954
45.56,11.562,12.864203272562133,1302.2032725621334
45.57,11.552,12.856042667746127,1304.0426677461276
45.58,11.542,12.84788206293012,1305.8820629301201
45.59,11.531,12.839721458114107,1308.721458114107
45.6,11.521,12.831560853298102,1310.5608532981012
45.61,11.511,12.823409065858836,1312.4090658588373
45.62,11.501,12.815313198189427,1314.3131981894278
45.63,11.491,12.807217330520015,1316.217330520015
45.64,11.481,12.799121462850605,1318.1214628506054
45.65,11.47,12.791025595181196,1321.0255951811955
45.66,11.46,12.782929727511789,1322.9297275117879
45.67,11.45,12.774858677410945,1324.8586774109458
45.68,11.44,12.766827304763433,1326.8273047634339
45.69,11.43,12.758795932115923,1328.7959321159235
45.7,11.42,12.750764559468408,1330.764559468408
45.71,11.41,12.742733186820896,1332.7331868208958
45.72,11.4,12.734701814173386,1334.7018141733856
45.73,11.39,12.72671113926709,1336.7111392670897
45.74,11.38,12.718744020089906,1338.744020089905
45.75,11.37,12.710776900912727,1340.7769009127276
45.76,11.36,12.702809781735548,1342.8097817355483
45.77,11.35,12.694842662558363,1344.8426625583636
45.78,11.34,12.686875543381184,1346.8755433811843
45.79,11.33,12.678964882511895,1348.9648825118952
45.8,11.32,12.671061775810491,1351.061775810491
45.81,11.31,12.663158669109082,1353.1586691090815
45.82,11.3,12.655255562407678,1355.2555624076774
45.83,11.29,12.647352455706274,1357.3524557062751
45.84,11.28,12.639457676648522,1359.457676648523
45.85,11.271,12.63161834196913,1360.6183419691292
45.86,11.261,12.623779007289738,1362.7790072897383
45.87,11.251,12.615939672610345,1364.9396726103457
45.88,11.241,12.608100337930948,1367.100337930948
45.89,11.231,12.600261003251555,1369.2610032515554
45.9,11.221,12.59244575867496,1371.4457586749606
45.91,11.211,12.584669956088705,1373.6699560887046
45.92,11.201,12.576894153502442,1375.8941535024417
45.93,11.191,12.569118350916186,1378.1183509161856
45.94,11.182,12.561342548329929,1379.3425483299284
45.95,11.172,12.553566745743668,1381.566745743667
45.96,11.162,12.545830676748317,1383.8306767483157
45.97,11.153,12.538118166835144,1385.1181668351433
45.98,11.144,12.530405656921973,1386.4056569219726
45.99,11.134,12.522693147008797,1388.6931470087961
46.0,11.125,12.514980637095626,1389.9806370956255
46.01,11.116,12.507268127182455,1391.268127182455
46.02,11.106,12.499610875743015,1393.6108757430147
46.03,11.097,12.491961419576047,1394.961419576047
46.04,11.087,12.48431196340908,1397.3119634090808
46.05,11.077,12.476662507242114,1399.6625072421143
46.06,11.068,12.469013051075143,1401.013051075143
46.07,11.058,12.461371444712782,1403.371444712782
46.08,11.048,12.453784803842384,1405.7848038423836
46.09,11.038,12.44619816297198,1408.1981629719796
46.1,11.029,12.438611522101581,1409.6115221015814
46.11,11.019,12.431024881231183,1412.024881231183
46.12,11.009,12.423438240360785,1414.4382403607842
46.13,10.999,12.41587497598961,1416.874975989609
46.14,10.988,12.408350912428038,1420.350912428038
46.15,10.978,12.400826848866465,1422.8268488664658
46.16,10.968,12.393302785304895,1425.3027853048952
46.17,10.957,12.385778721743318,1428.778721743317
46.18,10.947,12.378254658181746,1431.2546581817464
46.19,10.937,12.370769379766196,1433.769379766197
46.2,10.927,12.36330765597176,1436.3076559717597
46.21,10.917,12.355845932177328,1438.845932177328
46.22,10.907,12.348384208382896,1441.384208382896
46.23,10.896,12.340922484588464,1444.9224845884637
46.24,10.886,12.333460760794027,1447.4607607940281
46.25,10.876,12.326053113064212,1450.0531130642128
46.26,10.866,12.318653491926323,1452.6534919263233
46.27,10.856,12.311253870788427,1455.253870788427
46.28,10.846,12.303854249650538,1457.854249650538
46.29,10.836,12.296454628512647,1460.4546285126467
46.3,10.827,12.289062390972347,1462.0623909723474
46.31,10.817,12.281724635795667,1464.7246357956672
46.32,10.807,12.27438688061899,1467.3868806189905
46.33,10.797,12.267049125442314,1470.0491254423139
46.34,10.788,12.259711370265634,1471.711370265634
46.35,10.778,12.252373615088958,1474.3736150889574
46.36,10.768,12.245058536164086,1477.0585361640851
46.37,10.759,12.237782410654084,1478.7824106540838
46.38,10.749,12.230506285144077,1481.5062851440769
46.39,10.739,12.223230159634076,1484.230159634075
46.4,10.73,12.215954034124076,1485.9540341240756
46.41,10.72,12.208677908614074,1488.6779086140739
46.42,10.711,12.201439634763883,1490.4396347638826
46.43,10.703,12.194224903010907,1491.2249030109076
46.44,10.694,12.18701017125793,1493.0101712579287
46.45,10.685,12.179795439504948,1494.7954395049478
46.46,10.676,12.17258070775197,1496.5807077519705
46.47,10.666,12.165365975998993,1499.3659759989928
46.48,10.657,12.158204154342709,1501.2041543427088
46.49,10.648,12.151050580808143,1503.050580808143
46.5,10.639,12.143897007273582,1504.8970072735824
46.51,10.63,12.13674343373902,1506.74343373902
46.52,10.62,12.129589860204455,1509.5898602044554
46.53,10.612,12.122443215456356,1510.4432154563553
46.54,10.603,12.115350564956481,1512.3505649564813
46.55,10.594,12.108257914456606,1514.257914456607
46.56,10.585,12.101165263956727,1516.1652639567258
46.57,10.577,12.094072613456852,1517.0726134568522
46.58,10.568,12.086979962956978,1518.979962956978
46.59,10.56,12.07990930134442,1519.9093013444199
46.6,10.551,12.07287733903744,1521.87733903744
46.61,10.542,12.06584537673046,1523.8453767304597
46.62,10.534,12.058813414423478,1524.8134144234768
46.63,10.525,12.051781452116494,1526.7814521164933
46.64,10.517,12.044749489809512,1527.7494898095122
46.65,10.509,12.037754459928161,1528.7544599281607
46.66,10.501,12.030782951297455,1529.7829512974558
46.67,10.492,12.023811442666744,1531.8114426667435
46.68,10.483,12.016839934036039,1533.8399340360384
46.69,10.475,12.009868425405333,1534.8684254053335
46.7,10.466,12.002896916774622,1536.896916774623
46.71,10.457,11.995977167777848,1538.9771677778476
46.72,10.447,11.989065878620382,1542.0658786203826
46.73,10.439,11.982154589462915,1543.1545894629153
46.74,10.43,11.975243300305445,1545.2433003054455
46.75,10.421,11.968332011147979,1547.3320111479793
46.76,10.413,11.961427207150885,1548.4272071508851
46.77,10.404,11.954575903559284,1550.5759035592846
46.78,10.396,11.947724599967689,1551.7245999676882
46.79,10.387,11.940873296376093,1553.8732963760929
46.8,10.378,11.934021992784498,1556.0219927844976
46.81,10.369,11.927170689192899,1558.1706891928989
46.82,10.36,11.920340699566811,1560.3406995668117
46.83,10.352,11.91354914791989,1561.549147919889
46.84,10.343,11.906757596272964,1563.7575962729643
46.85,10.335,11.899966044626042,1564.9660446260416
46.86,10.326,11.89317449297912,1567.1744929791203
46.87,10.318,11.8863829413322,1568.3829413322012
46.88,10.309,11.879627416462668,1570.6274164626689
46.89,10.301,11.872895383405352,1571.8953834053516
46.9,10.292,11.866163350348035,1574.1633503480355
46.91,10.284,11.85943131729072,1575.43131729072
46.92,10.275,11.852699284233399,1577.6992842333987
46.93,10.267,11.845967251176083,1578.967251176083
46.94,10.258,11.839285841908055,1581.2858419080555
46.95,10.25,11.832613094345293,1582.6130943452927
46.96,10.241,11.825940346782534,1584.9403467825348
46.97,10.233,11.819267599219776,1586.2675992197755
46.98,10.224,11.812594851657018,1588.5948516570174
46.99,10.216,11.80592815662739,1589.9281566273905
47.0,10.207,11.799314461700314,1592.3144617003136
47.01,10.199,11.792700766773239,1593.7007667732387
47.02,10.19,11.786087071846158,1596.087071846158
47.03,10.182,11.779473376919082,1597.4733769190816
47.04,10.173,11.772859681992006,1599.8596819920062
47.05,10.165,11.766266638143895,1601.2666381438958
47.06,10.156,11.7597117632293,1603.7117632292989
47.07,10.148,11.753156888314708,1605.156888314708
47.08,10.139,11.746602013400116,1607.6020134001164
47.09,10.131,11.74004713848552,1609.0471384855202
47.1,10.122,11.73349226357093,1611.4922635709306
47.11,10.114,11.726972522745976,1612.9725227459755
47.12,10.105,11.72047623542576,1615.47623542576
47.13,10.097,11.71397994810554,1616.9799481055413
47.14,10.088,11.707483660785325,1619.4836607853258
47.15,10.08,11.700987373465109,1620.987373465109
47.16,10.071,11.694491086144893,1623.4910861448934
47.17,10.063,11.688044300550432,1625.0443005504317
47.18,10.055,11.681606368620589,1626.606368620589
47.19,10.046,11.675168436690745,1629.1684366907457
47.2,10.038,11.668730504760896,1630.7305047608959
47.21,10.03,11.662292572831053,1632.2925728310533
47.22,10.022,11.65586027164362,1633.8602716436199
47.23,10.014,11.649480463071747,1635.4804630717474
47.24,10.007,11.643100654499868,1636.1006544998684
47.25,9.999,11.636720845927996,1637.720845927996
47.26,9.991,11.630341037356123,1639.3410373561235
47.27,9.984,11.623961228784246,1639.9612287842463
47.28,9.977,11.617601420065467,1640.601420065467
47.29,9.969,11.611279503016188,1642.279503016189
47.3,9.962,11.604957585966908,1642.9575859669078
47.31,9.955,11.598635668917623,1643.6356689176232
47.32,9.948,11.592313751868344,1644.3137518683438
47.33,9.941,11.585991834819064,1644.991834819063
47.34,9.933,11.579704171546377,1646.7041715463768
47.35,9.925,11.573439914317735,1648.4399143177343
47.36,9.918,11.567175657089095,1649.1756570890957
47.37,9.91,11.560911399860453,1650.911399860453
47.38,9.903,11.55464714263181,1651.6471426318092
47.39,9.895,11.548382885403168,1653.3828854031683
47.4,9.888,11.54216702083254,1654.1670208325404
47.41,9.88,11.535960191910114,1655.960191910113
47.42,9.873,11.529753362987682,1656.7533629876827
47.43,9.866,11.523546534065256,1657.546534065256
47.44,9.858,11.51733970514283,1659.3397051428287
47.45,9.85,11.511138095869047,1661.1380958690472
47.46,9.842,11.504988463824775,1662.9884638247745
47.47,9.834,11.498838831780501,1664.8388317805018
47.48,9.826,11.49268919973623,1666.6891997362293
47.49,9.819,11.486539567691954,1667.5395676919536
47.5,9.811,11.48038993564768,1669.3899356476809
47.51,9.803,11.474259663549985,1671.259663549984
47.52,9.795,11.468166997147087,1673.166997147087
47.53,9.787,11.462074330744194,1675.0743307441933
47.54,9.78,11.4559816643413,1675.9816643413003
47.55,9.771,11.449888997938407,1678.8889979384062
47.56,9.763,11.44379633153551,1680.7963315355091
47.57,9.755,11.437737050421683,1682.7370504216824
47.58,9.747,11.431701118446151,1684.7011184461512
47.59,9.738,11.425665186470615,1687.6651864706157
47.6,9.73,11.419629254495083,1689.629254495083
47.61,9.722,11.413593322519551,1691.5933225195517
47.62,9.714,11.407557390544019,1693.5573905440187
47.63,9.705,11.401568754425583,1696.5687544255825
47.64,9.697,11.395589325882083,1698.589325882084
47.65,9.689,11.389609897338584,1700.609897338584
47.66,9.681,11.383630468795086,1702.6304687950874
47.67,9.673,11.377651040251584,1704.6510402515835
47.68,9.664,11.371676430841603,1707.6764308416034
47.69,9.656,11.365753274663263,1709.753274663262
47.7,9.648,11.359830118484918,1711.8301184849188
47.71,9.64,11.353906962306576,1713.9069623065755
47.72,9.631,11.347983806128235,1716.9838061282353
47.73,9.623,11.342060649949895,1719.0606499498954
47.74,9.615,11.336156224825768,1721.1562248257674
47.75,9.607,11.33028911023473,1723.289110234731
47.76,9.598,11.324421995643691,1726.4219956436905
47.77,9.59,11.31855488105265,1728.5548810526502
47.78,9.582,11.312687766461611,1730.6877664616102
47.79,9.573,11.306820651870574,1733.8206518705733
47.8,9.565,11.300986065383878,1735.9860653838784
47.81,9.557,11.295174761379375,1738.1747613793746
47.82,9.549,11.289363457374877,1740.363457374878
47.83,9.541,11.283552153370378,1742.5521533703777
47.84,9.532,11.277740849365875,1745.740849365875
47.85,9.524,11.271929545361376,1747.9295453613765
47.86,9.516,11.266164452024306,1750.1644520243058
47.87,9.507,11.26040872804392,1753.4087280439205
47.88,9.499,11.25465300406353,1755.6530040635287
47.89,9.491,11.248897280083144,1757.897280083144
47.9,9.483,11.243141556102758,1760.1415561027575
47.91,9.475,11.23739026121918,1762.3902612191796
47.92,9.466,11.23168988621967,1765.6898862196701
47.93,9.458,11.225989511220165,1767.9895112201648
47.94,9.45,11.220289136220659,1770.2891362206597
47.95,9.442,11.214588761221151,1772.588761221151
47.96,9.434,11.208888386221645,1774.8883862216455
47.97,9.426,11.203206124141243,1777.2061241412428
47.98,9.419,11.197560867813992,1778.560867813992
47.99,9.411,11.191915611486735,1780.9156114867353
48.0,9.404,11.186270355159484,1782.2703551594846
48.01,9.396,11.180625098832232,1784.6250988322315
48.02,9.389,11.174979842504976,1785.9798425049771
48.03,9.381,11.169366267869853,1788.3662678698524
48.04,9.374,11.163775898967383,1789.7758989673828
48.05,9.365,11.158185530064916,1793.1855300649158
48.06,9.357,11.152595161162445,1795.5951611624457
48.07,9.349,11.147004792259976,1798.0047922599756
48.08,9.341,11.141414423357508,1800.414423357509
48.09,9.333,11.135869191025298,1802.869191025298
48.1,9.325,11.130333479607051,1805.333479607052
48.11,9.317,11.124797768188804,1807.797768188804
48.12,9.309,11.119262056770557,1810.2620567705578
48.13,9.301,11.113726345352307,1812.7263453523065
48.14,9.293,11.108194683382335,1815.1946833823356
48.15,9.285,11.102713397732254,1817.7133977322537
48.16,9.277,11.097232112082175,1820.2321120821755
48.17,9.269,11.09175082643209,1822.75082643209
48.18,9.261,11.086269540782009,1825.26954078201
48.19,9.253,11.08078825513193,1827.7882551319299
48.2,9.244,11.075324474861196,1831.324474861196
48.21,9.236,11.069897385665598,1833.8973856655975
48.22,9.228,11.064470296470002,1836.4702964700025
48.23,9.22,11.059043207274405,1839.043207274404
48.24,9.212,11.053616118078804,1841.6161180788038
48.25,9.204,11.048189028883206,1844.1890288832053
48.26,9.196,11.042792785079834,1846.7927850798346
48.27,9.188,11.037419659691343,1849.4196596913425
48.28,9.18,11.032046534302854,1852.046534302854
48.29,9.171,11.026673408914366,1855.6734089143667
48.3,9.163,11.021300283525878,1858.300283525878
48.31,9.154,11.015927158137385,1861.9271581373855
48.32,9.147,11.01059810617277,1863.5981061727698
48.33,9.139,11.00527871644168,1866.2787164416804
48.34,9.131,10.999959326710586,1868.9593267105859
48.35,9.123,10.994639936979494,1871.639936979495
48.36,9.115,10.989320547248404,1874.320547248404
48.37,9.107,10.984004837599391,1877.004837599392
48.38,9.098,10.978738949098604,1880.7389490986034
48.39,9.09,10.973473060597819,1883.4730605978186
48.4,9.082,10.968207172097035,1886.2071720970341
48.41,9.074,10.96294128359625,1888.9412835962496
48.42,9.066,10.957675395095462,1891.6753950954615
48.43,9.058,10.95242641514114,1894.4264151411403
48.44,9.051,10.947213801962699,1896.2138019626984
48.45,9.044,10.942001188784255,1898.0011887842547
48.46,9.036,10.936788575605815,1900.7885756058158
48.47,9.028,10.931575962427374,1903.5759624273733
48.48,9.02,10.926363349248934,1906.3633492489344
48.49,9.012,10.92118075402595,1909.1807540259501
48.5,9.004,10.91602117836033,1912.0211783603302
48.51,8.997,10.91086160269471,1913.8616026947109
48.52,8.989,10.905702027029088,1916.7020270290873
48.53,8.981,10.900542451363467,1919.5424513634673
48.54,8.973,10.895382875697848,1922.3828756978473
48.55,8.965,10.890266322421375,1925.2663224213754
48.56,8.957,10.885159562739299,1928.1595627392978
48.57,8.95,10.880052803057225,1930.052803057226
48.58,8.942,10.874946043375152,1932.9460433751517
48.59,8.935,10.869839283693077,1934.8392836930764
48.6,8.927,10.864735844800137,1937.7358448001373
48.61,8.92,10.859681656821772,1939.6816568217723
48.62,8.912,10.854627468843407,1942.6274688434066
48.63,8.904,10.84957328086504,1945.5732808650391
48.64,8.897,10.844519092886674,1947.5190928866741
48.65,8.89,10.839464904908311,1949.464904908311
48.66,8.882,10.834427040424789,1952.427040424789
48.67,8.875,10.829425211227171,1954.4252112271713
48.68,8.868,10.824423382029558,1956.4233820295574
48.69,8.86,10.819421552831946,1959.4215528319462
48.7,8.853,10.814419723634328,1961.4197236343286
48.71,8.847,10.809417894436717,1962.417894436717
48.72,8.84,10.804445260999433,1964.4452609994332
48.73,8.833,10.799495533800393,1966.4955338003924
48.74,8.826,10.794545806601349,1968.5458066013482
48.75,8.819,10.789596079402308,1970.5960794023074
48.76,8.812,10.784646352203268,1972.6463522032684
48.77,8.806,10.779696625004224,1973.6966250042246
48.78,8.799,10.774788887386123,1975.7888873861234
48.79,8.791,10.76989106625358,1978.8910662535795
48.8,8.784,10.764993245121039,1980.993245121038
48.81,8.777,10.760095423988492,1983.0954239884927
48.82,8.77,10.755197602855949,1985.1976028559495
48.83,8.763,10.75030275266823,1987.3027526682297
48.84,8.755,10.745456556409213,1990.456556409212
48.85,8.748,10.740610360150201,1992.610360150202
48.86,8.741,10.735764163891188,1994.7641638911887
48.87,8.734,10.730917967632177,1996.917967632177
48.88,8.727,10.72607177137316,1999.07177137316
48.89,8.72,10.721241330101583,2001.241330101582
48.9,8.713,10.716446596482857,2003.446596482858
48.91,8.706,10.71165186286413,2005.6518628641306
48.92,8.698,10.7068571292454,2008.8571292453992
48.93,8.691,10.702062395626674,2011.0623956266736
48.94,8.684,10.697267662007947,2013.2676620079478
48.95,8.677,10.69250129406795,2015.5012940679508
48.96,8.67,10.687757693768118,2017.757693768118
48.97,8.663,10.683014093468286,2020.0140934682854
48.98,8.656,10.678270493168453,2022.2704931684525
48.99,8.648,10.673526892868617,2025.5268928686173
49.0,8.641,10.668783292568785,2027.7832925687846
49.01,8.634,10.66408069310417,2030.0806931041695
49.02,8.627,10.659388131076172,2032.3881310761712
49.03,8.62,10.654695569048178,2034.6955690481784
49.04,8.613,10.650003007020183,2037.003007020184
49.05,8.606,10.645310444992187,2039.3104449921875
49.06,8.599,10.640620511336861,2041.6205113368608
49.07,8.592,10.635978562521505,2043.978562521504
49.08,8.585,10.631336613706148,2046.3366137061473
49.09,8.578,10.626694664890788,2048.6946648907888
49.1,8.571,10.622052716075432,2051.0527160754323
49.11,8.564,10.617410767260075,2053.4107672600753
49.12,8.557,10.61278404095634,2055.7840409563396
49.13,8.549,10.608192745030317,2059.192745030318
49.14,8.542,10.603601449104298,2061.6014491042984
49.15,8.534,10.59901015317828,2065.01015317828
49.16,8.526,10.594418857252261,2068.4188572522617
49.17,8.519,10.58982756132624,2070.8275613262404
49.18,8.511,10.585263741146312,2074.2637411463124
49.19,8.503,10.580722481043919,2077.722481043919
49.2,8.495,10.576181220941523,2081.181220941524
49.21,8.487,10.57163996083913,2084.6399608391303
49.22,8.48,10.567098700736738,2087.098700736737
49.23,8.472,10.562557440634345,2090.5574406343453
49.24,8.464,10.558056343427596,2094.056343427596
49.25,8.456,10.5535654306262,2097.565430626201
49.26,8.448,10.549074517824806,2101.0745178248058
49.27,8.441,10.544583605023407,2103.583605023406
49.28,8.433,10.54009269222201,2107.092692222011
49.29,8.426,10.535604064577207,2109.604064577207
49.3,8.419,10.531162493974973,2112.1624939749727
49.31,8.411,10.526720923372736,2115.7209233727363
49.32,8.404,10.522279352770502,2118.279352770502
49.33,8.396,10.517837782168268,2121.837782168267
49.34,8.389,10.51339621156603,2124.3962115660315
49.35,8.382,10.508969446942778,2126.9694469427786
49.36,8.374,10.504578081777085,2130.5780817770847
49.37,8.367,10.50018671661139,2133.1867166113893
49.38,8.36,10.495795351445693,2135.795351445694
49.39,8.353,10.491403986279998,2138.403986279998
49.4,8.346,10.487012621114305,2141.0126211143047
49.41,8.339,10.482647567146621,2143.647567146621
49.42,8.333,10.478304612350778,2145.3046123507775
49.43,8.326,10.47396165755494,2147.961657554939
49.44,8.32,10.469618702759101,2149.618702759101
49.45,8.313,10.465275747963258,2152.275747963257
49.46,8.307,10.46093279316742,2153.932793167419
49.47,8.3,10.456629760588177,2156.629760588176
49.48,8.294,10.452337206343497,2158.3372063434963
49.49,8.287,10.448044652098814,2161.0446520988125
49.5,8.281,10.443752097854132,2162.752097854131
49.51,8.274,10.439459543609452,2165.459543609453
49.52,8.268,10.43516890141334,2167.168901413339
49.53,8.261,10.430923332859628,2169.9233328596288
49.54,8.255,10.426677764305918,2171.677764305917
49.55,8.248,10.422432195752206,2174.432195752207
49.56,8.242,10.418186627198493,2176.186627198492
49.57,8.236,10.413941058644781,2177.9410586447802
49.58,8.229,10.409710328001866,2180.710328001867
49.59,8.223,10.405516050278328,2182.516050278327
49.6,8.217,10.401321772554791,2184.3217725547906
49.61,8.21,10.397127494831254,2187.1274948312534
49.62,8.204,10.392933217107718,2188.933217107717
49.63,8.198,10.38873893938418,2190.738939384179
49.64,8.192,10.384568613985527,2192.568613985527
49.65,8.185,10.380418866813917,2195.418866813917
49.66,8.179,10.37626911964231,2197.269119642309
49.67,8.173,10.372119372470697,2199.1193724706973
49.68,8.167,10.36796962529909,2200.96962529909
49.69,8.161,10.36381987812748,2202.81987812748
49.7,8.155,10.35971229724263,2204.7122972426314
49.71,8.149,10.35561616395963,2206.6161639596303
49.72,8.143,10.351520030676628,2208.5200306766274
49.73,8.137,10.347423897393627,2210.4238973936267
49.74,8.132,10.343327764110622,2211.3277641106224
49.75,8.126,10.339233030115059,2213.2330301150596
49.76,8.12,10.335176789701944,2215.1767897019445
49.77,8.114,10.331120549288825,2217.120549288824
49.78,8.109,10.327064308875709,2218.0643088757092
49.79,8.103,10.323008068462594,2220.0080684625937
49.8,8.098,10.31895182804948,2220.951828049479
49.81,8.092,10.314912285022212,2222.912285022211
49.82,8.087,10.31091490628682,2223.9149062868205
49.83,8.081,10.306917527551429,2225.917527551429
49.84,8.076,10.302920148816034,2226.920148816033
49.85,8.07,10.298922770080642,2228.922770080642
49.86,8.065,10.29492539134525,2229.9253913452512
49.87,8.06,10.290944277140973,2230.9442771409726
49.88,8.054,10.286977455493277,2232.977455493277
49.89,8.049,10.283010633845583,2234.0106338455835
49.9,8.044,10.27904381219789,2235.0438121978905
49.91,8.038,10.275076990550197,2237.0769905501966
49.92,8.033,10.271110168902501,2238.1101689025018
49.93,8.028,10.267197909634291,2239.19790963429
49.94,8.023,10.263300962488312,2240.3009624883125
49.95,8.017,10.25940401534233,2242.4040153423307
49.96,8.011,10.255507068196351,2244.507068196352
49.97,8.005,10.251610121050373,2246.610121050372
49.98,8.0,10.247713497362655,2247.7134973626553
49.99,7.994,10.24382753054261,2249.8275305426105
50.0,7.989,10.239941563722567,2250.9415637225675
50.01,7.984,10.236055596902524,2252.055596902524
50.02,7.979,10.23216963008248,2253.169630082479
50.03,7.974,10.228283663262438,2254.283663262438
50.04,7.968,10.224422978484391,2256.422978484391
50.05,7.963,10.220627936780502,2257.6279367805023
50.06,7.958,10.21683289507661,2258.83289507661
50.07,7.953,10.213037853372722,2260.0378533727217
50.08,7.948,10.209242811668831,2261.242811668831
50.09,7.943,10.205447769964941,2262.4477699649415
50.1,7.938,10.201636929233066,2263.6369292330664
50.11,7.934,10.197811888363406,2263.8118883634056
50.12,7.928,10.193986847493745,2265.9868474937452
50.13,7.924,10.190161806624083,2266.1618066240826
50.14,7.919,10.186336765754424,2267.3367657544245
50.15,7.914,10.182511724884764,2268.511724884764
50.16,7.909,10.178780754294223,2269.7807542942232
50.17,7.904,10.175077056167803,2271.0770561678028
50.18,7.899,10.171373358041382,2272.3733580413823
50.19,7.893,10.167669659914964,2274.6696599149636
50.2,7.888,10.163965961788543,2275.965961788543
50.21,7.884,10.160259880880146,2276.2598808801454
50.22,7.88,10.156456233168255,2276.456233168255
50.23,7.875,10.152652585456366,2277.652585456366
50.24,7.87,10.148848937744475,2278.848937744475
50.25,7.865,10.145045290032584,2280.045290032584
50.26,7.861,10.141241642320695,2280.2416423206955
50.27,7.856,10.137472422517035,2281.4724225170357
50.28,7.851,10.133795145756144,2282.7951457561444
50.29,7.847,10.130117868995253,2283.1178689952526
50.3,7.842,10.126440592234362,2284.440592234362
50.31,7.837,10.122763315473467,2285.763315473467
50.32,7.833,10.119086038712576,2286.0860387125754
50.33,7.828,10.115349116128892,2287.349116128891
50.34,7.823,10.111557362782957,2288.5573627829567
50.35,7.819,10.107765609437024,2288.765609437024
50.36,7.814,10.103973856091091,2289.973856091091
50.37,7.81,10.10018210274516,2290.1821027451606
50.38,7.805,10.096390349399224,2291.390349399224
50.39,7.799,10.09269842293208,2293.6984229320806
50.4,7.794,10.089036377845733,2295.036377845734
50.41,7.79,10.085374332759388,2295.374332759388
50.42,7.785,10.081712287673037,2296.712287673037
50.43,7.779,10.078050242586691,2299.0502425866916
50.44,7.774,10.074386980009653,2300.3869800096527
50.45,7.769,10.070658119470934,2301.6581194709343
50.46,7.763,10.066929258932218,2303.929258932218
50.47,7.758,10.063200398393501,2305.2003983935015
50.48,7.753,10.059471537854785,2306.471537854785
50.49,7.749,10.055742677316067,2306.742677316067
50.5,7.744,10.052059782632137,2308.059782632137
50.51,7.739,10.048503196827438,2309.5031968274384
50.52,7.734,10.044946611022736,2310.946611022736
50.53,7.73,10.041390025218037,2311.390025218037
50.54,7.725,10.037833439413339,2312.833439413339
50.55,7.72,10.03427685360864,2314.27685360864
50.56,7.716,10.030677985441619,2314.6779854416186
50.57,7.711,10.027039363690179,2316.0393636901786
50.58,7.706,10.02340074193874,2317.40074193874
50.59,7.702,10.019762120187298,2317.7621201872985
50.6,7.697,10.01612349843586,2319.12349843586
50.61,7.693,10.01248487668442,2319.48487668442
50.62,7.688,10.00896675326128,2320.9667532612802
50.63,7.684,10.005485850165858,2321.4858501658578
50.64,7.679,10.002004947070438,2323.004947070437
50.65,7.673,9.998524043975017,2325.5240439750173
50.66,7.668,9.995043140879597,2327.0431408795966
50.67,7.663,9.991561661788733,2328.5616617887326
50.68,7.659,9.988035057639708,2329.035057639708
50.69,7.655,9.984508453490685,2329.5084534906846
50.7,7.651,9.980981849341658,2329.9818493416583
50.71,7.646,9.977455245192633,2331.4552451926334
50.72,7.641,9.973928641043608,2332.9286410436084
50.73,7.636,9.97045123676043,2334.45123676043
50.74,7.632,9.967112994219075,2335.1129942190755
50.75,7.629,9.963774751677724,2334.774751677724
50.76,7.624,9.960436509136372,2336.436509136372
50.77,7.62,9.957098266595018,2337.0982665950182
50.78,7.615,9.953760024053665,2338.7600240536644
50.79,7.611,9.950379833949691,2339.3798339496916
50.8,7.607,9.946959308126331,2339.959308126331
50.81,7.604,9.94353878230297,2339.538782302969
50.82,7.6,9.94011825647961,2340.1182564796095
50.83,7.596,9.93669773065625,2340.6977306562508
50.84,7.591,9.933277204832887,2342.277204832887
50.85,7.587,9.929974103737813,2342.974103737813
50.86,7.583,9.926708412152296,2343.7084121522958
50.87,7.58,9.92344272056678,2343.4427205667794
50.88,7.576,9.92017702898126,2344.177028981261
50.89,7.571,9.916911337395746,2345.911337395746
50.9,7.567,9.913645351400364,2346.645351400364
50.91,7.562,9.910337513377275,2348.3375133772747
50.92,7.558,9.907029675354185,2349.0296753541847
50.93,7.555,9.903721837331096,2348.721837331096
50.94,7.551,9.900413999308007,2349.413999308007
50.95,7.547,9.897106161284915,2350.1061612849153
50.96,7.542,9.893846828927288,2351.846828927288
50.97,7.538,9.890728776884743,2352.7287768847423
50.98,7.535,9.887610724842197,2352.610724842197
50.99,7.532,9.88449267279965,2352.4926727996503
51.0,7.528,9.881374620757105,2353.3746207571057
51.01,7.524,9.87825656871456,2354.25656871456
51.02,7.52,9.875090607904509,2355.0906079045094
51.03,7.516,9.871877532028872,2355.877532028872
51.04,7.513,9.868664456153237,2355.664456153237
51.05,7.51,9.865451380277602,2355.451380277602
51.06,7.505,9.862238304401963,2357.238304401963
51.07,7.501,9.859025228526328,2358.0252285263273
51.08,7.497,9.855918652878135,2358.9186528781347
51.09,7.494,9.85284705444389,2358.84705444389
51.1,7.491,9.849775456009649,2358.775456009649
51.11,7.488,9.846703857575408,2358.7038575754073
51.12,7.484,9.843632259141165,2359.632259141165
51.13,7.48,9.840560608811426,2360.5606088114255
51.14,7.476,9.837451054493728,2361.4510544937284
51.15,7.473,9.83434150017603,2361.341500176031
51.16,7.47,9.831231945858331,2361.231945858331
51.17,7.467,9.828122391540631,2361.1223915406317
51.18,7.464,9.825012837222932,2361.0128372229315
51.19,7.46,9.82195093028231,2361.9509302823094
51.2,7.456,9.819031993896346,2363.0319938963453
51.21,7.452,9.816113057510384,2364.113057510384
51.22,7.449,9.813194121124424,2364.194121124424
51.23,7.445,9.810275184738462,2365.2751847384616
51.24,7.442,9.807356248352498,2365.356248352498
51.25,7.439,9.804383615087866,2365.3836150878665
51.26,7.435,9.801356974365264,2366.3569743652647
51.27,7.431,9.79833033364266,2367.33033364266
51.28,7.427,9.795303692920058,2368.3036929200584
51.29,7.424,9.792277052197456,2368.2770521974553
51.3,7.42,9.789250411474853,2369.2504114748535
51.31,7.417,9.786319298995476,2369.3192989954764
51.32,7.413,9.783420514495347,2370.420514495347
51.33,7.409,9.78052172999522,2371.52172999522
51.34,7.405,9.777622945495091,2372.622945495091
51.35,7.402,9.774724160994964,2372.7241609949638
51.36,7.398,9.771825376494835,2373.8253764948354
51.37,7.395,9.768894724426655,2373.8947244266556
51.38,7.392,9.765963936314742,2373.963936314742
51.39,7.388,9.763033148202831,2375.0331482028314
51.4,7.384,9.760102360090919,2376.1023600909184
51.41,7.381,9.757171571979008,2376.1715719790077
51.42,7.377,9.75428758170926,2377.2875817092604
51.43,7.374,9.751548317562222,2377.5483175622217
51.44,7.371,9.748809053415185,2377.8090534151843
51.45,7.368,9.746069789268146,2378.069789268146
51.46,7.365,9.743330525121108,2378.3305251211077
51.47,7.361,9.740591260974071,2379.5912609740712
51.48,7.358,9.737795494151094,2379.795494151094
51.49,7.354,9.734941606172997,2380.941606172997
51.5,7.35,9.732087718194903,2382.087718194903
51.51,7.347,9.729233830216808,2382.2338302168077
51.52,7.343,9.726379942238712,2383.3799422387115
51.53,7.339,9.723526054260619,2384.5260542606184
51.54,7.335,9.720761480532447,2385.761480532447
51.55,7.331,9.718028037562577,2387.028037562577
51.56,7.327,9.715294594592706,2388.294594592706
51.57,7.323,9.712561151622834,2389.5611516228337
51.58,7.32,9.709827708652965,2389.8277086529642
51.59,7.317,9.707094265683093,2390.094265683093
51.6,7.313,9.704329524991705,2391.329524991705
51.61,7.31,9.701564472343392,2391.5644723433925
51.62,7.306,9.698799419695078,2392.799419695078
51.63,7.303,9.696034367046764,2393.0343670467637
51.64,7.3,9.69326931439845,2393.2693143984498
51.65,7.296,9.690549807900727,2394.549807900726
51.66,7.293,9.687975543303152,2394.9755433031514
51.67,7.29,9.685401278705575,2395.401278705575
51.68,7.286,9.682827014108,2396.827014108
51.69,7.283,9.680252749510425,2397.252749510424
51.7,7.28,9.677678484912846,2397.6784849128458
51.71,7.277,9.675046572077715,2398.0465720777147
51.72,7.274,9.672354011466599,2398.354011466599
51.73,7.27,9.669661450855482,2399.6614508554826
51.74,7.267,9.666968890244366,2399.968890244366
51.75,7.263,9.66427632963325,2401.2763296332496
51.76,7.26,9.661583769022135,2401.583769022135
51.77,7.256,9.658977461988634,2402.977461988634
51.78,7.253,9.656402106898662,2403.402106898662
51.79,7.249,9.653826751808692,2404.8267518086927
51.8,7.244,9.65125139671872,2407.2513967187206
51.81,7.24,9.648676041628748,2408.6760416287484
51.82,7.236,9.646100686538777,2410.1006865387767
51.83,7.233,9.643493419744042,2410.493419744042
51.84,7.23,9.640885650952573,2410.885650952572
51.85,7.227,9.638277882161107,2411.277882161107
51.86,7.224,9.63567011336964,2411.6701133696397
51.87,7.22,9.633062344578175,2413.062344578175
51.88,7.216,9.630499081681027,2414.4990816810264
51.89,7.213,9.628082236579733,2415.0822365797326
51.9,7.21,9.62566539147844,2415.6653914784406
51.91,7.208,9.623248546377146,2415.2485463771463
51.92,7.205,9.62083170127585,2415.8317012758507
51.93,7.201,9.618414856174558,2417.4148561745587
51.94,7.197,9.615939869550793,2418.939869550793
51.95,7.193,9.61340232469906,2420.4023246990596
51.96,7.19,9.61086477984733,2420.864779847329
51.97,7.187,9.608327234995597,2421.327234995597
51.98,7.184,9.605789690143865,2421.7896901438653
51.99,7.18,9.603252145292132,2423.252145292132
52.0,7.177,9.600798820713937,2423.7988207139374
52.01,7.173,9.598376598831058,2425.3765988310574
52.02,7.17,9.595954376948178,2425.9543769481784
52.03,7.168,9.593532155065299,2425.532155065299
52.04,7.165,9.59110993318242,2426.10993318242
52.05,7.162,9.588687711299542,2426.687711299542
52.06,7.158,9.586234397419245,2428.234397419245
52.07,7.155,9.583780413184282,2428.780413184282
52.08,7.153,9.58132642894932,2428.32642894932
52.09,7.15,9.578872444714355,2428.8724447143545
52.1,7.148,9.576418460479392,2428.4184604793923
52.11,7.145,9.574008174018836,2429.008174018836
52.12,7.142,9.571746276236844,2429.7462762368436
52.13,7.139,9.56948437845485,2430.4843784548502
52.14,7.136,9.567222480672859,2431.2224806728586
52.15,7.134,9.564960582890867,2430.960582890867
52.16,7.132,9.562698685108877,2430.6986851088777
52.17,7.13,9.560378651651146,2430.3786516511454
52.18,7.127,9.557994642057595,2430.9946420575957
52.19,7.124,9.555610632464044,2431.6106324640436
52.2,7.121,9.553226622870492,2432.226622870491
52.21,7.119,9.55084261327694,2431.84261327694
52.22,7.116,9.54845860368339,2432.45860368339
52.23,7.113,9.546157290844752,2433.1572908447515
52.24,7.11,9.543887395940313,2433.8873959403127
52.25,7.107,9.541617501035876,2434.617501035876
52.26,7.104,9.53934760613144,2435.3476061314395
52.27,7.101,9.537077711227,2436.0777112270007
52.28,7.099,9.534807816322564,2435.8078163225637
52.29,7.097,9.532507402550104,2435.507402550104
52.3,7.095,9.530206150814395,2435.2061508143956
52.31,7.092,9.527904899078685,2435.904899078685
52.32,7.089,9.525603647342976,2436.6036473429754
52.33,7.087,9.523302395607267,2436.3023956072675
52.34,7.085,9.521043975776731,2436.0439757767313
52.35,7.084,9.518935771860592,2434.9357718605925
52.36,7.081,9.516827567944453,2435.8275679444528
52.37,7.078,9.514719364028313,2436.7193640283126
52.38,7.075,9.512611160112172,2437.611160112172
52.39,7.073,9.510502956196033,2437.5029561960328
52.4,7.072,9.508336558208903,2436.3365582089027
52.41,7.07,9.506104660146207,2436.1046601462062
52.42,7.068,9.503872762083509,2435.872762083509
52.43,7.065,9.501640864020814,2436.6408640208138
52.44,7.063,9.499408965958118,2436.408965958118
52.45,7.061,9.497177067895421,2436.1770678954217
52.46,7.06,9.495026207230492,2435.026207230492
52.47,7.06,9.492907007785746,2432.9070077857464
52.48,7.058,9.490787808341,2432.7878083410005
52.49,7.056,9.488668608896255,2432.6686088962547
52.5,7.054,9.48654940945151,2432.549409451509
52.51,7.053,9.484430210006765,2431.4302100067657
52.52,7.052,9.48228069035638,2430.2806903563796
52.53,7.051,9.480130157327364,2429.130157327364
52.54,7.05,9.477979624298351,2427.979624298351
52.55,7.047,9.475829091269336,2428.8290912693365
52.56,7.045,9.47367855824032,2428.6785582403195
52.57,7.042,9.471569898366987,2429.5698983669868
52.58,7.041,9.469612994979148,2428.6129949791475
52.59,7.04,9.467656091591309,2427.6560915913087
52.6,7.038,9.46569918820347,2427.6991882034695
52.61,7.036,9.463742284815632,2427.7422848156325
52.62,7.033,9.461785381427793,2428.785381427793
52.63,7.03,9.459770138466709,2429.770138466709
52.64,7.028,9.45768773296168,2429.687732961681
52.65,7.027,9.455605327456652,2428.605327456652
52.66,7.025,9.453522921951624,2428.5229219516236
52.67,7.023,9.451440516446592,2428.4405164465925
52.68,7.02,9.449358110941564,2429.358110941564
52.69,7.018,9.447354943476775,2429.354943476775
52.7,7.016,9.445383601984783,2429.3836019847836
52.71,7.015,9.443412260492794,2428.4122604927943
52.72,7.014,9.441440919000804,2427.440919000804
52.73,7.011,9.439469577508815,2428.469577508815
52.74,7.009,9.437498236016822,2428.4982360168215
52.75,7.006,9.435496342428477,2429.496342428477
52.76,7.005,9.433493243329064,2428.493243329064
52.77,7.003,9.431490144229649,2428.4901442296486
52.78,7.002,9.429487045130236,2427.487045130236
52.79,7.0,9.42748394603082,2427.4839460308203
52.8,6.998,9.425521680749592,2427.5216807495913
52.81,6.995,9.423712441555807,2428.712441555807
52.82,6.993,9.421903202362026,2428.9032023620257
52.83,6.992,9.420093963168243,2428.0939631682436
52.84,6.99,9.41828472397446,2428.2847239744606
52.85,6.988,9.416475484780678,2428.4754847806776
52.86,6.985,9.414607697894127,2429.6076978941264
52.87,6.983,9.412670968023392,2429.670968023392
52.88,6.981,9.410734238152656,2429.7342381526564
52.89,6.979,9.408797508281921,2429.797508281921
52.9,6.978,9.406860778411186,2428.8607784111864
52.91,6.975,9.404924048540453,2429.924048540453
52.92,6.973,9.403064672927728,2430.064672927728
52.93,6.971,9.401237227243689,2430.2372272436887
52.94,6.97,9.39940978155965,2429.4097815596497
52.95,6.968,9.397582335875608,2429.582335875608
52.96,6.966,9.395754890191567,2429.7548901915666
52.97,6.963,9.393927444507527,2430.927444507527
52.98,6.96,9.3920689696327,2432.0689696326995
52.99,6.958,9.390209080960503,2432.2090809605024
53.0,6.956,9.388349192288308,2432.349192288307
53.01,6.954,9.386489303616113,2432.489303616113
53.02,6.951,9.384629414943916,2433.6294149439163
53.03,6.948,9.382809278437403,2434.8092784374026
53.04,6.945,9.381143286158315,2436.1432861583144
53.05,6.943,9.379477293879225,2436.477293879225
53.06,6.942,9.377811301600135,2435.8113016001344
53.07,6.941,9.376145309321045,2435.145309321045
53.08,6.939,9.374479317041956,2435.479317041956
53.09,6.937,9.372754586326513,2435.7545863265127
53.1,6.935,9.370959103858443,2435.959103858443
53.11,6.934,9.369163621390374,2435.163621390374
53.12,6.933,9.367368138922304,2434.368138922304
53.13,6.931,9.365572656454233,2434.5726564542333
53.14,6.929,9.363777173986163,2434.777173986163
53.15,6.927,9.362057181343797,2435.0571813437973
53.16,6.926,9.360369202312238,2434.3692023122385
53.17,6.925,9.35868122328068,2433.68122328068
53.18,6.924,9.356993244249121,2432.9932442491213
53.19,6.922,9.355305265217563,2433.3052652175634
53.2,6.92,9.353617286186005,2433.6172861860045
53.21,6.918,9.351897666816075,2433.8976668160753
53.22,6.917,9.350176410326757,2433.176410326757
53.23,6.916,9.348455153837438,2432.455153837438
53.24,6.916,9.34673389734812,2430.733897348119
53.25,6.913,9.345012640858801,2432.012640858801
53.26,6.912,9.343330035739504,2431.3300357395037
53.27,6.91,9.341802618182752,2431.802618182752
53.28,6.91,9.340275200626003,2430.275200626003
53.29,6.91,9.338747783069252,2428.7477830692515
53.3,6.909,9.3372203655125,2428.220365512501
53.31,6.907,9.33569294795575,2428.6929479557493
53.32,6.906,9.33410665805426,2428.1066580542606
53.33,6.905,9.332447827511883,2427.447827511883
53.34,6.904,9.330788996969503,2426.7889969695025
53.35,6.904,9.329130166427124,2425.130166427124
53.36,6.902,9.327471335884745,2425.471335884745
53.37,6.901,9.325812505342368,2424.8125053423682
53.38,6.9,9.324227364746273,2424.2273647462725
53.39,6.9,9.322674320835793,2422.6743208357925
53.4,6.899,9.321121276925313,2422.1212769253125
53.41,6.898,9.319568233014833,2421.568233014833
53.42,6.897,9.31801518910435,2421.0151891043506
53.43,6.895,9.31646214519387,2421.462145193871
53.44,6.894,9.314876788999479,2420.876788999479
53.45,6.894,9.313289558917715,2419.2895589177147
53.46,6.894,9.31170232883595,2417.7023288359505
53.47,6.894,9.310115098754189,2416.1150987541882
53.48,6.894,9.308527868672424,2414.527868672424
53.49,6.893,9.306978180205991,2413.9781802059915
53.5,6.893,9.305584682031766,2412.584682031766
53.51,6.894,9.304191183857542,2410.191183857542
53.52,6.894,9.302797685683315,2408.7976856833143
53.53,6.894,9.30140418750909,2407.4041875090907
53.54,6.893,9.300010689334865,2407.010689334865
53.55,6.893,9.29855825723142,2405.55825723142
53.56,6.893,9.297031537925623,2404.031537925623
53.57,6.893,9.295504818619825,2402.5048186198255
53.58,6.893,9.29397809931403,2400.9780993140303
53.59,6.893,9.292451380008233,2399.4513800082327
53.6,6.893,9.290924660702435,2397.9246607024356
53.61,6.893,9.289469906672267,2396.469906672267
53.62,6.893,9.288047338120665,2395.047338120665
53.63,6.894,9.28662476956906,2392.6247695690604
53.64,6.893,9.285202201017459,2392.2022010174587
53.65,6.894,9.283779632465857,2389.7796324658566
53.66,6.893,9.282357063914255,2389.357063914255
53.67,6.893,9.280901461395226,2387.9014613952263
53.68,6.892,9.279443734154425,2387.4437341544244
53.69,6.891,9.277986006913624,2386.986006913624
53.7,6.892,9.276528279672823,2384.528279672822
53.71,6.892,9.275070552432021,2383.070552432021
53.72,6.892,9.273649247478197,2381.6492474781967
53.73,6.891,9.272385087849235,2381.3850878492353
53.74,6.89,9.271120928220272,2381.120928220272
53.75,6.89,9.269856768591309,2379.856768591309
53.76,6.89,9.268592608962345,2378.592608962346
53.77,6.89,9.267328449333382,2377.328449333382
53.78,6.89,9.266005358351451,2376.005358351452
53.79,6.889,9.264606269829677,2375.6062698296773
53.8,6.889,9.263207181307903,2374.2071813079033
53.81,6.889,9.261808092786127,2372.8080927861274
53.82,6.89,9.260409004264353,2370.409004264354
53.83,6.889,9.259009915742578,2370.0099157425775
53.84,6.889,9.257681125184469,2368.681125184469
53.85,6.888,9.256384608411249,2368.3846084112492
53.86,6.888,9.25508809163803,2367.0880916380293
53.87,6.888,9.25379157486481,2365.7915748648097
53.88,6.888,9.252495058091588,2364.4950580915884
53.89,6.888,9.25119854131837,2363.19854131837
53.9,6.888,9.249868209939212,2361.868209939212
53.91,6.887,9.248535487134182,2361.535487134183
53.92,6.887,9.247202764329149,2360.2027643291494
53.93,6.888,9.24587004152412,2357.870041524119
53.94,6.888,9.244537318719088,2356.537318719088
53.95,6.888,9.243239885546057,2355.239885546057
53.96,6.887,9.24210048293958,2355.100482939581
53.97,6.887,9.240961080333106,2353.9610803331066
53.98,6.888,9.23982167772663,2351.82167772663
53.99,6.889,9.238682275120153,2349.682275120153
54.0,6.889,9.237542872513677,2348.5428725136767
54.01,6.889,9.236344591947216,2347.344591947215
54.02,6.888,9.235068626045217,2347.0686260452176
54.03,6.888,9.23379266014322,2345.7926601432196
54.04,6.889,9.232516694241221,2343.516694241221
54.05,6.889,9.231240728339225,2342.240728339225
54.06,6.889,9.229964762437225,2340.964762437225
54.07,6.889,9.228757462639239,2339.7574626392384
54.08,6.889,9.227582515534602,2338.5825155346015
54.09,6.889,9.226407568429963,2337.4075684299623
54.1,6.889,9.225232621325326,2336.2326213253255
54.11,6.89,9.224057674220688,2334.0576742206886
54.12,6.891,9.22288272711605,2331.8827271160494
54.13,6.891,9.221673110051563,2330.6731100515635
54.14,6.89,9.220460816412187,2330.4608164121873
54.15,6.891,9.219248522772808,2328.2485227728084
54.16,6.892,9.21803622913343,2326.03622913343
54.17,6.892,9.216823935494052,2324.8239354940515
54.18,6.892,9.215645782207687,2323.645782207687
54.19,6.891,9.214626451681033,2323.626451681033
54.2,6.891,9.21360712115438,2322.6071211543804
54.21,6.891,9.212587790627726,2321.587790627726
54.22,6.892,9.211568460101073,2319.568460101073
54.23,6.892,9.210549129574419,2318.5491295744187
54.24,6.893,9.2094710126771,2316.471012677101
54.25,6.892,9.208313531057797,2316.313531057797
54.26,6.892,9.207156049438495,2315.156049438495
54.27,6.892,9.205998567819194,2313.9985678191933
54.28,6.892,9.20484108619989,2312.8410861998896
54.29,6.893,9.203683604580588,2310.6836045805885
54.3,6.892,9.202593174250287,2310.593174250287
54.31,6.891,9.201535157876714,2310.535157876714
54.32,6.89,9.200477141503141,2310.4771415031414
54.33,6.89,9.199419125129568,2309.4191251295683
54.34,6.89,9.198361108755995,2308.361108755995
54.35,6.891,9.197303092382421,2306.3030923824217
54.36,6.891,9.196209467724364,2305.2094677243635
54.37,6.89,9.195112860504326,2305.112860504326
54.38,6.889,9.194016253284287,2305.016253284287
54.39,6.889,9.192919646064249,2303.919646064249
54.4,6.889,9.19182303884421,2302.8230388442107
54.41,6.89,9.190759404958552,2300.7594049585523
54.42,6.89,9.189855276790139,2299.855276790139
54.43,6.889,9.188951148621726,2299.9511486217257
54.44,6.889,9.188047020453315,2299.0470204533144
54.45,6.889,9.187142892284902,2298.1428922849013
54.46,6.889,9.186238764116489,2297.2387641164883
54.47,6.89,9.185275971531722,2295.275971531722
54.48,6.89,9.184232134299487,2294.232134299487
54.49,6.89,9.18318829706725,2293.1882970672505
54.5,6.889,9.182144459835015,2293.1444598350154
54.51,6.889,9.18110062260278,2292.1006226027803
54.52,6.89,9.180056785370544,2290.0567853705443
54.53,6.891,9.179078390865866,2288.0783908658664
54.54,6.891,9.178132448569915,2287.132448569915
54.55,6.891,9.177186506273966,2286.1865062739657
54.56,6.89,9.176240563978014,2286.240563978015
54.57,6.889,9.175294621682065,2286.2946216820646
54.58,6.889,9.174348679386114,2285.3486793861134
54.59,6.89,9.173366106141032,2283.366106141032
54.6,6.891,9.172380221477228,2281.380221477228
54.61,6.89,9.171394336813423,2281.3943368134233
54.62,6.89,9.17040845214962,2280.4084521496197
54.63,6.889,9.169422567485814,2280.4225674858135
54.64,6.889,9.168468472044536,2279.4684720445357
54.65,6.89,9.167674446381179,2277.674446381179
54.66,6.891,9.16688042071782,2275.8804207178205
54.67,6.892,9.166086395054464,2274.0863950544635
54.68,6.892,9.165292369391105,2273.292369391105
54.69,6.891,9.164498343727749,2273.4983437277483
54.7,6.891,9.163645801421753,2272.645801421753
54.71,6.892,9.162710528790665,2270.7105287906647
54.72,6.892,9.161775256159578,2269.775256159577
54.73,6.892,9.16083998352849,2268.8399835284895
54.74,6.892,9.159904710897402,2267.904710897402
54.75,6.891,9.158969438266315,2267.9694382663147
54.76,6.892,9.158098000237413,2266.098000237412
54.77,6.893,9.157259026273199,2264.2590262731987
54.78,6.894,9.156420052308986,2262.420052308986
54.79,6.894,9.155581078344774,2261.5810783447737
54.8,6.894,9.15474210438056,2260.74210438056
54.81,6.894,9.153903130416348,2259.9031304163473
54.82,6.894,9.153026421906148,2259.026421906148
54.83,6.894,9.152146048599342,2258.1460485993416
54.84,6.895,9.151265675292533,2256.265675292534
54.85,6.895,9.150385301985727,2255.3853019857274
54.86,6.894,9.149504928678919,2255.504928678919
54.87,6.893,9.14865514502675,2255.65514502675
54.88,6.892,9.147965870588148,2255.965870588148
54.89,6.892,9.147276596149549,2255.276596149549
54.9,6.892,9.146587321710948,2254.5873217109474
54.91,6.893,9.145898047272349,2252.898047272349
54.92,6.892,9.14520877283375,2253.2087728337488
54.93,6.891,9.144461152498291,2253.461152498291
54.94,6.89,9.143629107115578,2253.629107115578
54.95,6.889,9.142797061732864,2253.7970617328638
54.96,6.89,9.14196501635015,2251.9650163501506
54.97,6.89,9.141132970967437,2251.1329709674374
54.98,6.889,9.140300925584725,2251.300925584725
54.99,6.888,9.139531103823069,2251.5311038230693
55.0,6.886,9.13879372920377,2252.793729203771
55.01,6.885,9.13805635458447,2253.056354584471
55.02,6.884,9.137318979965173,2253.3189799651723
55.03,6.884,9.136581605345874,2252.581605345874
55.04,6.883,9.135844230726576,2252.844230726576
55.05,6.881,9.135067941459477,2254.0679414594765
55.06,6.88,9.13428760799478,2254.2876079947805
55.07,6.878,9.133507274530084,2255.5072745300836
55.08,6.878,9.132726941065387,2254.726941065387
55.09,6.878,9.131946607600689,2253.946607600689
55.1,6.877,9.131195650708458,2254.195650708458
55.11,6.875,9.13060551318439,2255.60551318439
55.12,6.874,9.130015375660323,2256.015375660323
55.13,6.873,9.129425238136253,2256.425238136253
55.14,6.872,9.128835100612186,2256.8351006121857
55.15,6.872,9.128244963088118,2256.2449630881183
55.16,6.87,9.127596670617645,2257.5966706176455
55.17,6.868,9.126862245816879,2258.8622458168784
55.18,6.867,9.126127821016114,2259.127821016114
55.19,6.866,9.125393396215348,2259.393396215348
55.2,6.866,9.124658971414581,2258.658971414581
55.21,6.865,9.123924546613814,2258.924546613814
55.22,6.864,9.1232507287629,2259.2507287628996
55.23,6.863,9.122609310020351,2259.609310020351
55.24,6.861,9.121967891277801,2260.9678912778018
55.25,6.86,9.121326472535252,2261.3264725352515
55.26,6.859,9.120685053792702,2261.6850537927016
55.27,6.858,9.120043635050152,2262.0436350501523
55.28,6.857,9.11936204909015,2262.3620490901494
55.29,6.856,9.118676012036278,2262.6760120362787
55.3,6.855,9.117989974982406,2262.9899749824053
55.31,6.854,9.117303937928535,2263.3039379285347
55.32,6.853,9.116617900874662,2263.617900874662
55.33,6.852,9.11596001581611,2263.96001581611
55.34,6.852,9.11546312637691,2263.4631263769106
55.35,6.851,9.114966236937711,2263.966236937711
55.36,6.849,9.114469347498511,2265.469347498511
55.37,6.847,9.113972458059314,2266.9724580593133
55.38,6.847,9.113475568620114,2266.4755686201133
55.39,6.847,9.112920732328751,2265.920732328751
55.4,6.848,9.112278039546572,2264.2780395465725
55.41,6.848,9.111635346764391,2263.635346764391
55.42,6.848,9.11099265398221,2262.9926539822104
55.43,6.847,9.110349961200031,2263.3499612000305
55.44,6.848,9.10970726841785,2261.70726841785
55.45,6.849,9.10912355755453,2260.1235575545306
55.46,6.85,9.108572164231001,2258.5721642310014
55.47,6.851,9.108020770907473,2257.020770907473
55.48,6.852,9.107469377583943,2255.4693775839423
55.49,6.852,9.106917984260413,2254.9179842604126
55.5,6.852,9.106366590936885,2254.366590936884
55.51,6.853,9.105773709094079,2252.773709094079
55.52,6.854,9.105175940322596,2251.1759403225956
55.53,6.854,9.104578171551113,2250.578171551113
55.54,6.854,9.10398040277963,2249.98040277963
55.55,6.855,9.103382634008147,2248.382634008147
55.56,6.855,9.10281178333027,2247.8117833302704
55.57,6.854,9.102401966492629,2248.4019664926286
55.58,6.854,9.101992149654988,2247.9921496549878
55.59,6.854,9.101582332817346,2247.5823328173456
55.6,6.854,9.101172515979703,2247.1725159797033
55.61,6.855,9.100762699142063,2245.7626991420625
55.62,6.855,9.100295157614616,2245.295157614615
55.63,6.854,9.099738013795625,2245.7380137956243
55.64,6.854,9.099180869976633,2245.1808699766334
55.65,6.855,9.098623726157642,2243.623726157642
55.66,6.857,9.098066582338651,2241.066582338651
55.67,6.857,9.097509438519658,2240.509438519658
55.68,6.858,9.097009641463401,2239.0096414634017
55.69,6.858,9.096542044749938,2238.5420447499387
55.7,6.859,9.096074448036477,2237.074448036477
55.71,6.86,9.095606851323014,2235.6068513230134
55.72,6.862,9.095139254609553,2233.1392546095526
55.73,6.863,9.09467165789609,2231.671657896089
55.74,6.864,9.094161187511537,2230.161187511537
55.75,6.863,9.093645364182805,2230.6453641828048
55.76,6.864,9.093129540854074,2229.129540854074
55.77,6.864,9.092613717525342,2228.6137175253425
55.78,6.865,9.09209789419661,2227.0978941966105
55.79,6.866,9.091607748290949,2225.6077482909495
55.8,6.867,9.09127853438481,2224.278534384809
55.81,6.867,9.090949320478671,2223.9493204786713
55.82,6.867,9.090620106572532,2223.6201065725318
55.83,6.867,9.090290892666394,2223.2908926663936
55.84,6.868,9.089961678760256,2221.9616787602554
55.85,6.869,9.089574974071198,2220.574974071198
55.86,6.87,9.089096895626177,2219.0968956261772
55.87,6.87,9.088618817181155,2218.618817181155
55.88,6.87,9.088140738736135,2218.1407387361346
55.89,6.871,9.087662660291114,2216.6626602911138
55.9,6.872,9.087184581846094,2215.184581846094
55.91,6.874,9.086762205118639,2212.762205118639
55.92,6.875,9.086371874829586,2211.3718748295864
55.93,6.875,9.085981544540534,2210.981544540534
55.94,6.875,9.085591214251481,2210.5912142514812
55.95,6.875,9.085200883962429,2210.200883962429
55.96,6.877,9.084810553673377,2207.810553673377
55.97,6.878,9.08437590864106,2206.3759086410605
55.98,6.879,9.0839354137211,2204.9354137211008
55.99,6.879,9.08349491880114,2204.4949188011406
56.0,6.88,9.08305442388118,2203.05442388118
56.01,6.88,9.08261392896122,2202.6139289612192
56.02,6.881,9.082197867183273,2201.197867183273
56.03,6.882,9.08194249752346,2199.9424975234606
56.04,6.883,9.081687127863649,2198.687127863649
56.05,6.884,9.081431758203836,2197.4317582038357
56.06,6.885,9.081176388544023,2196.176388544023
56.07,6.885,9.08092101888421,2195.92101888421
56.08,6.886,9.08060840328108,2194.6084032810795
56.09,6.887,9.080202614856146,2193.2026148561467
56.1,6.887,9.079796826431215,2192.7968264312153
56.11,6.888,9.079391038006284,2191.391038006284
56.12,6.888,9.07898524958135,2190.9852495813507
56.13,6.889,9.07857946115642,2189.579461156419
56.14,6.889,9.078227723142545,2189.2277231425446
56.15,6.89,9.07790784184517,2187.9078418451695
56.16,6.89,9.077587960547792,2187.587960547792
56.17,6.891,9.077268079250414,2186.2680792504143
56.18,6.891,9.076948197953037,2185.948197953037
56.19,6.891,9.076628316655661,2185.6283166556614
56.2,6.891,9.0762626362963,2185.262636296301
56.21,6.891,9.075890578275118,2184.8905782751176
56.22,6.891,9.075518520253935,2184.5185202539346
56.23,6.892,9.075146462232752,2183.146462232751
56.24,6.893,9.074774404211569,2181.774404211569
56.25,6.892,9.074425535341183,2182.4255353411822
56.26,6.892,9.074236988739115,2182.236988739114
56.27,6.892,9.074048442137046,2182.048442137046
56.28,6.893,9.07385989553498,2180.8598955349803
56.29,6.894,9.073671348932912,2179.6713489329118
56.3,6.894,9.073482802330844,2179.4828023308437
56.31,6.894,9.073237266925663,2179.2372669256624
56.32,6.893,9.072896733562382,2179.8967335623825
56.33,6.894,9.072556200199102,2178.556200199102
56.34,6.894,9.07221566683582,2178.2156668358202
56.35,6.895,9.07187513347254,2176.8751334725403
56.36,6.895,9.071534600109258,2176.5346001092585
56.37,6.895,9.071246467527049,2176.246467527049
56.38,6.894,9.070989969776708,2176.9899697767078
56.39,6.895,9.070733472026365,2175.7334720263657
56.4,6.896,9.070476974276025,2174.4769742760245
56.41,6.897,9.070220476525682,2173.2204765256815
56.42,6.898,9.06996397877534,2171.96397877534
56.43,6.898,9.06966017325288,2171.6601732528798
56.44,6.897,9.069349432796159,2172.3494327961585
56.45,6.896,9.069038692339436,2173.0386923394367
56.46,6.897,9.068727951882716,2171.7279518827154
56.47,6.898,9.068417211425995,2170.4172114259954
56.48,6.899,9.068128421062548,2169.128421062548
56.49,6.9,9.067999468863874,2167.999468863874
56.5,6.9,9.0678705166652,2167.8705166652003
56.51,6.9,9.067741564466527,2167.741564466526
56.52,6.901,9.067612612267853,2166.612612267853
56.53,6.903,9.067483660069179,2164.4836600691797
56.54,6.904,9.067297992447568,2163.2979924475676
56.55,6.905,9.067015481759292,2162.0154817592916
56.56,6.905,9.066732971071017,2161.7329710710173
56.57,6.905,9.066450460382741,2161.4504603827413
56.58,6.906,9.066167949694465,2160.1679496944657
56.59,6.907,9.065885439006191,2158.885439006191
56.6,6.908,9.065653693966397,2157.653693966396
56.61,6.908,9.065453336806607,2157.453336806607
56.62,6.908,9.06525297964682,2157.2529796468193
56.63,6.908,9.065052622487032,2157.052622487032
56.64,6.909,9.064852265327245,2155.852265327245
56.65,6.91,9.064651908167457,2154.651908167457
56.66,6.911,9.064402735701103,2153.402735701103
56.67,6.911,9.064146044419605,2153.1460444196055
56.68,6.911,9.063889353138109,2152.889353138109
56.69,6.912,9.06363266185661,2151.6326618566104
56.7,6.913,9.063375970575114,2150.375970575114
56.71,6.915,9.063140000519924,2148.1400005199243
56.72,6.917,9.063063294672387,2146.0632946723877
56.73,6.919,9.062986588824852,2143.986588824853
56.74,6.92,9.062909882977317,2142.9098829773175
56.75,6.921,9.062833177129782,2141.833177129782
56.76,6.922,9.062756471282245,2140.756471282246
56.77,6.924,9.062623346220226,2138.623346220226
56.78,6.926,9.062391524363,2136.391524363001
56.79,6.929,9.062159702505776,2133.1597025057754
56.8,6.93,9.06192788064855,2131.927880648551
56.81,6.933,9.061696058791325,2128.6960587913254
56.82,6.934,9.0614642369341,2127.4642369340995
56.83,6.936,9.061281577587875,2125.2815775878753
56.84,6.937,9.061130044890088,2124.1300448900884
56.85,6.938,9.060978512192303,2122.9785121923037
56.86,6.939,9.060826979494516,2121.8269794945163
56.87,6.941,9.060675446796731,2119.675446796731
56.88,6.942,9.060523914098946,2118.5239140989456
56.89,6.944,9.060322091810718,2116.3220918107186
56.9,6.945,9.06011214490203,2115.1121449020297
56.91,6.946,9.05990219799334,2113.9021979933405
56.92,6.948,9.05969225108465,2111.69225108465
56.93,6.949,9.059482304175962,2110.482304175962
56.94,6.951,9.059291865385145,2108.2918653851452
56.95,6.953,9.059260060007352,2106.260060007352
56.96,6.955,9.059228254629561,2104.228254629561
56.97,6.957,9.059196449251768,2102.1964492517686
56.98,6.959,9.059164643873975,2100.164643873976
56.99,6.96,9.059132838496184,2099.1328384961844
57.0,6.962,9.059044941796953,2097.0449417969535
57.01,6.965,9.058856502497497,2093.856502497497
57.02,6.966,9.05866806319804,2092.6680631980394
57.03,6.968,9.058479623898583,2090.4796238985828
57.04,6.969,9.058291184599126,2089.2911845991257
57.05,6.971,9.058102745299669,2087.102745299669
57.06,6.972,9.057961918600979,2085.9619186009786
57.07,6.973,9.057851957295563,2084.8519572955634
57.08,6.975,9.057741995990147,2082.7419959901476
57.09,6.976,9.057632034684731,2081.6320346847315
57.1,6.977,9.057522073379317,2080.522073379317
57.11,6.978,9.057412112073902,2079.412112073902
57.12,6.98,9.057250456900867,2077.2504569008665
57.13,6.98,9.057080055819446,2077.0800558194455
57.14,6.981,9.056909654738025,2075.909654738025
57.15,6.981,9.056739253656604,2075.7392536566035
57.16,6.982,9.056568852575182,2074.568852575182
57.17,6.981,9.056416767690155,2075.4167676901557
57.18,6.982,9.056422668744442,2074.422668744442
57.19,6.983,9.05642856979873,2073.4285697987298
57.2,6.983,9.056434470853016,2073.4344708530166
57.21,6.984,9.056440371907302,2072.4403719073016
57.22,6.984,9.056446272961589,2072.446272961589
57.23,6.985,9.056396452517323,2071.3964525173224
57.24,6.985,9.056244272305618,2071.2442723056174
57.25,6.986,9.056092092093914,2070.0920920939147
57.26,6.986,9.05593991188221,2069.9399118822093
57.27,6.987,9.055787731670506,2068.7877316705058
57.28,6.987,9.055635551458801,2068.635551458801
57.29,6.986,9.055529510103051,2069.5295101030515
57.3,6.986,9.055454089576958,2069.4540895769587
57.31,6.986,9.055378669050864,2069.378669050864
57.32,6.986,9.05530324852477,2069.303248524771
57.33,6.986,9.055227827998678,2069.227827998678
57.34,6.986,9.055152407472585,2069.1524074725853
57.35,6.985,9.055023997279957,2070.0239972799563
57.36,6.985,9.054886212296259,2069.8862122962582
57.37,6.985,9.054748427312559,2069.7484273125583
57.38,6.985,9.054610642328859,2069.6106423288584
57.39,6.985,9.054472857345159,2069.4728573451584
57.4,6.985,9.054352222544857,2069.3522225448564
57.41,6.985,9.054388953627736,2069.388953627736
57.42,6.984,9.054425684710615,2070.4256847106153
57.43,6.984,9.054462415793493,2070.462415793493
57.44,6.983,9.054499146876372,2071.4991468763724
57.45,6.983,9.05453587795925,2071.5358779592502
57.46,6.982,9.054517309593818,2072.5173095938176
57.47,6.98,9.054394615750065,2074.394615750064
57.48,6.979,9.054271921906311,2075.271921906311
57.49,6.979,9.054149228062556,2075.149228062556
57.5,6.98,9.054026534218803,2074.026534218802
57.51,6.98,9.05390384037505,2073.903840375049
57.52,6.979,9.053825909714861,2074.825909714861
57.53,6.977,9.05377838952337,2076.7783895233692
57.54,6.976,9.05373086933188,2077.730869331879
57.55,6.977,9.053683349140387,2076.683349140387
57.56,6.979,9.053635828948895,2074.635828948895
57.57,6.98,9.053588308757403,2073.588308757403
57.58,6.98,9.05348664745537,2073.48664745537
57.59,6.979,9.053374983527542,2074.3749835275416
57.6,6.978,9.053263319599711,2075.263319599712
57.61,6.979,9.053151655671881,2074.1516556718807
57.62,6.98,9.05303999174405,2073.03999174405
57.63,6.981,9.052944341377525,2071.9443413775257
57.64,6.981,9.05300550805852,2072.0055080585203
57.65,6.98,9.053066674739517,2073.0666747395167
57.66,6.98,9.053127841420512,2073.1278414205112
57.67,6.981,9.053189008101509,2072.1890081015085
57.68,6.982,9.053250174782503,2071.250174782503
57.69,6.983,9.053256525119961,2070.256525119961
57.7,6.983,9.053157057885477,2070.1570578854767
57.71,6.982,9.053057590650992,2071.0575906509916
57.72,6.982,9.052958123416508,2070.9581234165075
57.73,6.984,9.052858656182023,2068.858656182023
57.74,6.985,9.052759188947539,2067.7591889475384
57.75,6.986,9.05270322519416,2066.7032251941596
57.76,6.985,9.052677511976029,2067.6775119760287
57.77,6.985,9.052651798757898,2067.6517987578977
57.78,6.984,9.052626085539766,2068.6260855397654
57.79,6.986,9.052600372321635,2066.600372321635
57.8,6.987,9.052574659103504,2065.574659103504
57.81,6.988,9.05249382677506,2064.4938267750586
57.82,6.988,9.05240237356217,2064.40237356217
57.83,6.987,9.05231092034928,2065.3109203492795
57.84,6.987,9.052219467136391,2065.219467136391
57.85,6.989,9.0521280139235,2063.1280139235005
57.86,6.991,9.052051468863272,2061.0514688632725
57.87,6.991,9.052131301836063,2061.1313018360634
57.88,6.992,9.052211134808854,2060.211134808854
57.89,6.992,9.052290967781644,2060.290967781644
57.9,6.992,9.052370800754435,2060.370800754435
57.91,6.994,9.052450633727226,2058.450633727226
57.92,6.995,9.052476200552919,2057.4762005529187
57.93,6.995,9.052394350043375,2057.394350043375
57.94,6.994,9.052312499533832,2058.312499533832
57.95,6.994,9.05223064902429,2058.2306490242904
57.96,6.995,9.052148798514747,2057.1487985147464
57.97,6.997,9.052066948005203,2055.0669480052034
57.98,6.998,9.052027468827507,2054.027468827507
57.99,6.998,9.052018143722918,2054.018143722918
58.0,6.998,9.05200881861833,2054.0088186183293
58.01,6.998,9.05199949351374,2053.99949351374
58.02,7.0,9.051990168409151,2051.9901684091515
58.03,7.001,9.051980843304563,2050.9808433045623
58.04,7.002,9.051915613322198,2049.9156133221977
58.05,7.001,9.05183916124816,2050.8391612481605
58.06,7.0,9.051762709174126,2051.7627091741256
58.07,7.001,9.051686257100089,2050.6862571000884
58.08,7.002,9.051609805026052,2049.609805026052
58.09,7.002,9.051547186950055,2049.547186950055
58.1,7.002,9.051640647366993,2049.640647366993
58.11,7.0,9.051734107783933,2051.734107783933
58.12,7.0,9.05182756820087,2051.8275682008707
58.13,7.001,9.051921028617809,2050.921028617808
58.14,7.002,9.052014489034747,2050.014489034747
58.15,7.002,9.052054303104883,2050.0543031048837
58.16,7.002,9.051985205648979,2049.985205648979
58.17,7.0,9.051916108193076,2051.916108193076
58.18,7.0,9.051847010737173,2051.847010737173
58.19,7.0,9.051777913281269,2051.777913281269
58.2,7.001,9.051708815825366,2050.7088158253655
58.21,7.0,9.051681089215613,2051.681089215613
58.22,7.0,9.051683492246031,2051.683492246031
58.23,6.998,9.05168589527645,2053.685895276449
58.24,6.997,9.051688298306868,2054.6882983068676
58.25,6.999,9.051690701337286,2052.690701337286
58.26,6.999,9.051693104367704,2052.6931043677046
58.27,6.998,9.0516390161689,2053.6390161689005
58.28,6.997,9.051573127487424,2054.5731274874247
58.29,6.997,9.05150723880595,2054.5072388059502
58.3,6.997,9.051441350124474,2054.441350124474
58.31,6.998,9.051375461443,2053.3754614429995
58.32,6.998,9.051322362268047,2053.322362268047
58.33,6.997,9.051425200085129,2054.4252000851293
58.34,6.996,9.051528037902212,2055.528037902212
58.35,6.996,9.051630875719294,2055.6308757192933
58.36,6.996,9.051733713536375,2055.733713536375
58.37,6.997,9.051836551353459,2054.8365513534586
58.38,6.996,9.05188643119913,2055.8864311991288
58.39,6.994,9.051826017859431,2057.8260178594314
58.4,6.994,9.051765604519735,2057.7656045197355
58.41,6.994,9.051705191180037,2057.7051911800377
58.42,6.995,9.05164477784034,2056.644777840339
58.43,6.995,9.051584364500641,2056.584364500641
58.44,6.994,9.05156445024674,2057.5644502467403
58.45,6.992,9.051574717031219,2059.574717031219
58.46,6.992,9.0515849838157,2059.584983815699
58.47,6.993,9.051595250600178,2058.5952506001777
58.48,6.993,9.051605517384658,2058.605517384658
58.49,6.993,9.051615784169137,2058.6157841691365
58.5,6.991,9.051569168732016,2060.569168732016
58.51,6.99,9.051510200915429,2061.5102009154284
58.52,6.989,9.051451233098843,2062.4512330988437
58.53,6.99,9.051392265282256,2061.392265282256
58.54,6.99,9.051333297465671,2061.333297465671
58.55,6.989,9.051286101483946,2062.286101483946
58.56,6.989,9.051394866440509,2062.394866440509
58.57,6.988,9.05150363139707,2063.5036313970695
58.58,6.987,9.051612396353631,2064.612396353631
58.59,6.988,9.051721161310192,2063.721161310192
58.6,6.987,9.051829926266754,2064.8299262667533
58.61,6.986,9.051886486186099,2065.8864861860993
58.62,6.985,9.051831484784953,2066.8314847849533
58.63,6.984,9.051776483383806,2067.776483383806
58.64,6.985,9.05172148198266,2066.7214819826604
58.65,6.985,9.051666480581515,2066.666480581515
58.66,6.984,9.051611479180368,2067.6114791803675
58.67,6.984,9.05159622517908,2067.5962251790806
58.68,6.984,9.0516112789257,2067.6112789257
58.69,6.985,9.05162633267232,2066.62633267232
58.7,6.985,9.05164138641894,2066.6413864189394
58.71,6.984,9.051656440165559,2067.6564401655587
58.72,6.985,9.05167149391218,2066.671493912179
58.73,6.985,9.051629456575807,2066.629456575806
58.74,6.986,9.051574543056502,2065.5745430565016
58.75,6.987,9.051519629537198,2064.519629537198
58.76,6.988,9.051464716017895,2063.4647160178947
58.77,6.988,9.05140980249859,2063.409802498589
58.78,6.988,9.051365666322793,2063.3656663227925
58.79,6.989,9.051477677938394,2062.4776779383938
58.8,6.989,9.051589689553996,2062.5896895539963
58.81,6.99,9.051701701169597,2061.701701169596
58.82,6.991,9.051813712785197,2060.8137127851974
58.83,6.991,9.0519257244008,2060.9257244008
58.84,6.992,9.051986342233688,2059.986342233688
58.85,6.994,9.051934240037049,2057.934240037049
58.86,6.995,9.051882137840412,2056.882137840412
58.87,6.995,9.051830035643773,2056.830035643773
58.88,6.995,9.051777933447134,2056.7779334471343
58.89,6.996,9.051725831250497,2055.725831250497
58.9,6.996,9.051712832215232,2055.7128322152316
58.91,6.997,9.051730338960162,2054.7303389601625
58.92,6.998,9.05174784570509,2053.74784570509
58.93,6.998,9.051765352450019,2053.765352450019
58.94,6.998,9.05178285919495,2053.7828591949487
58.95,6.999,9.051800365939878,2052.800365939878
58.96,6.999,9.05176073494891,2052.760734948911
58.97,6.999,9.051707731774767,2052.7077317747676
58.98,7.0,9.051654728600626,2051.654728600626
58.99,7.0,9.051601725426483,2051.601725426483
59.0,7.001,9.051548722252342,2050.5487222523416
59.01,7.001,9.051505521107392,2050.5055211073923
59.02,7.002,9.051618806810836,2049.6188068108363
59.03,7.003,9.051732092514278,2048.732092514278
59.04,7.004,9.051845378217722,2047.8453782177226
59.05,7.003,9.051958663921166,2048.9586639211657
59.06,7.003,9.05207194962461,2049.0719496246097
59.07,7.004,9.0521347034221,2048.1347034221003
59.08,7.005,9.052083679767355,2047.083679767355
59.09,7.006,9.05203265611261,2046.0326561126099
59.1,7.006,9.051981632457867,2045.981632457867
59.11,7.006,9.051930608803122,2045.930608803122
59.12,7.005,9.051879585148377,2046.8795851483774
59.13,7.006,9.051867112679433,2045.8671126794331
59.14,7.007,9.051885408644514,2044.8854086445144
59.15,7.008,9.051903704609597,2043.9037046095966
59.16,7.008,9.051922000574677,2043.9220005746774
59.17,7.007,9.05194029653976,2044.9402965397603
59.18,7.007,9.051958592504842,2044.9585925048427
59.19,7.008,9.0519198421818,2043.9198421817996
59.2,7.01,9.051867249608454,2041.8672496084546
59.21,7.01,9.051814657035107,2041.8146570351078
59.22,7.01,9.051762064461762,2041.7620644617625
59.23,7.01,9.051709471888415,2041.7094718884155
59.24,7.009,9.051665721192208,2042.6657211922077
59.25,7.01,9.05177893150057,2041.7789315005698
59.26,7.011,9.051892141808931,2040.8921418089312
59.27,7.011,9.052005352117291,2041.005352117291
59.28,7.011,9.052118562425653,2041.1185624256527
59.29,7.012,9.052231772734013,2040.231772734013
59.3,7.012,9.052295354924114,2040.2953549241145
59.31,7.013,9.052244191864226,2039.244191864226
59.32,7.014,9.052193028804338,2038.1930288043372
59.33,7.014,9.05214186574445,2038.141865744449
59.34,7.014,9.05209070268456,2038.090702684559
59.35,7.015,9.052039539624671,2037.0395396246713
59.36,7.015,9.052026451573017,2037.0264515730173
59.37,7.015,9.052044450590797,2037.0444505907974
59.38,7.015,9.052062449608577,2037.0624496085777
59.39,7.016,9.052080448626358,2036.0804486263576
59.4,7.016,9.052098447644136,2036.0984476441358
59.41,7.016,9.052116446661916,2036.1164466619161
59.42,7.016,9.052077602450154,2036.0776024501542
59.43,7.017,9.052024468654592,2035.0244686545916
59.44,7.017,9.051971334859031,2034.9713348590308
59.45,7.017,9.05191820106347,2034.9182010634702
59.46,7.018,9.051865067267908,2033.8650672679082
59.47,7.018,9.051819826613379,2033.8198266133788
59.48,7.018,9.051932134524813,2033.9321345248136
59.49,7.018,9.052044442436246,2034.0444424362465
59.5,7.018,9.05215675034768,2034.1567503476795
59.51,7.018,9.052269058259112,2034.2690582591124
59.52,7.018,9.052381366170545,2034.381366170545
59.53,7.017,9.052444982577619,2035.4449825776185
59.54,7.016,9.052392961468597,2036.3929614685965
59.55,7.016,9.052340940359576,2036.340940359576
59.56,7.015,9.052288919250554,2037.288919250554
59.57,7.016,9.052236898141532,2036.2368981415316
59.58,7.016,9.05218487703251,2036.1848770325093
59.59,7.016,9.05217051363022,2036.1705136302196
59.6,7.015,9.052187601857272,2037.1876018572718
59.61,7.015,9.052204690084324,2037.2046900843238
59.62,7.015,9.052221778311376,2037.221778311376
59.63,7.015,9.052238866538428,2037.238866538428
59.64,7.016,9.05225595476548,2036.2559547654796
59.65,7.015,9.052216487634263,2037.2164876342636
59.66,7.014,9.052162302198864,2038.162302198864
59.67,7.013,9.052108116763463,2039.1081167634634
59.68,7.013,9.052053931328064,2039.0539313280644
59.69,7.013,9.051999745892664,2038.9997458926637
59.7,7.014,9.051952513007713,2037.9525130077125
59.71,7.014,9.052063505209102,2038.0635052091013
59.72,7.013,9.052174497410489,2039.1744974104888
59.73,7.012,9.052285489611878,2040.2854896118781
59.74,7.012,9.052396481813265,2040.3964818132652
59.75,7.013,9.052507474014654,2039.5074740146538
59.76,7.013,9.052570735050445,2039.570735050445
59.77,7.012,9.052517525909979,2040.517525909979
59.78,7.011,9.052464316769512,2041.4643167695124
59.79,7.01,9.052411107629046,2042.4111076290465
59.8,7.009,9.052357898488578,2043.357898488578
59.81,7.009,9.052304689348112,2043.3046893481119
59.82,7.01,9.052288763145794,2042.2887631457947
59.83,7.01,9.052304688370397,2042.304688370397
59.84,7.009,9.052320613594997,2043.3206135949965
59.85,7.009,9.052336538819597,2043.336538819597
59.86,7.009,9.052352464044198,2043.3524640441974
59.87,7.01,9.0523683892688,2042.3683892688
59.88,7.011,9.052328106340392,2041.3281063403917
59.89,7.012,9.052272690353334,2040.2726903533344
59.9,7.012,9.052217274366278,2040.2172743662784
59.91,7.011,9.052161858379222,2041.1618583792217
59.92,7.011,9.052106442392166,2041.1064423921657
59.93,7.013,9.052057043864608,2039.0570438646075
59.94,7.014,9.052166610877647,2038.1666108776467
59.95,7.015,9.052276177890686,2037.2761778906865
59.96,7.015,9.052385744903725,2037.3857449037257
59.97,7.015,9.052495311916765,2037.495311916765
59.98,7.016,9.052604878929804,2036.604878929804
59.99,7.017,9.052667690402222,2035.6676904022218
60.0,7.019,9.052613242407512,2033.6132424075117
60.01,7.021,9.0525587944128,2031.5587944128
60.02,7.022,9.052504346418088,2030.5043464180876
60.03,7.022,9.052449898423378,2030.4498984233774
60.04,7.022,9.052395450428666,2030.3954504286655
60.05,7.023,9.052377938202254,2029.377938202254
60.06,7.025,9.052392701844138,2027.3927018441373
60.07,7.027,9.052407465486022,2025.4074654860217
60.08,7.028,9.052422229127904,2024.4222291279045
60.09,7.028,9.052436992769788,2024.4369927697887
60.1,7.028,9.05245175641167,2024.451756411671
60.11,7.028,9.052410695901258,2024.4106959012588
60.12,7.03,9.052354096849403,2022.3540968494024
60.13,7.031,9.052297497797547,2021.2974977975468
60.14,7.03,9.052240898745692,2022.2408987456922
60.15,7.029,9.052184299693836,2023.1842996938365
60.16,7.029,9.05213278655685,2023.1327865568503
60.17,7.03,9.052241019923631,2022.241019923631
60.18,7.03,9.05234925329041,2022.3492532904102
60.19,7.031,9.052457486657191,2021.4574866571918
60.2,7.032,9.05256572002397,2020.5657200239707
60.21,7.031,9.052673953390752,2021.6739533907519
60.22,7.03,9.05273641484406,2022.7364148440606
60.23,7.03,9.052680855664809,2022.6808556648086
60.24,7.03,9.052625296485555,2022.6252964855548
60.25,7.032,9.052569737306303,2020.569737306303
60.26,7.032,9.05251417812705,2020.5141781270495
60.27,7.033,9.052458618947798,2019.4586189477973
60.28,7.032,9.052439663378044,2020.4396633780436
60.29,7.032,9.052453423178717,2020.4534231787168
60.3,7.032,9.052467182979388,2020.467182979388
60.31,7.033,9.05248094278006,2019.480942780059
60.32,7.034,9.05249470258073,2018.494702580731
60.33,7.034,9.052508462381404,2018.5084623814041
60.34,7.034,9.052466800448151,2018.4668004481514
60.35,7.033,9.052409199476703,2019.4091994767023
60.36,7.034,9.052351598505252,2018.3515985052525
60.37,7.035,9.052293997533804,2017.2939975338036
60.38,7.036,9.052236396562353,2016.2363965623538
60.39,7.036,9.052182952228502,2016.182952228503
60.4,7.035,9.052290055893426,2017.290055893426
60.41,7.034,9.052397159558351,2018.3971595583516
60.42,7.035,9.052504263223275,2017.5042632232748
60.43,7.036,9.052611366888199,2016.611366888199
60.44,7.037,9.052718470553124,2015.7184705531242
60.45,7.037,9.052780788198415,2015.7807881984154
60.46,7.036,9.052724339185037,2016.7243391850373
60.47,7.036,9.05266789017166,2016.667890171661
60.48,7.035,9.052611441158284,2017.6114411582837
60.49,7.035,9.052554992144906,2017.5549921449053
60.5,7.036,9.052498543131529,2016.4985431315295
60.51,7.036,9.052478370880195,2016.4783708801951
60.52,7.036,9.05249136066545,2016.4913606654497
60.53,7.036,9.052504350450702,2016.5043504507025
60.54,7.035,9.052517340235957,2017.5173402359565
60.55,7.035,9.052530330021211,2017.530330021211
60.56,7.036,9.052543319806466,2016.5433198064661
60.57,7.037,9.052501295103758,2015.501295103758
60.58,7.038,9.052442932327788,2014.4429323277873
60.59,7.038,9.052384569551815,2014.3845695518153
60.6,7.038,9.052326206775843,2014.3262067758433
60.61,7.037,9.052267843999871,2015.2678439998715
60.62,7.038,9.052212710152117,2014.2127101521173
60.63,7.039,9.052318930963114,2013.3189309631146
60.64,7.041,9.052425151774113,2011.4251517741125
60.65,7.041,9.05253137258511,2011.5313725851092
60.66,7.04,9.052637593396106,2012.6375933961062
60.67,7.039,9.052743814207105,2013.743814207105
60.68,7.038,9.05280623311621,2014.8062331162091
60.69,7.039,9.052749144543478,2013.7491445434782
60.7,7.04,9.052692055970747,2012.6920559707467
60.71,7.039,9.052634967398015,2013.6349673980155
60.72,7.037,9.052577878825282,2015.5778788252824
60.73,7.036,9.05252079025255,2016.5207902525513
60.74,7.035,9.052499650240343,2017.4996502403424
60.75,7.035,9.052512120269958,2017.5121202699574
60.76,7.036,9.052524590299575,2016.524590299575
60.77,7.035,9.05253706032919,2017.5370603291894
60.78,7.034,9.052549530358807,2018.5495303588068
60.79,7.032,9.052562000388424,2020.5620003884235
60.8,7.031,9.052519859152515,2021.519859152515
60.81,7.032,9.052460979695612,2020.4609796956117
60.82,7.032,9.052402100238709,2020.4021002387087
60.83,7.033,9.052343220781808,2019.343220781807
60.84,7.031,9.052284341324905,2021.284341324905
60.85,7.03,9.052227764391487,2022.227764391487
60.86,7.028,9.052333343508355,2024.3333435083555
60.87,7.029,9.052438922625221,2023.4389226252213
60.88,7.029,9.052544501742087,2023.5445017420873
60.89,7.028,9.052650080858955,2024.6500808589553
60.9,7.027,9.052755659975821,2025.755659975821
60.91,7.026,9.05281841707908,2026.818417079081
60.92,7.024,9.052760924410856,2028.7609244108564
60.93,7.024,9.052703431742634,2028.7034317426337
60.94,7.025,9.052645939074411,2027.6459390744108
60.95,7.025,9.052588446406189,2027.5884464061883
60.96,7.023,9.052530953737966,2029.5309537379662
60.97,7.022,9.05250907618268,2030.50907618268
60.98,7.021,9.052521254291458,2031.5212542914578
60.99,7.021,9.052533432400235,2031.5334324002351
61.0,7.021,9.052545610509013,2031.5456105090127
61.01,7.02,9.05255778861779,2032.5577886177903
61.02,7.019,9.052569966726567,2033.5699667265671
61.03,7.019,9.052527928036248,2033.527928036248
61.04,7.018,9.052468748254395,2034.4687482543948
61.05,7.018,9.05240956847254,2034.4095684725394
61.06,7.017,9.052350388690686,2035.3503886906851
61.07,7.017,9.05229120890883,2035.2912089088297
61.08,7.016,9.052233406567684,2036.2334065676837
61.09,7.016,9.052338550476822,2036.338550476822
61.1,7.016,9.052443694385962,2036.4436943859623
61.11,7.015,9.0525488382951,2037.548838295101
61.12,7.015,9.05265398220424,2037.6539822042394
61.13,7.015,9.05275912611338,2037.7591261133796
61.14,7.016,9.052822422518554,2036.8224225185543
61.15,7.015,9.052764721699825,2037.7647216998253
61.16,7.014,9.052707020881096,2038.7070208810956
61.17,7.014,9.052649320062367,2038.6493200623663
61.18,7.013,9.052591619243637,2039.5916192436375
61.19,7.013,9.052533918424908,2039.5339184249083
61.2,7.015,9.052511492360509,2037.511492360509
61.21,7.016,9.05252356331682,2036.5235633168197
61.22,7.016,9.05253563427313,2036.5356342731307
61.23,7.017,9.052547705229442,2035.5477052294414
61.24,7.017,9.052559776185753,2035.5597761857523
61.25,7.017,9.052571847142064,2035.5718471420632
61.26,7.018,9.052530085432826,2034.5300854328264
61.27,7.019,9.05247077626816,2033.4707762681603
61.28,7.019,9.052411467103495,2033.4114671034947
61.29,7.019,9.052352157938829,2033.352157938829
61.3,7.019,9.052292848774163,2033.2928487741633
61.31,7.019,9.052233993449748,2033.2339934497484
61.32,7.02,9.05233886106119,2032.3388610611896
61.33,7.02,9.05244372867263,2032.4437286726304
61.34,7.021,9.052548596284073,2031.5485962840728
61.35,7.021,9.052653463895513,2031.6534638955136
61.36,7.021,9.052758331506956,2031.758331506956
61.37,7.021,9.052822320531362,2031.8223205313623
61.38,7.021,9.052764558372234,2031.7645583722338
61.39,7.022,9.052706796213105,2030.7067962131048
61.4,7.022,9.052649034053974,2030.6490340539742
61.41,7.023,9.052591271894846,2029.5912718948462
61.42,7.022,9.052533509735717,2030.533509735717
61.43,7.022,9.052510674959217,2030.5106749592169
61.44,7.023,9.052522773815618,2029.522773815618
61.45,7.024,9.05253487267202,2028.5348726720197
61.46,7.024,9.05254697152842,2028.5469715284198
61.47,7.025,9.052559070384822,2027.5590703848216
61.48,7.025,9.052571169241222,2027.571169241222
61.49,7.025,9.052529809760122,2027.5298097601215
61.5,7.025,9.05247049283219,2027.4704928321903
61.51,7.026,9.05241117590426,2026.4111759042596
61.52,7.027,9.052351858976328,2025.351858976328
61.53,7.027,9.052292542048397,2025.2925420483966
61.54,7.028,9.052233225120466,2024.233225120466
61.55,7.028,9.052337458330204,2024.337458330204
61.56,7.028,9.052442159616131,2024.4421596161314
61.57,7.029,9.052546860902057,2023.5468609020568
61.58,7.03,9.052651562187984,2022.651562187984
61.59,7.031,9.05275626347391,2021.7562634739102
61.6,7.031,9.052821049855366,2021.8210498553663
61.61,7.03,9.052763324856448,2022.7633248564478
61.62,7.031,9.052705599857532,2021.7055998575324
61.63,7.031,9.052647874858614,2021.6478748586146
61.64,7.031,9.052590149859697,2021.5901498596968
61.65,7.032,9.052532424860779,2020.5324248607787
61.66,7.032,9.052509273687015,2020.509273687015
61.67,7.031,9.052521488459284,2021.5214884592845
61.68,7.032,9.052533703231553,2020.5337032315533
61.69,7.031,9.052545918003823,2021.5459180038229
61.7,7.03,9.052558132776092,2022.5581327760915
61.71,7.03,9.052570347548361,2022.5703475483608
61.72,7.03,9.052529470196452,2022.529470196452
61.73,7.029,9.052470222059105,2023.470222059105
61.74,7.029,9.052410973921756,2023.4109739217558
61.75,7.029,9.052351725784407,2023.3517257844067
61.76,7.03,9.05229247764706,2022.292477647059
61.77,7.031,9.05223322950971,2021.2332295097103
61.78,7.031,9.052336443086274,2021.3364430862741
61.79,7.03,9.052441044790706,2022.441044790706
61.8,7.03,9.052545646495139,2022.5456464951383
61.81,7.03,9.05265024819957,2022.650248199569
61.82,7.03,9.052754849904002,2022.7548499040013
61.83,7.031,9.052820495785177,2021.8204957851774
61.84,7.031,9.052762865049939,2021.7628650499391
61.85,7.03,9.0527052343147,2022.7052343147002
61.86,7.029,9.05264760357946,2023.6476035794606
61.87,7.03,9.052589972844222,2022.589972844222
61.88,7.031,9.052532342108984,2021.5323421089843
61.89,7.031,9.052508926702007,2021.5089267020073
61.9,7.03,9.052521306197443,2022.5213061974428
61.91,7.03,9.052533685692879,2022.5336856928786
61.92,7.029,9.052546065188315,2023.5460651883147
61.93,7.03,9.05255844468375,2022.5584446837504
61.94,7.03,9.052570824179186,2022.5708241791863
61.95,7.031,9.05253047178103,2021.5304717810295
61.96,7.03,9.05247133240916,2022.4713324091601
61.97,7.029,9.052412193037293,2023.4121930372933
61.98,7.028,9.052353053665424,2024.3530536654246
61.99,7.029,9.052293914293557,2023.293914293557
62.0,7.03,9.052234774921688,2022.2347749216879
62.01,7.031,9.05233700346119,2021.3370034611903
62.02,7.031,9.052441538184453,2021.4415381844537
62.03,7.03,9.052546072907717,2022.5460729077165
62.04,7.03,9.05265060763098,2022.6506076309797
62.05,7.03,9.052755142354242,2022.7551423542413
62.06,7.031,9.052821676431737,2021.8216764317374
62.07,7.032,9.05276416520192,2020.7641652019195
62.08,7.032,9.052706653972102,2020.706653972102
62.09,7.031,9.052649142742284,2021.6491427422848
62.1,7.031,9.052591631512467,2021.591631512467
62.11,7.031,9.052534120282651,2021.5341202826514
62.12,7.031,9.052510462255727,2021.5104622557271
62.13,7.033,9.052523025844064,2019.5230258440633
62.14,7.033,9.052535589432399,2019.5355894323984
62.15,7.032,9.052548153020735,2020.5481530207355
62.16,7.032,9.05256071660907,2020.5607166090704
62.17,7.032,9.052573280197407,2020.5732801974073
62.18,7.032,9.052533468233873,2020.5334682338735
62.19,7.034,9.05247445082305,2018.4744508230503
62.2,7.034,9.052415433412225,2018.4154334122252
62.21,7.033,9.052356416001402,2019.3564160014014
62.22,7.033,9.052297398590579,2019.2973985905783
62.23,7.033,9.052238381179755,2019.238381179755
62.24,7.032,9.052339635028252,2020.3396350282521
62.25,7.034,9.052444111044673,2018.4441110446735
62.26,7.035,9.052548587061096,2017.5485870610962
62.27,7.034,9.05265306307752,2018.6530630775196
62.28,7.033,9.05275753909394,2019.7575390939403
62.29,7.033,9.052824966374228,2019.8249663742276
62.3,7.034,9.052767577801824,2018.7675778018238
62.31,7.035,9.052710189229419,2017.710189229419
62.32,7.036,9.052652800657013,2016.6528006570134
62.33,7.035,9.052595412084608,2017.5954120846081
62.34,7.035,9.052538023512204,2017.5380235122038
62.35,7.034,9.052514123555035,2018.5141235550352
62.36,7.035,9.052526870751343,2017.5268707513433
62.37,7.036,9.05253961794765,2016.5396179476502
62.38,7.036,9.052552365143958,2016.5523651439585
62.39,7.036,9.052565112340265,2016.565112340265
62.4,7.035,9.052577859536571,2017.577859536571
62.41,7.035,9.05253858542282,2017.5385854228196
62.42,7.036,9.052479685634474,2016.479685634474
62.43,7.037,9.052420785846127,2015.4207858461275
62.44,7.039,9.05236188605778,2013.3618860577799
62.45,7.039,9.052302986269433,2013.3029862694336
62.46,7.039,9.052244086481085,2013.2440864810856
62.47,7.04,9.052344360616365,2012.3443606163648
62.48,7.041,9.052448770803183,2011.4487708031827
62.49,7.042,9.052553180990001,2010.5531809900015
62.5,7.043,9.05265759117682,2009.6575911768193
62.51,7.043,9.052762001363638,2009.7620013636374
62.52,7.043,9.05283031196975,2009.8303119697496
62.53,7.044,9.052773035723568,2008.7730357235687
62.54,7.044,9.052715759477389,2008.715759477389
62.55,7.045,9.052658483231209,2007.658483231209
62.56,7.046,9.05260120698503,2006.601206985029
62.57,7.046,9.05254393073885,2006.5439307388492
62.58,7.046,9.052519776982773,2006.5197769827732
62.59,7.046,9.052532695648953,2006.5326956489525
62.6,7.047,9.052545614315132,2005.5456143151328
62.61,7.048,9.052558532981312,2004.5585329813118
62.62,7.049,9.052571451647491,2003.571451647491
62.63,7.049,9.05258437031367,2003.5843703136704
62.64,7.05,9.052545621187223,2002.545621187223
62.65,7.05,9.052486824848703,2002.4868248487032
62.66,7.051,9.052428028510185,2001.4280285101852
62.67,7.053,9.052369232171666,1999.3692321716655
62.68,7.053,9.052310435833146,1999.310435833146
62.69,7.054,9.052251639494626,1998.251639494626
62.7,7.055,9.052350920728134,1997.3509207281345
62.71,7.057,9.052455249801078,1995.4552498010773
62.72,7.057,9.052559578874021,1995.5595788740209
62.73,7.058,9.052663907946963,1994.663907946963
62.74,7.059,9.052768237019906,1993.768237019906
62.75,7.061,9.052837413289062,1991.837413289062
62.76,7.062,9.052780232354088,1990.780232354088
62.77,7.063,9.052723051419116,1989.7230514191167
62.78,7.064,9.052665870484143,1988.6658704841427
62.79,7.064,9.052608689549169,1988.608689549169
62.8,7.066,9.052551508614197,1986.5515086141975
62.81,7.068,9.052527083169494,1984.5270831694943
62.82,7.069,9.052540155839813,1983.5401558398128
62.83,7.07,9.052553228510131,1982.553228510131
62.84,7.071,9.05256630118045,1981.5663011804504
62.85,7.071,9.05257937385077,1981.5793738507707
62.86,7.072,9.05259244652109,1980.5924465210892
62.87,7.075,9.052554205148567,1977.554205148567
62.88,7.076,9.052495494050008,1976.4954940500088
62.89,7.077,9.05243678295145,1975.4367829514497
62.9,7.077,9.05237807185289,1975.3780718528908
62.91,7.077,9.052319360754332,1975.319360754332
62.92,7.079,9.052260649655773,1973.2606496557735
62.93,7.081,9.05235892192158,1971.3589219215803
62.94,7.082,9.052463151743567,1970.4631517435666
62.95,7.082,9.05256738156555,1970.5673815655507
62.96,7.082,9.052671611387536,1970.6716113875364
62.97,7.082,9.052775841209522,1970.7758412095222
62.98,7.084,9.05284586287445,1968.8458628744509
62.99,7.086,9.052788758416417,1966.788758416417
63.0,7.088,9.052731653958382,1964.7316539583821
63.01,7.089,9.052674549500349,1963.6745495003486
63.02,7.09,9.052617445042316,1962.6174450423157
63.03,7.091,9.052560340584282,1961.5603405842821
63.04,7.093,9.05253562416645,1959.5356241664508
63.05,7.096,9.052548832460923,1956.548832460923
63.06,7.097,9.052562040755396,1955.5620407553952
63.07,7.097,9.052575249049868,1955.5752490498674
63.08,7.096,9.052588457344342,1956.588457344342
63.09,7.096,9.052601665638814,1956.6016656388142
63.1,7.097,9.052563914462969,1955.5639144629681
63.11,7.098,9.052505270294997,1954.5052702949972
63.12,7.098,9.052446626127027,1954.4466261270275
63.13,7.098,9.052387981959056,1954.3879819590559
63.14,7.097,9.052329337791086,1955.3293377910857
63.15,7.097,9.052270693623116,1955.270693623116
63.16,7.098,9.052367941468615,1954.3679414686155
63.17,7.099,9.052472054548563,1953.4720545485627
63.18,7.1,9.052576167628509,1952.576167628509
63.19,7.099,9.052680280708454,1953.6802807084541
63.2,7.099,9.052784393788402,1953.7843937884015
63.21,7.1,9.05285524137208,1952.855241372081
63.22,7.101,9.052798195844618,1951.798195844618
63.23,7.102,9.052741150317155,1950.741150317155
63.24,7.103,9.052684104789693,1949.6841047896928
63.25,7.104,9.05262705926223,1948.62705926223
63.26,7.104,9.052570013734767,1948.5700137347671
63.27,7.105,9.052544988578301,1947.5449885783007
63.28,7.106,9.052558315929565,1946.5583159295647
63.29,7.107,9.052571643280826,1945.571643280826
63.3,7.107,9.05258497063209,1945.5849706320896
63.31,7.108,9.052598297983353,1944.5982979833536
63.32,7.108,9.052611625334617,1944.611625334617
63.33,7.108,9.052574348912627,1944.574348912627
63.34,7.109,9.05251575560913,1943.5157556091306
63.35,7.11,9.052457162305636,1942.4571623056356
63.36,7.11,9.052398569002142,1942.3985690021414
63.37,7.111,9.052339975698645,1941.3399756986455
63.38,7.112,9.052281382395151,1940.2813823951508
63.39,7.113,9.052377592969572,1939.3775929695717
63.4,7.113,9.052481574450713,1939.4815744507125
63.41,7.113,9.052585555931854,1939.5855559318536
63.42,7.114,9.052689537412995,1938.6895374129952
63.43,7.115,9.052793518894134,1937.793518894134
63.44,7.116,9.052865175621115,1936.865175621115
63.45,7.116,9.052808174442497,1936.808174442497
63.46,7.116,9.052751173263879,1936.7511732638789
63.47,7.116,9.052694172085259,1936.694172085259
63.48,7.117,9.05263717090664,1935.6371709066407
63.49,7.119,9.052580169728023,1933.5801697280228
63.5,7.12,9.05255482112068,1932.5548211206797
63.51,7.12,9.052568254159938,1932.5682541599383
63.52,7.12,9.052581687199197,1932.581687199197
63.53,7.12,9.052595120238456,1932.5951202384556
63.54,7.121,9.052608553277715,1931.608553277714
63.55,7.123,9.052621986316973,1929.621986316973
63.56,7.124,9.05258517249997,1928.5851724999707
63.57,7.124,9.052526617342167,1928.5266173421674
63.58,7.124,9.052468062184362,1928.4680621843622
63.59,7.124,9.052409507026558,1928.4095070265587
63.6,7.126,9.052350951868753,1926.3509518687529
63.61,7.127,9.05229239671095,1925.29239671095
63.62,7.129,9.052387560614328,1923.3875606143283
63.63,7.129,9.05249139911808,1923.491399118081
63.64,7.129,9.052595237621832,1923.5952376218322
63.65,7.13,9.052699076125583,1922.699076125583
63.66,7.132,9.052802914629336,1920.8029146293359
63.67,7.134,9.0528753672182,1918.8753672181988
63.68,7.136,9.052818399389826,1916.8183993898263
63.69,7.136,9.052761431561452,1916.7614315614517
63.7,7.136,9.052704463733079,1916.7044637330787
63.71,7.137,9.052647495904704,1915.6474959047048
63.72,7.138,9.052590528076331,1914.5905280763316
63.73,7.139,9.052564844882893,1913.5648448828927
63.74,7.14,9.05257837385679,1912.5783738567898
63.75,7.14,9.052591902830686,1912.5919028306866
63.76,7.139,9.052605431804583,1913.6054318045828
63.77,7.14,9.05261896077848,1912.61896077848
63.78,7.141,9.052632489752376,1911.6324897523764
63.79,7.142,9.052596129970123,1910.5961299701225
63.8,7.143,9.052537603817322,1909.5376038173226
63.81,7.142,9.05247907766452,1910.4790776645198
63.82,7.142,9.05242055151172,1910.4205515117192
63.83,7.142,9.052362025358919,1910.3620253589186
63.84,7.143,9.052303499206118,1909.3034992061187
63.85,7.144,9.052397610555484,1908.3976105554843
63.86,7.145,9.052501298240427,1907.5012982404278
63.87,7.145,9.05260498592537,1907.6049859253708
63.88,7.144,9.052708673610313,1908.708673610313
63.89,7.145,9.052812361295254,1907.812361295255
63.9,7.146,9.052885599987535,1906.8855999875352
63.91,7.147,9.05282865800677,1905.8286580067704
63.92,7.148,9.052771716026006,1904.7717160260067
63.93,7.148,9.05271477404524,1904.7147740452406
63.94,7.148,9.052657832064476,1904.6578320644762
63.95,7.149,9.052600890083712,1903.6008900837116
63.96,7.15,9.052574864603962,1902.5748646039613
63.97,7.151,9.052588483163863,1901.588483163863
63.98,7.151,9.052602101723766,1901.6021017237658
63.99,7.151,9.052615720283669,1901.6157202836687
64.0,7.152,9.05262933884357,1900.6293388435695
64.01,7.152,9.052642957403473,1900.6429574034723
64.02,7.152,9.052607046381752,1900.6070463817516
64.03,7.152,9.052548543354742,1900.5485433547422
64.04,7.152,9.052490040327733,1900.4900403277327
64.05,7.153,9.052431537300722,1899.431537300722
64.06,7.154,9.052373034273712,1898.3730342737122
64.07,7.154,9.052314531246703,1898.3145312467027
64.08,7.154,9.052407587268986,1898.4075872689862
64.09,7.153,9.052511119416538,1899.5111194165383
64.1,7.153,9.052614651564088,1899.6146515640885
64.11,7.153,9.05271818371164,1899.7181837116407
64.12,7.153,9.052821715859192,1899.8217158591926
64.13,7.153,9.05289573399112,1899.8957339911203
64.14,7.152,9.05283881335624,1900.8388133562403
64.15,7.152,9.05278189272136,1900.7818927213593
64.16,7.153,9.05272497208648,1899.7249720864806
64.17,7.154,9.052668051451601,1898.668051451601
64.18,7.155,9.052611130816722,1897.6111308167215
64.19,7.155,9.052584758265771,1897.5847582657711
64.2,7.154,9.052598462911073,1898.5984629110728
64.21,7.153,9.052612167556376,1899.612167556376
64.22,7.154,9.052625872201677,1898.625872201677
64.23,7.155,9.052639576846978,1897.6395768469781
64.24,7.156,9.052653281492281,1896.6532814922816
64.25,7.155,9.05261781666883,1897.6178166688298
64.26,7.155,9.052559333548265,1897.5593335482647
64.27,7.156,9.052500850427702,1896.500850427702
64.28,7.156,9.052442367307139,1896.442367307139
64.29,7.157,9.052383884186575,1895.3838841865754
64.3,7.157,9.052325401066012,1895.325401066012
64.31,7.158,9.052417401461147,1894.4174014611467
64.32,7.158,9.052520775832642,1894.5207758326417
64.33,7.158,9.052624150204135,1894.6241502041348
64.34,7.158,9.05272752457563,1894.7275245756296
64.35,7.159,9.052830898947125,1893.830898947125
64.36,7.16,9.052905692303813,1892.9056923038133
64.37,7.161,9.052848790839457,1891.8487908394575
64.38,7.161,9.052791889375102,1891.791889375103
64.39,7.16,9.052734987910746,1892.734987910746
64.4,7.16,9.052678086446392,1892.6780864463915
64.41,7.161,9.052621184982035,1891.6211849820356
64.42,7.162,9.052594462811937,1890.5944628119373
64.43,7.162,9.052608252198448,1890.608252198448
64.44,7.163,9.052622041584959,1889.6220415849587
64.45,7.162,9.05263583097147,1890.6358309714699
64.46,7.162,9.05264962035798,1890.649620357981
64.47,7.162,9.052663409744492,1890.6634097444917
64.48,7.163,9.052628390579628,1889.6283905796274
64.49,7.164,9.052569926111477,1888.5699261114776
64.5,7.165,9.052511461643327,1887.511461643327
64.51,7.165,9.052452997175175,1887.452997175175
64.52,7.165,9.052394532707025,1887.3945327070248
64.53,7.166,9.052336068238874,1886.336068238874
64.54,7.168,9.052427014486947,1884.4270144869463
64.55,7.169,9.052530230626555,1883.5302306265555
64.56,7.17,9.052633446766164,1882.6334467661638
64.57,7.17,9.052736662905772,1882.7366629057724
64.58,7.17,9.052839879045381,1882.8398790453812
64.59,7.171,9.05291544516746,1881.9154451674603
64.6,7.172,9.052858562329124,1880.8585623291244
64.61,7.173,9.05280167949079,1879.8016794907894
64.62,7.173,9.052744796652453,1879.744796652453
64.63,7.173,9.052687913814118,1879.6879138141182
64.64,7.173,9.052631030975782,1879.6310309757819
64.65,7.174,9.052603958188731,1878.603958188731
64.66,7.175,9.052617832444795,1877.6178324447956
64.67,7.176,9.052631706700861,1876.631706700861
64.68,7.177,9.052645580956925,1875.6455809569256
64.69,7.177,9.052659455212991,1875.6594552129916
64.7,7.177,9.052673329469057,1875.6733294690573
64.71,7.177,9.052638756781082,1875.6387567810825
64.72,7.179,9.052580311015117,1873.5803110151164
64.73,7.179,9.052521865249151,1873.5218652491508
64.74,7.179,9.052463419483185,1873.4634194831851
64.75,7.18,9.05240497371722,1872.4049737172202
64.76,7.18,9.052346527951254,1872.3465279512545
64.77,7.181,9.05243642267426,1871.43642267426
64.78,7.182,9.052539481268342,1870.5394812683417
64.79,7.183,9.052642539862424,1869.642539862424
64.8,7.183,9.052745598456504,1869.745598456504
64.81,7.183,9.052848657050586,1869.8486570505856
64.82,7.184,9.052924994600508,1868.9249946005075
64.83,7.184,9.052868130855023,1868.8681308550229
64.84,7.185,9.052811267109538,1867.8112671095387
64.85,7.186,9.052754403364052,1866.7544033640518
64.86,7.186,9.052697539618567,1866.697539618567
64.87,7.186,9.05264067587308,1866.6406758730805
64.88,7.186,9.052613252416762,1866.6132524167622
64.89,7.186,9.052627212550938,1866.627212550938
64.9,7.187,9.052641172685115,1865.6411726851152
64.91,7.187,9.052655132819291,1865.6551328192909
64.92,7.188,9.052669092953467,1864.6690929534673
64.93,7.188,9.052683053087643,1864.683053087643
64.94,7.188,9.052648928487276,1864.6489284872762
64.95,7.187,9.052590502219319,1865.5905022193188
64.96,7.187,9.052532075951362,1865.5320759513615
64.97,7.188,9.052473649683403,1864.4736496834034
64.98,7.188,9.052415223415446,1864.4152234154462
64.99,7.188,9.052356797147489,1864.3567971474893
65.0,7.187,9.052445643584518,1865.4456435845175
65.01,7.185,9.052548545935972,1867.5485459359722
65.02,7.185,9.052651448287424,1867.6514482874245
65.03,7.185,9.052754350638878,1867.7543506388786
65.04,7.185,9.05285725299033,1867.8572529903308
65.05,7.185,9.052934361234508,1867.934361234508
65.06,7.184,9.052877517564417,1868.8775175644166
65.07,7.183,9.052820673894324,1869.820673894324
65.08,7.182,9.052763830224231,1870.7638302242308
65.09,7.182,9.052706986554139,1870.7069865541382
65.1,7.182,9.052650142884048,1870.6501428840472
65.11,7.181,9.052622369172491,1871.622369172491
65.12,7.18,9.052636416610923,1872.6364166109236
65.13,7.179,9.052650464049353,1873.650464049353
65.14,7.18,9.052664511487786,1872.6645114877858
65.15,7.181,9.052678558926218,1871.6785589262174
65.16,7.181,9.052692606364648,1871.6926063646476
65.17,7.182,9.052658931820043,1870.6589318200422
65.18,7.182,9.052600526166735,1870.6005261667347
65.19,7.182,9.052542120513428,1870.542120513427
65.2,7.182,9.052483714860122,1870.4837148601214
65.21,7.182,9.052425309206814,1870.4253092068138
65.22,7.183,9.052366903553507,1869.366903553507
65.23,7.183,9.052454705169897,1869.454705169897
65.24,7.184,9.052557452807617,1868.5574528076172
65.25,7.184,9.05266020044534,1868.6602004453396
65.26,7.183,9.052762948083062,1869.7629480830624
65.27,7.182,9.052865695720785,1870.8656957207843
65.28,7.182,9.05294357414622,1870.9435741462191
65.29,7.182,9.052886751690716,1870.8867516907155
65.3,7.182,9.052829929235212,1870.829929235212
65.31,7.183,9.052773106779709,1869.773106779709
65.32,7.183,9.052716284324205,1869.7162843242054
65.33,7.182,9.0526594618687,1870.6594618686995
65.34,7.182,9.052631338438463,1870.6313384384625
65.35,7.182,9.052645474698053,1870.645474698053
65.36,7.184,9.052659610957644,1868.6596109576437
65.37,7.184,9.052673747217234,1868.6737472172342
65.38,7.183,9.052687883476823,1869.6878834768231
65.39,7.182,9.052702019736413,1870.7020197364131
65.4,7.182,9.0526687972709,1870.6687972709
65.41,7.183,9.052610413377174,1869.6104133771742
65.42,7.184,9.052552029483447,1868.552029483447
65.43,7.184,9.052493645589719,1868.4936455897184
65.44,7.183,9.052435261695992,1869.4352616959923
65.45,7.182,9.052376877802264,1870.3768778022632
65.46,7.182,9.052463638027865,1870.4636380278644
65.47,7.182,9.05256623244602,1870.56623244602
65.48,7.184,9.052668826864176,1868.6688268641758
65.49,7.184,9.052771421282332,1868.7714212823314
65.5,7.183,9.052874015700487,1869.8740157004875
65.51,7.182,9.05295266375985,1870.9526637598497
65.52,7.182,9.052895863582368,1870.8958635823674
65.53,7.183,9.052839063404887,1869.8390634048874
65.54,7.184,9.052782263227405,1868.7822632274047
65.55,7.184,9.052725463049924,1868.7254630499242
65.56,7.183,9.052668662872442,1869.6686628724422
65.57,7.182,9.05264019016271,1870.6401901627103
65.58,7.182,9.052654416646398,1870.6544166463975
65.59,7.183,9.052668643130083,1869.6686431300832
65.6,7.185,9.052682869613768,1867.6828696137688
65.61,7.186,9.052697096097454,1866.6970960974538
65.62,7.186,9.05271132258114,1866.7113225811408
65.63,7.185,9.05267855408808,1867.678554088081
65.64,7.184,9.05262019295049,1868.6201929504903
65.65,7.184,9.0525618318129,1868.5618318129
65.66,7.185,9.05250347067531,1867.5034706753104
65.67,7.186,9.05244510953772,1866.4451095377199
65.68,7.185,9.05238674840013,1867.38674840013
65.69,7.184,9.052472470477397,1868.472470477397
65.7,7.182,9.052574912984793,1870.5749129847932
65.71,7.183,9.052677355492188,1869.6773554921879
65.72,7.184,9.052779797999582,1868.779797999582
65.73,7.185,9.052882240506976,1867.8822405069768
65.74,7.186,9.052961657472208,1866.9616574722081
65.75,7.186,9.05290488043261,1866.9048804326103
65.76,7.186,9.052848103393012,1866.8481033930125
65.77,7.187,9.052791326353413,1865.7913263534124
65.78,7.19,9.052734549313815,1862.7345493138146
65.79,7.192,9.052677772274217,1860.677772274217
65.8,7.193,9.05264895050831,1859.6489505083102
65.81,7.192,9.052663268398721,1860.6632683987207
65.82,7.192,9.052677586289132,1860.6775862891318
65.83,7.194,9.052691904179545,1858.691904179545
65.84,7.196,9.052706222069956,1856.706222069956
65.85,7.198,9.052720539960367,1854.7205399603665
65.86,7.199,9.052688227110929,1853.6882271109291
65.87,7.199,9.052629889492115,1853.6298894921154
65.88,7.199,9.052571551873301,1853.5715518733014
65.89,7.201,9.052513214254487,1851.5132142544876
65.9,7.203,9.052454876635673,1849.4548766356731
65.91,7.206,9.05239653901686,1846.3965390168592
65.92,7.207,9.052481225933317,1845.4812259333169
65.93,7.207,9.05258351758715,1845.5835175871505
65.94,7.207,9.052685809240984,1845.685809240984
65.95,7.209,9.052788100894817,1843.7881008948177
65.96,7.211,9.052890392548651,1841.8903925486507
65.97,7.213,9.052970577447434,1839.970577447434
65.98,7.214,9.05291382415241,1838.9138241524101
65.99,7.214,9.052857070857387,1838.8570708573866
66.0,7.214,9.052800317562363,1838.800317562363
66.01,7.215,9.05274356426734,1837.7435642673402
66.02,7.217,9.052686810972316,1835.6868109723168
66.03,7.218,9.05265764011429,1834.6576401142904
66.04,7.219,9.05267205033922,1833.6720503392198
66.05,7.219,9.052686460564148,1833.6864605641479
66.06,7.219,9.052700870789078,1833.7008707890777
66.07,7.219,9.052715281014008,1833.7152810140074
66.08,7.22,9.052729691238936,1832.7296912389359
66.09,7.221,9.052697835456653,1831.6978354566534
66.1,7.221,9.052639521864615,1831.6395218646146
66.11,7.221,9.052581208272578,1831.5812082725777
66.12,7.22,9.05252289468054,1832.5228946805394
66.13,7.22,9.052464581088502,1832.4645810885024
66.14,7.22,9.052406267496464,1832.406267496464
66.15,7.221,9.052489921975758,1831.4899219757574
66.16,7.221,9.052592063573757,1831.5920635737566
66.17,7.221,9.052694205171754,1831.694205171754
66.18,7.221,9.052796346769753,1831.7963467697532
66.19,7.222,9.052898488367752,1830.898488367752
66.2,7.223,9.052979439977129,1829.9794399771292
66.21,7.223,9.052922710783195,1829.9227107831948
66.22,7.223,9.052865981589258,1829.8659815892586
66.23,7.222,9.052809252395324,1830.8092523953237
66.24,7.222,9.052752523201388,1830.7525232013875
66.25,7.223,9.052695794007454,1829.6957940074537
66.26,7.223,9.05266627376872,1829.6662737687202
66.27,7.223,9.052680777013476,1829.6807770134765
66.28,7.223,9.052695280258233,1829.6952802582327
66.29,7.222,9.052709783502989,1830.7097835029883
66.3,7.222,9.052724286747745,1830.7242867477446
66.31,7.223,9.052738789992501,1829.7387899925016
66.32,7.224,9.05270739247062,1828.7073924706192
66.33,7.225,9.052649103178991,1827.6491031789917
66.34,7.225,9.052590813887363,1827.5908138873635
66.35,7.224,9.052532524595737,1828.5325245957367
66.36,7.223,9.052474235304109,1829.474235304109
66.37,7.224,9.05241594601248,1828.4159460124804
66.38,7.225,9.052498570541262,1827.4985705412626
66.39,7.225,9.052600562649356,1827.6005626493568
66.4,7.224,9.05270255475745,1828.7025547574506
66.41,7.223,9.052804546865545,1829.804546865545
66.42,7.222,9.05290653897364,1830.9065389736388
66.43,7.223,9.052988255848254,1829.9882558482539
66.44,7.223,9.052931550895465,1829.9315508954655
66.45,7.224,9.052874845942679,1828.8748459426783
66.46,7.223,9.05281814098989,1829.8181409898905
66.47,7.221,9.052761436037102,1831.7614360371017
66.48,7.221,9.052704731084313,1831.7047310843134
66.49,7.222,9.05267486095899,1830.6748609589904
66.5,7.223,9.052689457704938,1829.6894577049381
66.51,7.224,9.052704054450885,1828.7040544508848
66.52,7.223,9.05271865119683,1829.7186511968305
66.53,7.222,9.052733247942777,1830.7332479427769
66.54,7.221,9.052747844688724,1831.7478446887244
66.55,7.222,9.052716906430675,1830.7169064306743
66.56,7.223,9.05265864152066,1829.65864152066
66.57,7.223,9.052600376610645,1829.600376610645
66.58,7.222,9.05254211170063,1830.5421117006294
66.59,7.221,9.052483846790615,1831.483846790615
66.6,7.22,9.0524255818806,1832.4255818806002
66.61,7.221,9.052507178753238,1831.5071787532381
66.62,7.223,9.052609021750735,1829.609021750735
66.63,7.224,9.052710864748233,1828.710864748233
66.64,7.225,9.05281270774573,1827.8127077457302
66.65,7.224,9.052914550743228,1828.9145507432281
66.66,7.224,9.052997031260446,1828.997031260446
66.67,7.226,9.052940350520005,1826.9403505200055
66.68,7.228,9.052883669779565,1824.883669779565
66.69,7.229,9.052826989039124,1823.8269890391239
66.7,7.23,9.052770308298681,1822.7703082986811
66.71,7.229,9.05271362755824,1823.7136275582407
66.72,7.23,9.052683406871036,1822.683406871036
66.73,7.231,9.0526980974447,1821.6980974447008
66.74,7.232,9.052712788018365,1820.7127880183646
66.75,7.233,9.05272747859203,1819.7274785920313
66.76,7.233,9.052742169165695,1819.7421691656955
66.77,7.233,9.05275685973936,1819.7568597393597
66.78,7.233,9.052726381607794,1819.7263816077943
66.79,7.234,9.052668141017557,1818.6681410175574
66.8,7.235,9.052609900427322,1817.6099004273221
66.81,7.236,9.052551659837087,1816.5516598370878
66.82,7.236,9.052493419246852,1816.4934192468527
66.83,7.236,9.052435178656618,1816.4351786566178
66.84,7.237,9.05251575002478,1815.5157500247797
66.85,7.239,9.052617444154123,1813.6174441541232
66.86,7.239,9.052719138283468,1813.719138283468
66.87,7.239,9.052820832412811,1813.8208324128113
66.88,7.239,9.052922526542156,1813.9225265421564
66.89,7.239,9.05300576895143,1814.0057689514294
66.9,7.24,9.052949112275403,1812.949112275403
66.91,7.241,9.052892455599377,1811.8924555993772
66.92,7.242,9.052835798923349,1810.8357989233489
66.93,7.242,9.052779142247322,1810.7791422473224
66.94,7.242,9.052722485571296,1810.7224855712961
66.95,7.242,9.052691913526692,1810.691913526692
66.96,7.243,9.052706698148876,1809.7066981488758
66.97,7.244,9.052721482771062,1808.7214827710625
66.98,7.245,9.052736267393247,1807.7362673932464
66.99,7.245,9.052751052015433,1807.7510520154326
67.0,7.244,9.052765836637617,1808.7658366376172
67.01,7.244,9.052735819402265,1808.7358194022656
67.02,7.245,9.05267760297445,1807.6776029744499
67.03,7.246,9.052619386546635,1806.6193865466341
67.04,7.247,9.05256117011882,1805.5611701188195
67.05,7.247,9.052502953691004,1805.5029536910042
67.06,7.247,9.052444737263189,1805.4447372631887
67.07,7.246,9.052524285182026,1806.524285182025
67.08,7.246,9.052625830594932,1806.6258305949318
67.09,7.247,9.052727376007839,1805.7273760078392
67.1,7.248,9.052828921420746,1804.8289214207455
67.11,7.247,9.052930466833653,1805.9304668336526
67.12,7.246,9.05301446930208,1807.0144693020804
67.13,7.246,9.052957836468051,1806.957836468051
67.14,7.247,9.052901203634022,1805.901203634022
67.15,7.248,9.052844570799992,1804.8445707999922
67.16,7.25,9.052787937965963,1802.787937965963
67.17,7.251,9.052731305131932,1801.7313051319315
67.18,7.25,9.052700380857889,1802.700380857889
67.19,7.25,9.052715259686542,1802.7152596865417
67.2,7.25,9.052730138515193,1802.7301385151925
67.21,7.251,9.052745017343845,1801.745017343845
67.22,7.252,9.052759896172496,1800.7598961724964
67.23,7.253,9.052774775001149,1799.7747750011488
67.24,7.253,9.052745219379922,1799.745219379922
67.25,7.253,9.05268702690198,1799.6870269019798
67.26,7.253,9.052628834424038,1799.6288344240377
67.27,7.254,9.052570641946096,1798.570641946096
67.28,7.255,9.052512449468153,1797.5124494681536
67.29,7.256,9.052454256990211,1796.4542569902112
67.3,7.255,9.052532783456677,1797.5327834566767
67.31,7.254,9.052634180252245,1798.634180252245
67.32,7.254,9.052735577047814,1798.7355770478146
67.33,7.256,9.052836973843384,1796.8369738433835
67.34,7.257,9.052938370638953,1795.9383706389538
67.35,7.258,9.05302313128881,1795.0231312888104
67.36,7.257,9.052966522035828,1795.966522035828
67.37,7.257,9.052909912782843,1795.909912782843
67.38,7.257,9.05285330352986,1795.85330352986
67.39,7.258,9.052796694276877,1794.7966942768767
67.4,7.26,9.052740085023892,1792.740085023892
67.41,7.26,9.052708807606752,1792.7088076067523
67.42,7.26,9.052723780770675,1792.7237807706754
67.43,7.259,9.052738753934596,1793.738753934596
67.44,7.259,9.05275372709852,1793.753727098519
67.45,7.26,9.05276870026244,1792.7687002624407
67.46,7.262,9.052783673426362,1790.783673426362
67.47,7.262,9.052754580117229,1790.7545801172296
67.48,7.262,9.052696411352379,1790.6964113523793
67.49,7.261,9.052638242587529,1791.6382425875286
67.5,7.261,9.052580073822678,1791.5800738226783
67.51,7.262,9.052521905057828,1790.5219050578287
67.52,7.263,9.052463736292978,1789.4637362929782
67.53,7.264,9.052541243274646,1788.5412432746461
67.54,7.264,9.05264249152787,1788.6424915278694
67.55,7.263,9.052743739781093,1789.743739781093
67.56,7.263,9.052844988034316,1789.8449880343162
67.57,7.264,9.05294623628754,1788.946236287539
67.58,7.265,9.053031753224237,1788.0317532242377
67.59,7.266,9.05297516727904,1786.9751672790403
67.6,7.266,9.052918581333843,1786.9185813338433
67.61,7.265,9.052861995388644,1787.8619953886448
67.62,7.265,9.052805409443447,1787.8054094434476
67.63,7.265,9.05274882349825,1787.7488234982507
67.64,7.267,9.05271719200798,1785.7171920079802
67.65,7.268,9.052732259630856,1784.7322596308563
67.66,7.268,9.05274732725373,1784.7473272537302
67.67,7.268,9.052762394876606,1784.7623948766059
67.68,7.267,9.052777462499481,1785.7774624994809
67.69,7.267,9.052792530122357,1785.7925301223565
67.7,7.268,9.05276389982573,1784.7638998257294
67.71,7.27,9.052705754534413,1782.7057545344137
67.72,7.27,9.052647609243097,1782.6476092430976
67.73,7.27,9.052589463951781,1782.5894639517817
67.74,7.269,9.052531318660465,1783.531318660465
67.75,7.269,9.05247317336915,1783.4731733691492
67.76,7.27,9.052549662823774,1782.549662823774
67.77,7.27,9.052650762604747,1782.6507626047476
67.78,7.27,9.052751862385719,1782.7518623857195
67.79,7.269,9.05285296216669,1783.8529621666908
67.8,7.268,9.052954061947664,1784.9540619476647
67.81,7.267,9.0530403332785,1786.0403332784988
67.82,7.268,9.052983770372656,1784.983770372656
67.83,7.268,9.052927207466812,1784.9272074668124
67.84,7.269,9.052870644560969,1783.8706445609685
67.85,7.268,9.052814081655125,1784.8140816551252
67.86,7.267,9.052757518749283,1785.757518749283
67.87,7.266,9.0527255322558,1786.7255322557992
67.88,7.266,9.05274069447143,1786.7406944714296
67.89,7.267,9.052755856687059,1785.7558566870582
67.9,7.267,9.052771018902689,1785.7710189026886
67.91,7.267,9.05278618111832,1785.7861811183193
67.92,7.266,9.052801343333948,1786.8013433339484
67.93,7.264,9.052773176766609,1788.7731767666085
67.94,7.264,9.052715054719611,1788.7150547196109
67.95,7.265,9.052656932672615,1787.6569326726158
67.96,7.266,9.052598810625618,1786.598810625618
67.97,7.266,9.05254068857862,1786.5406885786203
67.98,7.265,9.052482566531623,1787.4825665316232
67.99,7.264,9.052558040418736,1788.558040418736
68.0,7.263,9.052658991803915,1789.6589918039147
68.01,7.263,9.052759943189093,1789.759943189093
68.02,7.263,9.05286089457427,1789.8608945742699
68.03,7.261,9.052961845959448,1791.961845959448
68.04,7.26,9.053048869804497,1793.0488698044976
68.05,7.259,9.05299232968398,1793.992329683979
68.06,7.258,9.05293578956346,1794.9357895634596
68.07,7.259,9.05287924944294,1793.8792494429397
68.08,7.26,9.052822709322422,1792.8227093224223
68.09,7.261,9.052766169201902,1791.7661692019021
68.1,7.261,9.052733826784038,1791.7338267840385
68.11,7.26,9.052749083744464,1792.7490837444643
68.12,7.259,9.05276434070489,1793.7643407048895
68.13,7.26,9.052779597665316,1792.7795976653158
68.14,7.261,9.052794854625741,1791.7948546257412
68.15,7.262,9.052810111586167,1790.8101115861675
68.16,7.261,9.052782409488442,1791.7824094884418
68.17,7.261,9.052724310473396,1791.7243104733957
68.18,7.261,9.05266621145835,1791.6662114583496
68.19,7.262,9.052608112443304,1790.6081124433042
68.2,7.264,9.05255001342826,1788.5500134282593
68.21,7.265,9.052491914413213,1787.4919144132139
68.22,7.264,9.052566374699577,1788.5663746995765
68.23,7.263,9.05266717777691,1789.6671777769093
68.24,7.263,9.052767980854242,1789.7679808542416
68.25,7.263,9.052868783931574,1789.8687839315742
68.26,7.264,9.052969587008906,1788.9695870089063
68.27,7.266,9.053057361505873,1787.0573615058731
68.28,7.265,9.05300084393494,1788.0008439349408
68.29,7.264,9.05294432636401,1788.9443263640094
68.3,7.263,9.052887808793077,1789.8878087930773
68.31,7.263,9.052831291222146,1789.8312912221463
68.32,7.264,9.052774773651214,1788.7747736512133
68.33,7.265,9.05274207440019,1787.7420744001897
68.34,7.265,9.052757426278577,1787.757426278577
68.35,7.264,9.052772778156962,1788.7727781569617
68.36,7.263,9.05278813003535,1789.7881300353492
68.37,7.263,9.052803481913735,1789.8034819137347
68.38,7.264,9.052818833792122,1788.8188337921215
68.39,7.265,9.052791596930154,1787.7915969301546
68.4,7.265,9.052733520753321,1787.7335207533215
68.41,7.264,9.052675444576487,1788.6754445764864
68.42,7.263,9.052617368399654,1789.6173683996537
68.43,7.262,9.052559292222819,1790.5592922228193
68.44,7.263,9.052501216045986,1789.501216045986
68.45,7.264,9.052574664706727,1788.5746647067267
68.46,7.264,9.052675319576515,1788.675319576515
68.47,7.263,9.052775974446304,1789.7759744463037
68.48,7.262,9.052876629316094,1790.8766293160943
68.49,7.262,9.052977284185882,1790.9772841858826
68.5,7.263,9.053065807490736,1790.0658074907358
68.51,7.264,9.053009312251975,1789.0093122519745
68.52,7.265,9.052952817013216,1787.952817013216
68.53,7.265,9.052896321774456,1787.8963217744567
68.54,7.265,9.052839826535697,1787.8398265356975
68.55,7.265,9.052783331296936,1787.7833312969367
68.56,7.265,9.052750274316134,1787.7502743161342
68.57,7.266,9.052765721306208,1786.7657213062084
68.58,7.266,9.052781168296285,1786.781168296285
68.59,7.266,9.052796615286361,1786.7966152863612
68.6,7.266,9.052812062276438,1786.8120622764377
68.61,7.266,9.052827509266514,1786.827509266514
68.62,7.266,9.052800738431367,1786.800738431367
68.63,7.267,9.052742684916382,1785.7426849163812
68.64,7.266,9.052684631401396,1786.6846314013962
68.65,7.265,9.05262657788641,1787.626577886411
68.66,7.264,9.052568524371425,1788.5685243714252
68.67,7.264,9.05251047085644,1788.5104708564397
68.68,7.264,9.052582909873507,1788.582909873507
68.69,7.264,9.052683416646628,1788.683416646628
68.7,7.264,9.052783923419751,1788.7839234197509
68.71,7.263,9.052884430192872,1789.8844301928723
68.72,7.263,9.052984936965993,1789.9849369659933
68.73,7.262,9.053074207251028,1791.074207251028
68.74,7.262,9.053017734143094,1791.017734143094
68.75,7.262,9.05296126103516,1790.9612610351599
68.76,7.262,9.052904787927226,1790.904787927226
68.77,7.262,9.052848314819292,1790.848314819292
68.78,7.262,9.052791841711358,1790.791841711358
68.79,7.262,9.052758426113925,1790.7584261139257
68.8,7.262,9.052773968427465,1790.773968427465
68.81,7.263,9.052789510741004,1789.789510741004
68.82,7.263,9.052805053054543,1789.8050530545434
68.83,7.263,9.052820595368082,1789.8205953680826
68.84,7.263,9.052836137681622,1789.836137681622
68.85,7.263,9.052809833686624,1789.8098336866237
68.86,7.263,9.052751802671622,1789.7518026716223
68.87,7.263,9.052693771656623,1789.6937716566229
68.88,7.264,9.052635740641623,1788.635740641623
68.89,7.264,9.052577709626624,1788.5777096266233
68.9,7.263,9.052519678611624,1789.5196786116242
68.91,7.263,9.052591109970878,1789.5911099708783
68.92,7.263,9.052691468765673,1789.6914687656729
68.93,7.264,9.052791827560469,1788.7918275604688
68.94,7.265,9.052892186355264,1787.892186355264
68.95,7.265,9.05299254515006,1787.9925451500603
68.96,7.265,9.053082560600645,1788.0825606006451
68.97,7.264,9.053026109434937,1789.0261094349364
68.98,7.265,9.05296965826923,1787.9696582692306
68.99,7.265,9.052913207103524,1787.9132071035242
69.0,7.266,9.052856755937816,1786.8567559378157
69.01,7.267,9.05280030477211,1785.800304772109
69.02,7.269,9.052766529677603,1783.766529677603
69.03,7.269,9.052782167541082,1783.782167541082
69.04,7.269,9.052797805404563,1783.7978054045625
69.05,7.268,9.052813443268041,1784.8134432680415
69.06,7.268,9.052829081131522,1784.8290811315221
69.07,7.268,9.052844718995,1784.844718995001
69.08,7.269,9.052818882672405,1783.8188826724047
69.09,7.271,9.05276087400655,1781.76087400655
69.1,7.271,9.052702865340695,1781.7028653406953
69.11,7.27,9.05264485667484,1782.6448566748406
69.12,7.271,9.052586848008984,1781.586848008984
69.13,7.271,9.052528839343129,1781.528839343129
69.14,7.272,9.052599265030999,1780.5992650309986
69.15,7.273,9.052699475969776,1779.6994759697764
69.16,7.273,9.052799686908555,1779.7996869085555
69.17,7.272,9.052899897847333,1780.8998978473323
69.18,7.272,9.05300010878611,1781.0001087861096
69.19,7.272,9.053090867597072,1781.0908675970722
69.2,7.273,9.053034438194214,1780.0344381942139
69.21,7.274,9.052978008791353,1778.978008791353
69.22,7.275,9.052921579388492,1777.9215793884919
69.23,7.274,9.052865149985633,1778.8651499856335
69.24,7.274,9.052808720582773,1778.8087205827728
69.25,7.274,9.052774585113612,1778.7745851136121
69.26,7.275,9.052790318764819,1777.7903187648185
69.27,7.276,9.052806052416024,1776.8060524160242
69.28,7.276,9.052821786067229,1776.8217860672291
69.29,7.275,9.052837519718436,1777.8375197184353
69.3,7.275,9.05285325336964,1777.8532533696402
69.31,7.275,9.052827885567323,1777.827885567323
69.32,7.275,9.052769899107409,1777.7698991074083
69.33,7.276,9.052711912647494,1776.7119126474943
69.34,7.276,9.05265392618758,1776.6539261875796
69.35,7.276,9.052595939727665,1776.595939727665
69.36,7.275,9.05253795326775,1777.5379532677498
69.37,7.274,9.052607375268092,1778.6073752680923
69.38,7.275,9.052707438473842,1777.7074384738416
69.39,7.277,9.052807501679592,1775.8075016795915
69.4,7.277,9.05290756488534,1775.9075648853395
69.41,7.277,9.05300762809109,1776.0076280910891
69.42,7.276,9.053099128463314,1777.0991284633144
69.43,7.276,9.053042720649934,1777.0427206499342
69.44,7.277,9.052986312836554,1775.9863128365537
69.45,7.278,9.052929905023174,1774.929905023174
69.46,7.278,9.052873497209793,1774.8734972097936
69.47,7.278,9.052817089396413,1774.8170893964134
69.48,7.277,9.052782592674705,1775.7825926747043
69.49,7.277,9.05279842235975,1775.7984223597498
69.5,7.277,9.052814252044797,1775.814252044797
69.51,7.278,9.052830081729844,1774.8300817298448
69.52,7.279,9.052845911414892,1773.8459114148916
69.53,7.279,9.052861741099939,1773.8617410999389
69.54,7.278,9.052836842678538,1774.8368426785382
69.55,7.278,9.05277887828608,1774.7788782860807
69.56,7.278,9.052720913893623,1774.7209138936232
69.57,7.279,9.052662949501167,1773.6629495011673
69.58,7.28,9.05260498510871,1772.6049851087096
69.59,7.28,9.052547020716254,1772.5470207162539
69.6,7.28,9.05261544100773,1772.615441007729
69.61,7.281,9.052715356601375,1771.7153566013756
69.62,7.282,9.052815272195021,1770.815272195021
69.63,7.283,9.052915187788667,1769.9151877886666
69.64,7.285,9.053015103382313,1768.0151033823126
69.65,7.286,9.053107343519885,1767.1073435198857
69.66,7.287,9.05305095712602,1766.0509571260202
69.67,7.288,9.052994570732155,1764.9945707321547
69.68,7.289,9.05293818433829,1763.93818433829
69.69,7.29,9.052881797944424,1762.8817979444245
69.7,7.291,9.05282541155056,1761.825411550559
69.71,7.292,9.052790552695507,1760.7905526955071
69.72,7.293,9.05280647866649,1759.8064786664897
69.73,7.294,9.052822404637473,1758.8224046374733
69.74,7.295,9.052838330608456,1757.8383306084556
69.75,7.295,9.052854256579439,1757.8542565794387
69.76,7.296,9.052870182550421,1756.870182550421
69.77,7.297,9.052845754381115,1755.8457543811157
69.78,7.298,9.052787811920103,1754.787811920103
69.79,7.299,9.05272986945909,1753.7298694590904
69.8,7.299,9.052671926998078,1753.671926998078
69.81,7.3,9.052613984537066,1752.6139845370662
69.82,7.301,9.052556042076054,1751.5560420760537
69.83,7.302,9.052623462630164,1750.6234626301643
69.84,7.303,9.052723230728489,1749.7232307284892
69.85,7.303,9.052822998826814,1749.8229988268142
69.86,7.304,9.05292276692514,1748.9227669251406
69.87,7.305,9.053022535023466,1748.0225350234662
69.88,7.306,9.053115513131472,1747.1155131314715
69.89,7.306,9.053059147988627,1747.0591479886268
69.9,7.308,9.053002782845784,1745.0027828457842
69.91,7.309,9.052946417702941,1743.9464177029408
69.92,7.309,9.052890052560096,1743.8900525600961
69.93,7.31,9.052833687417253,1742.833687417254
69.94,7.311,9.05279846554325,1741.7984655432494
69.95,7.312,9.05281448805658,1740.8144880565794
69.96,7.314,9.05283051056991,1738.83051056991
69.97,7.315,9.05284653308324,1737.84653308324
69.98,7.316,9.05286255559657,1736.862555596571
69.99,7.318,9.052878578109901,1734.8785781099014
70.0,7.32,9.052854621072868,1732.8546210728675
70.01,7.321,9.052796700408164,1731.7967004081645
70.02,7.322,9.052738779743459,1730.7387797434587
70.03,7.322,9.052680859078755,1730.6808590787552
70.04,7.322,9.05262293841405,1730.62293841405
70.05,7.324,9.052565017749346,1728.5650177493467
70.06,7.326,9.052631440529124,1726.6314405291246
70.07,7.328,9.052731061243348,1724.7310612433475
70.08,7.328,9.052830681957571,1724.8306819575712
70.09,7.327,9.052930302671793,1725.9303026717935
70.1,7.328,9.053029923386017,1725.0299233860167
70.11,7.33,9.053123637669007,1723.1236376690067
70.12,7.332,9.05306729360888,1721.06729360888
70.13,7.334,9.053010949548751,1719.0109495487516
70.14,7.334,9.052954605488624,1718.9546054886246
70.15,7.333,9.052898261428496,1719.8982614284955
70.16,7.333,9.052841917368369,1719.8419173683685
70.17,7.335,9.052806331583719,1717.8063315837192
70.18,7.336,9.052822450899084,1716.8224508990838
70.19,7.337,9.05283857021445,1715.8385702144496
70.2,7.337,9.052854689529813,1715.854689529813
70.21,7.337,9.052870808845178,1715.870808845178
70.22,7.338,9.052886928160543,1714.886928160543
70.23,7.339,9.052863443144021,1713.863443144021
70.24,7.34,9.052805544140373,1712.805544140373
70.25,7.341,9.052747645136725,1711.7476451367245
70.26,7.341,9.052689746133076,1711.689746133076
70.27,7.342,9.052631847129426,1710.6318471294264
70.28,7.343,9.052573948125778,1709.5739481257776
70.29,7.344,9.052639375085045,1708.6393750850445
70.3,7.345,9.052738848519958,1707.7388485199583
70.31,7.345,9.052838321954871,1707.8383219548714
70.32,7.346,9.052937795389786,1706.937795389786
70.33,7.346,9.0530372688247,1707.0372688246991
70.34,7.346,9.053131717485698,1707.131717485698
70.35,7.346,9.05307539433942,1707.0753943394195
70.36,7.346,9.053019071193141,1707.019071193141
70.37,7.347,9.052962748046863,1705.9627480468623
70.38,7.348,9.052906424900584,1704.9064249005844
70.39,7.348,9.052850101754306,1704.8501017543058
70.4,7.349,9.05281415116047,1703.8141511604704
70.41,7.349,9.052830367540306,1703.8303675403058
70.42,7.349,9.052846583920143,1703.8465839201428
70.43,7.349,9.052862800299978,1703.8628002999783
70.44,7.351,9.052879016679816,1701.8790166798158
70.45,7.351,9.052895233059653,1701.8952330596528
70.46,7.352,9.052872220959493,1700.8722209594928
70.47,7.351,9.05281434348101,1701.8143434810104
70.48,7.351,9.052756466002526,1701.756466002526
70.49,7.351,9.052698588524041,1701.6985885240415
70.5,7.353,9.052640711045557,1699.640711045557
70.51,7.354,9.052582833567074,1698.582833567074
70.52,7.354,9.052647266650137,1698.6472666501368
70.53,7.353,9.05274659290369,1699.7465929036898
70.54,7.353,9.052845919157244,1699.8459191572445
70.55,7.353,9.052945245410797,1699.945245410797
70.56,7.355,9.053044571664351,1698.0445716643508
70.57,7.356,9.05313975290431,1697.1397529043095
70.58,7.355,9.053083450502118,1698.0834505021178
70.59,7.354,9.053027148099927,1699.027148099927
70.6,7.353,9.052970845697736,1699.9708456977362
70.61,7.353,9.052914543295545,1699.9145432955452
70.62,7.354,9.052858240893354,1698.8582408933537
70.63,7.355,9.05282192458459,1697.8219245845896
70.64,7.355,9.052838238293939,1697.8382382939383
70.65,7.355,9.052854552003287,1697.8545520032872
70.66,7.354,9.052870865712636,1698.870865712636
70.67,7.355,9.052887179421985,1697.8871794219845
70.68,7.356,9.052903493131334,1696.9034931313338
70.69,7.357,9.052880954850917,1695.8809548509164
70.7,7.358,9.052823098760891,1694.8230987608915
70.71,7.359,9.052765242670866,1693.7652426708655
70.72,7.359,9.05270738658084,1693.7073865808402
70.73,7.359,9.052649530490815,1693.6495304908146
70.74,7.358,9.052591674400789,1694.5916744007893
70.75,7.357,9.052655115542454,1695.6551155424534
70.76,7.356,9.052754294705636,1696.7542947056363
70.77,7.356,9.052853473868817,1696.853473868817
70.78,7.355,9.052952653031998,1697.9526530319972
70.79,7.354,9.05305183219518,1699.0518321951802
70.8,7.354,9.053147744212728,1699.147744212728
70.81,7.354,9.053091462383913,1699.0914623839126
70.82,7.354,9.053035180555096,1699.0351805550956
70.83,7.353,9.05297889872628,1699.9788987262807
70.84,7.353,9.052922616897463,1699.9226168974637
70.85,7.351,9.052866335068648,1701.8663350686484
70.86,7.35,9.052829652131921,1702.8296521319212
70.87,7.35,9.052846063438533,1702.8460634385335
70.88,7.35,9.052862474745147,1702.8624747451477
70.89,7.35,9.05287888605176,1702.87888605176
70.9,7.35,9.052895297358372,1702.8952973583723
70.91,7.348,9.052911708664984,1704.9117086649846
70.92,7.347,9.05288964511536,1705.8896451153603
70.93,7.346,9.052831810276315,1706.8318102763146
70.94,7.346,9.05277397543727,1706.7739754372706
70.95,7.346,9.052716140598225,1706.7161405982247
70.96,7.346,9.052658305759179,1706.6583057591788
70.97,7.345,9.052600470920135,1707.6004709201352
70.98,7.343,9.052662922045915,1709.662922045915
70.99,7.343,9.052761954202834,1709.7619542028344
71.0,7.343,9.052860986359754,1709.8609863597537
71.01,7.343,9.052960018516673,1709.9600185166732
71.02,7.343,9.053059050673593,1710.0590506735925
71.03,7.341,9.053155691664987,1712.1556916649868
71.04,7.34,9.053099430237996,1713.099430237996
71.05,7.34,9.053043168811005,1713.043168811005
71.06,7.341,9.052986907384016,1711.9869073840155
71.07,7.342,9.052930645957025,1710.930645957025
71.08,7.342,9.052874384530034,1710.8743845300341
71.09,7.341,9.05283733404509,1711.8373340450903
71.1,7.34,9.052853843219685,1712.8538432196851
71.11,7.341,9.052870352394281,1711.870352394281
71.12,7.342,9.052886861568878,1710.886861568878
71.13,7.343,9.052903370743472,1709.9033707434721
71.14,7.342,9.052919879918068,1710.9198799180688
71.15,7.341,9.052898292018261,1711.898292018261
71.16,7.341,9.052840478292113,1711.840478292113
71.17,7.341,9.052782664565964,1711.7826645659636
71.18,7.341,9.052724850839816,1711.7248508398156
71.19,7.341,9.052667037113668,1711.667037113668
71.2,7.34,9.052609223387519,1712.6092233875188
71.21,7.338,9.052670686413945,1714.670686413945
71.22,7.338,9.052769571642006,1714.7695716420062
71.23,7.338,9.052868456870069,1714.868456870069
71.24,7.339,9.05296734209813,1713.9673420981296
71.25,7.339,9.053066227326191,1714.0662273261905
71.26,7.339,9.053163595485348,1714.1635954853473
71.27,7.338,9.053107354287992,1715.1073542879915
71.28,7.338,9.053051113090637,1715.0511130906373
71.29,7.339,9.052994871893281,1713.9948718932808
71.3,7.34,9.052938630695925,1712.9386306959252
71.31,7.34,9.052882389498569,1712.882389498569
71.32,7.339,9.052844970538072,1713.8449705380713
71.33,7.339,9.052861577854662,1713.8615778546616
71.34,7.339,9.052878185171252,1713.878185171252
71.35,7.34,9.052894792487841,1712.894792487841
71.36,7.341,9.052911399804431,1711.911399804431
71.37,7.341,9.052928007121022,1711.9280071210214
71.38,7.341,9.052906895798362,1711.9068957983616
71.39,7.341,9.052849103046634,1711.8491030466344
71.4,7.342,9.052791310294905,1710.7913102949058
71.41,7.343,9.052733517543178,1709.733517543178
71.42,7.344,9.052675724791449,1708.6757247914486
71.43,7.344,9.052617932039722,1708.6179320397212
71.44,7.343,9.052678408874684,1709.6784088746838
71.45,7.344,9.052777147244791,1708.777147244791
71.46,7.345,9.0528758856149,1707.875885614901
71.47,7.347,9.05297462398501,1705.9746239850097
71.48,7.347,9.053073362355118,1706.0733623551175
71.49,7.347,9.053171455873686,1706.1714558736858
71.5,7.346,9.053115234733351,1707.115234733351
71.51,7.346,9.053059013593014,1707.059013593014
71.52,7.347,9.053002792452677,1706.0027924526767
71.53,7.348,9.05294657131234,1704.9465713123402
71.54,7.349,9.052890350172005,1703.8903501720047
71.55,7.349,9.052852561801696,1703.852561801696
71.56,7.348,9.052869267537915,1704.869267537915
71.57,7.348,9.052885973274133,1704.8859732741332
71.58,7.349,9.052902679010352,1703.9026790103512
71.59,7.351,9.052919384746572,1701.9193847465717
71.6,7.351,9.05293609048279,1701.93609048279
71.61,7.351,9.052915456673285,1701.9154566732846
71.62,7.349,9.05285768475732,1703.8576847573204
71.63,7.349,9.052799912841357,1703.7999128413564
71.64,7.349,9.052742140925393,1703.7421409253923
71.65,7.35,9.052684369009429,1702.6843690094288
71.66,7.35,9.052626597093465,1702.6265970934649
71.67,7.348,9.052686089636548,1704.6860896365486
71.68,7.347,9.052784681213302,1705.7846812133014
71.69,7.347,9.052883272790053,1705.8832727900528
71.7,7.347,9.052981864366807,1705.9818643668061
71.71,7.348,9.05308045594356,1705.0804559435599
71.72,7.348,9.053179047520313,1705.1790475203131
71.73,7.346,9.053123071754815,1707.1230717548146
71.74,7.345,9.05306687049865,1708.0668704986506
71.75,7.344,9.053010669242486,1709.0106692424856
71.76,7.343,9.052954467986321,1709.9544679863216
71.77,7.343,9.052898266730157,1709.898266730157
71.78,7.343,9.05286010800899,1709.8601080089893
71.79,7.342,9.052876912446408,1710.8769124464081
71.8,7.341,9.052893716883824,1711.8937168838243
71.81,7.34,9.052910521321241,1712.9105213212413
71.82,7.341,9.052927325758658,1711.9273257586576
71.83,7.341,9.052944130196076,1711.944130196076
71.84,7.341,9.052923974844727,1711.9239748447274
71.85,7.34,9.05286622362587,1712.86622362587
71.86,7.34,9.052808472407012,1712.808472407012
71.87,7.34,9.052750721188154,1712.7507211881543
71.88,7.341,9.052692969969296,1711.6929699692962
71.89,7.342,9.052635218750439,1710.635218750439
71.9,7.341,9.052693728893225,1711.6937288932243
71.91,7.341,9.052792173735066,1711.7921737350655
71.92,7.341,9.052890618576905,1711.8906185769047
71.93,7.341,9.052989063418744,1711.989063418744
71.94,7.342,9.053087508260584,1711.087508260584
71.95,7.342,9.053185953102425,1711.185953102425
71.96,7.342,9.05313086551918,1711.1308655191797
71.97,7.342,9.053074683974264,1711.0746839742649
71.98,7.341,9.05301850242935,1712.0185024293494
71.99,7.342,9.052962320884435,1710.9623208844348
72.0,7.342,9.052906139339518,1710.9061393395182
72.01,7.343,9.052867609319742,1709.8676093197423
72.02,7.343,9.052884512744132,1709.8845127441323
72.03,7.343,9.052901416168524,1709.901416168524
72.04,7.342,9.052918319592914,1710.9183195929143
72.05,7.342,9.052935223017306,1710.935223017306
72.06,7.343,9.052952126441697,1709.9521264416974
72.07,7.344,9.052932450502803,1708.932450502803
72.08,7.345,9.052874719842531,1707.8747198425317
72.09,7.345,9.05281698918226,1707.81698918226
72.1,7.346,9.052759258521988,1706.7592585219877
72.11,7.347,9.052701527861716,1705.7015278617155
72.12,7.348,9.052643797201446,1704.6437972014462
72.13,7.349,9.052701326827755,1703.7013268277547
72.14,7.35,9.052799624987072,1702.7996249870725
72.15,7.35,9.05289792314639,1702.8979231463898
72.16,7.35,9.052996221305705,1702.9962213057051
72.17,7.351,9.053094519465022,1702.094519465022
72.18,7.352,9.053192817624339,1701.1928176243387
72.19,7.353,9.053138616183082,1700.1386161830824
72.2,7.354,9.053082454176524,1699.0824541765237
72.21,7.355,9.053026292169967,1698.0262921699668
72.22,7.355,9.052970130163411,1697.9701301634104
72.23,7.356,9.052913968156853,1696.913968156853
72.24,7.357,9.052875065884058,1695.8750658840574
72.25,7.358,9.052892068585628,1694.892068585628
72.26,7.359,9.052909071287198,1693.909071287198
72.27,7.36,9.052926073988768,1692.926073988768
72.28,7.36,9.052943076690337,1692.9430766903363
72.29,7.36,9.052960079391907,1692.9600793919067
72.3,7.361,9.052940883829308,1691.9408838293082
72.31,7.363,9.052883173589326,1689.8831735893252
72.32,7.364,9.052825463349341,1688.8254633493416
72.33,7.365,9.052767753109359,1687.7677531093589
72.34,7.365,9.052710042869375,1687.7100428693748
72.35,7.365,9.052652332629393,1687.6523326293925
72.36,7.366,9.052708883615495,1686.7088836154949
72.37,7.367,9.052807035138683,1685.8070351386827
72.38,7.369,9.052905186661869,1683.9051866618693
72.39,7.369,9.053003338185057,1684.0033381850574
72.4,7.37,9.053101489708245,1683.1014897082453
72.41,7.371,9.053199641231434,1682.1996412314331
72.42,7.372,9.053146323895675,1681.1463238956749
72.43,7.373,9.053090181254678,1680.0901812546779
72.44,7.374,9.053034038613683,1679.0340386136836
72.45,7.375,9.052977895972687,1677.9778959726866
72.46,7.375,9.052921753331692,1677.9217533316917
72.47,7.376,9.052882477844799,1676.8824778447984
72.48,7.376,9.05289958011837,1676.899580118369
72.49,7.378,9.05291668239194,1674.91668239194
72.5,7.379,9.05293378466551,1673.9337846655112
72.51,7.38,9.052950886939083,1672.9508869390831
72.52,7.38,9.052967989212654,1672.967989212654
72.53,7.38,9.052949274999948,1672.949274999948
72.54,7.381,9.052891585042227,1671.8915850422268
72.55,7.383,9.052833895084506,1669.8338950845057
72.56,7.383,9.052776205126783,1669.7762051267828
72.57,7.383,9.052718515169062,1669.7185151690617
72.58,7.383,9.05266082521134,1669.6608252113406
72.59,7.384,9.052716399426108,1668.716399426108
72.6,7.384,9.052814404353574,1668.814404353574
72.61,7.386,9.052912409281042,1666.9124092810418
72.62,7.387,9.053010414208508,1666.0104142085083
72.63,7.386,9.053108419135976,1667.1084191359755
72.64,7.386,9.053206424063442,1667.2064240634415
72.65,7.387,9.053153988800357,1666.1539888003576
72.66,7.388,9.053097865352246,1665.0978653522461
72.67,7.389,9.053041741904133,1664.041741904133
72.68,7.389,9.052985618456022,1663.9856184560217
72.69,7.389,9.052929495007909,1663.9294950079088
72.7,7.388,9.052889845339118,1664.8898453391184
72.71,7.387,9.05290704748428,1665.9070474842813
72.72,7.388,9.052924249629443,1664.9242496294435
72.73,7.389,9.052941451774606,1663.9414517746056
72.74,7.389,9.052958653919768,1663.9586539197683
72.75,7.389,9.052975856064931,1663.9758560649307
72.76,7.388,9.05295762418566,1664.9576241856607
72.77,7.388,9.052899954372458,1664.8999543724585
72.78,7.39,9.052842284559258,1662.8422845592584
72.79,7.391,9.052784614746058,1661.7846147460575
72.8,7.392,9.052726944932855,1660.726944932855
72.81,7.393,9.052669275119655,1659.6692751196551
72.82,7.392,9.052723874424698,1660.723874424698
72.83,7.392,9.052821732790845,1660.8217327908444
72.84,7.393,9.052919591156991,1659.9195911569914
72.85,7.395,9.053017449523136,1658.017449523136
72.86,7.396,9.053115307889282,1657.1153078892821
72.87,7.397,9.053213166255428,1656.2131662554282
72.88,7.396,9.053161611035721,1657.161611035721
72.89,7.397,9.053105506607928,1656.1055066079273
72.9,7.398,9.053049402180134,1655.0494021801346
72.91,7.4,9.05299329775234,1652.9932977523406
72.92,7.402,9.052937193324547,1650.9371933245473
72.93,7.403,9.052897168499262,1649.8971684992628
72.94,7.403,9.052914470820502,1649.9144708205024
72.95,7.403,9.052931773141744,1649.931773141744
72.96,7.404,9.052949075462983,1648.9490754629835
72.97,7.406,9.052966377784223,1646.9663777842234
72.98,7.407,9.052983680105465,1645.9836801054646
72.99,7.408,9.05296593155327,1644.9659315532701
73.0,7.409,9.05290828174712,1643.9082817471206
73.01,7.408,9.052850631940968,1644.850631940968
73.02,7.409,9.052792982134818,1643.7929821348182
73.03,7.411,9.052735332328668,1641.7353323286684
73.04,7.413,9.052677682522516,1639.6776825225156
73.05,7.413,9.052731308772284,1639.7313087722837
73.06,7.414,9.05282902060545,1638.829020605451
73.07,7.413,9.052926732438618,1639.9267324386174
73.08,7.414,9.053024444271786,1639.0244442717865
73.09,7.415,9.053122156104953,1638.122156104953
73.1,7.417,9.05321986793812,1636.2198679381202
73.11,7.418,9.053169190735849,1635.1691907358488
73.12,7.418,9.053113105155894,1635.1131051558943
73.13,7.418,9.053057019575942,1635.0570195759415
73.14,7.418,9.053000933995987,1635.000933995987
73.15,7.419,9.052944848416033,1633.944848416033
73.16,7.42,9.052904447452754,1632.9044474527539
73.17,7.421,9.052921850259565,1631.9218502595652
73.18,7.421,9.052939253066379,1631.9392530663786
73.19,7.42,9.05295665587319,1632.9566558731906
73.2,7.42,9.052974058680002,1632.9740586800021
73.21,7.421,9.052991461486815,1631.991461486815
73.22,7.422,9.0529741972656,1630.9741972656004
73.23,7.423,9.052916567329273,1629.916567329273
73.24,7.423,9.052858937392946,1629.858937392946
73.25,7.423,9.052801307456619,1629.8013074566188
73.26,7.422,9.05274367752029,1630.7436775202905
73.27,7.422,9.052686047583963,1630.6860475839633
73.28,7.424,9.052738702625822,1628.7387026258218
73.29,7.425,9.052836267948232,1627.8362679482318
73.3,7.425,9.05293383327064,1627.9338332706398
73.31,7.425,9.053031398593047,1628.0313985930475
73.32,7.424,9.053128963915455,1629.1289639154547
73.33,7.424,9.053226529237865,1629.2265292378643
73.34,7.426,9.053176728030268,1627.1767280302677
73.35,7.427,9.053120661125721,1626.1206611257214
73.36,7.427,9.053064594221174,1626.064594221175
73.37,7.426,9.053008527316628,1627.0085273166278
73.38,7.426,9.052952460412081,1626.952460412081
73.39,7.426,9.05291168232228,1626.9116823222803
73.4,7.427,9.052929185929274,1625.9291859292748
73.41,7.429,9.052946689536267,1623.9466895362664
73.42,7.43,9.052964193143259,1622.9641931432593
73.43,7.43,9.052981696750251,1622.9816967502516
73.44,7.43,9.052999200357245,1622.9992003572456
73.45,7.43,9.052982421481314,1622.9824214813143
73.46,7.431,9.052924811277789,1621.9248112777889
73.47,7.433,9.052867201074264,1619.8672010742641
73.48,7.434,9.05280959087074,1618.8095908707405
73.49,7.433,9.052751980667216,1619.7519806672158
73.5,7.432,9.05269437046369,1620.6943704636903
73.51,7.432,9.052746056138016,1620.7460561380155
73.52,7.432,9.052843474965682,1620.8434749656817
73.53,7.433,9.05294089379335,1619.9408937933501
73.54,7.433,9.053038312621016,1620.0383126210163
73.55,7.433,9.053135731448682,1620.1357314486825
73.56,7.432,9.053233150276348,1621.233150276348
73.57,7.432,9.05318422304366,1621.1842230436596
73.58,7.433,9.053128174642088,1620.1281746420887
73.59,7.435,9.053072126240517,1618.0721262405173
73.6,7.435,9.053016077838947,1618.0160778389477
73.61,7.434,9.052960029437376,1618.9600294373756
73.62,7.433,9.052918873225378,1619.9188732253783
73.63,7.433,9.052936477952379,1619.936477952379
73.64,7.433,9.05295408267938,1619.9540826793798
73.65,7.435,9.05297168740638,1617.9716874063806
73.66,7.435,9.05298929213338,1617.9892921333812
73.67,7.434,9.053006896860381,1619.0068968603812
73.68,7.433,9.052990604354587,1619.9906043545873
73.69,7.432,9.052933013747008,1620.9330137470079
73.7,7.433,9.052875423139428,1619.875423139428
73.71,7.434,9.052817832531849,1618.8178325318488
73.72,7.434,9.052760241924268,1618.7602419242683
73.73,7.433,9.05270265131669,1619.7026513166898
73.74,7.432,9.052753369456928,1620.7533694569279
73.75,7.431,9.052850641799585,1621.8506417995852
73.76,7.432,9.052947914142242,1620.947914142242
73.77,7.432,9.053045186484901,1621.045186484901
73.78,7.432,9.053142458827558,1621.1424588275581
73.79,7.431,9.053239731170217,1622.2397311702173
73.8,7.43,9.053191675895473,1623.1916758954733
73.81,7.428,9.053135645824398,1625.1356458243977
73.82,7.428,9.05307961575332,1625.0796157533207
73.83,7.429,9.053023585682244,1624.0235856822433
73.84,7.429,9.052967555611168,1623.967555611168
73.85,7.429,9.052926020274006,1623.9260202740056
73.86,7.427,9.052943726446166,1625.9437264461667
73.87,7.425,9.052961432618327,1627.9614326183269
73.88,7.425,9.052979138790487,1627.9791387904875
73.89,7.425,9.052996844962648,1627.9968449626479
73.9,7.425,9.053014551134806,1628.0145511348064
73.91,7.424,9.052998746034712,1628.9987460347115
73.92,7.422,9.052941174886342,1630.9411748863427
73.93,7.42,9.052883603737971,1632.8836037379713
73.94,7.419,9.052826032589602,1633.8260325896022
73.95,7.418,9.05276846144123,1634.7684614412303
73.96,7.419,9.052710890292861,1633.7108902928614
73.97,7.418,9.052760642725602,1634.7606427256017
73.98,7.417,9.052857768586613,1635.8577685866128
73.99,7.415,9.052954894447621,1637.9548944476214
74.0,7.414,9.05305202030863,1639.0520203086307
74.01,7.413,9.053149146169641,1640.149146169641
74.02,7.413,9.05324627203065,1640.2462720306498
74.03,7.412,9.053199086699502,1641.199086699502
74.04,7.411,9.053143074786346,1642.143074786347
74.05,7.411,9.053087062873189,1642.0870628731893
74.06,7.41,9.053031050960033,1643.031050960033
74.07,7.411,9.052975039046876,1641.9750390468764
74.08,7.411,9.052933123574155,1641.9331235741552
74.09,7.41,9.052950931522064,1642.950931522064
74.1,7.411,9.052968739469973,1641.9687394699736
74.11,7.412,9.05298654741788,1640.9865474178807
74.12,7.412,9.05300435536579,1641.0043553657897
74.13,7.414,9.053022163313697,1639.0221633136975
74.14,7.415,9.05300684666573,1638.0068466657294
74.15,7.416,9.052949294839909,1636.9492948399084
74.16,7.416,9.05289174301409,1636.8917430140896
74.17,7.418,9.05283419118827,1634.8341911882694
74.18,7.419,9.05277663936245,1633.776639362451
74.19,7.42,9.05271908753663,1632.7190875366302
74.2,7.421,9.052767876081687,1631.7678760816864
74.21,7.422,9.052864855457948,1630.864855457948
74.22,7.423,9.05296183483421,1629.9618348342103
74.23,7.424,9.053058814210472,1629.0588142104712
74.24,7.425,9.053155793586733,1628.155793586733
74.25,7.426,9.053252772962995,1627.2527729629953
74.26,7.427,9.053206455563517,1626.2064555635175
74.27,7.428,9.053150461635562,1625.1504616355624
74.28,7.428,9.053094467707608,1625.0944677076075
74.29,7.428,9.053038473779653,1625.0384737796528
74.3,7.429,9.052982479851698,1623.9824798516977
74.31,7.43,9.05294018322546,1622.9401832254596
74.32,7.431,9.05295809328526,1621.9580932852607
74.33,7.432,9.052976003345062,1620.9760033450618
74.34,7.433,9.052993913404864,1619.9939134048639
74.35,7.433,9.053011823464665,1620.0118234646652
74.36,7.434,9.053029733524466,1619.0297335244663
74.37,7.435,9.053014906386089,1618.0149063860893
74.38,7.435,9.052957373746203,1617.9573737462033
74.39,7.435,9.052899841106317,1617.8998411063174
74.4,7.434,9.052842308466433,1618.8423084664328
74.41,7.434,9.052784775826547,1618.7847758265468
74.42,7.434,9.052727243186663,1618.7272431866627
74.43,7.435,9.052775069657132,1617.7750696571325
74.44,7.435,9.052871902538994,1617.8719025389946
74.45,7.435,9.052968735420858,1617.9687354208588
74.46,7.436,9.05306556830272,1617.0655683027207
74.47,7.436,9.053162401184585,1617.1624011845847
74.48,7.437,9.053259234066449,1616.2592340664482
74.49,7.438,9.053213782588946,1615.2137825889463
74.5,7.439,9.05315780647329,1614.1578064732905
74.51,7.44,9.053101830357635,1613.1018303576345
74.52,7.44,9.05304585424198,1613.045854241979
74.53,7.44,9.052989878126324,1612.9898781263234
74.54,7.441,9.052947199320899,1611.9471993208992
74.55,7.442,9.052965211834422,1610.9652118344222
74.56,7.442,9.052983224347944,1610.9832243479439
74.57,7.442,9.053001236861466,1611.0012368614655
74.58,7.441,9.053019249374987,1612.0192493749873
74.59,7.442,9.05303726188851,1611.0372618885106
74.6,7.442,9.053022925328408,1611.0229253284078
74.61,7.442,9.052965411737846,1610.965411737846
74.62,7.442,9.052907898147284,1610.9078981472837
74.63,7.441,9.052850384556722,1611.850384556722
74.64,7.44,9.05279287096616,1612.7928709661594
74.65,7.44,9.052735357375598,1612.7353573755975
74.66,7.44,9.052782223577948,1612.7822235779474
74.67,7.44,9.052878909949118,1612.878909949118
74.68,7.44,9.052975596320291,1612.9755963202906
74.69,7.438,9.053072282691462,1615.0722826914619
74.7,7.436,9.053168969062634,1617.168969062634
74.71,7.435,9.053265655433805,1618.265655433805
74.72,7.435,9.05322106787064,1618.22106787064
74.73,7.435,9.053165109394152,1618.1651093941528
74.74,7.435,9.053109150917667,1618.1091509176672
74.75,7.434,9.053053192441181,1619.0531924411812
74.76,7.432,9.052997233964696,1620.9972339646956
74.77,7.431,9.052954171946572,1621.9541719465722
74.78,7.431,9.052972287261458,1621.9722872614577
74.79,7.431,9.052990402576343,1621.9904025763433
74.8,7.431,9.053008517891229,1622.0085178912286
74.81,7.43,9.053026633206116,1623.0266332061162
74.82,7.429,9.053044748521001,1624.044748521001
74.83,7.428,9.053030903619268,1625.030903619268
74.84,7.427,9.052973408941387,1625.9734089413876
74.85,7.427,9.052915914263508,1625.9159142635085
74.86,7.427,9.052858419585627,1625.8584195856276
74.87,7.427,9.052800924907748,1625.8009249077486
74.88,7.426,9.052743430229867,1626.743430229867
74.89,7.426,9.052789337964008,1626.7893379640075
74.9,7.426,9.052885877801463,1626.8858778014633
74.91,7.427,9.052982417638917,1625.9824176389177
74.92,7.427,9.053078957476375,1626.0789574763753
74.93,7.427,9.05317549731383,1626.1754973138309
74.94,7.427,9.053272037151284,1626.2720371512848
74.95,7.426,9.05322831149667,1627.228311496669
74.96,7.426,9.053172370485958,1627.1723704859583
74.97,7.427,9.05311642947525,1626.1164294752498
74.98,7.426,9.053060488464538,1627.0604884645384
74.99,7.426,9.05300454745383,1627.0045474538292
75.0,7.425,9.052961101181491,1627.9611011814916
75.01,7.425,9.052979319651344,1627.9793196513444
75.02,7.426,9.052997538121195,1626.997538121195
75.03,7.427,9.053015756591046,1626.0157565910465
75.04,7.428,9.053033975060899,1625.033975060899
75.05,7.427,9.05305219353075,1626.0521935307502
75.06,7.426,9.053038841379088,1627.038841379088
75.07,7.425,9.052981365477189,1627.981365477189
75.08,7.425,9.052923889575288,1627.923889575288
75.09,7.427,9.052866413673389,1625.8664136733892
75.1,7.428,9.05280893777149,1624.8089377714896
75.11,7.428,9.052751461869589,1624.7514618695886
75.12,7.427,9.052796412928947,1625.7964129289473
75.13,7.427,9.052892806202832,1625.8928062028328
75.14,7.428,9.05298919947672,1624.98919947672
75.15,7.43,9.053085592750607,1623.0855927506075
75.16,7.432,9.053181986024494,1621.181986024494
75.17,7.432,9.053278379298382,1621.2783792983814
75.18,7.432,9.053235513548204,1621.2355135482035
75.19,7.431,9.053179589829572,1622.1795898295718
75.2,7.432,9.05312366611094,1621.1236661109397
75.21,7.434,9.05306774239231,1619.0677423923096
75.22,7.436,9.053011818673678,1617.011818673678
75.23,7.437,9.052967987097476,1615.9679870974762
75.24,7.438,9.052986309082002,1614.9863090820018
75.25,7.437,9.053004631066525,1616.0046310665246
75.26,7.438,9.05302295305105,1615.0229530510503
75.27,7.439,9.053041275035575,1614.041275035575
75.28,7.441,9.0530595970201,1612.0595970201005
75.29,7.442,9.053046738722033,1611.0467387220328
75.3,7.443,9.05298928145932,1609.9892814593204
75.31,7.443,9.052931824196609,1609.931824196609
75.32,7.443,9.052874366933896,1609.8743669338962
75.33,7.445,9.052816909671183,1607.8169096711824
75.34,7.447,9.052759452408472,1605.7594524084716
75.35,7.448,9.052803448580072,1604.8034485800713
75.36,7.449,9.05289969525361,1603.8996952536095
75.37,7.449,9.052995941927149,1603.995941927149
75.38,7.449,9.053092188600687,1604.0921886006868
75.39,7.45,9.053188435274226,1603.1884352742259
75.4,7.452,9.053284681947765,1601.2846819477654
75.41,7.454,9.053242674099398,1599.2426740993978
75.42,7.454,9.05318676749881,1599.1867674988098
75.43,7.454,9.05313086089822,1599.13086089822
75.44,7.454,9.05307495429763,1599.07495429763
75.45,7.455,9.05301904769704,1598.01904769704
75.46,7.457,9.05297482975903,1595.9748297590304
75.47,7.459,9.052993255624193,1593.9932556241931
75.48,7.46,9.053011681489355,1593.0116814893554
75.49,7.459,9.053030107354518,1594.0301073545181
75.5,7.459,9.05304853321968,1594.0485332196808
75.51,7.46,9.053066959084845,1593.0669590848447
75.52,7.462,9.053054595755933,1591.0545957559332
75.53,7.464,9.052997156995493,1588.997156995493
75.54,7.465,9.052939718235054,1587.939718235054
75.55,7.465,9.052882279474614,1587.8822794746145
75.56,7.464,9.052824840714177,1588.8248407141764
75.57,7.465,9.052767401953737,1587.7674019537374
75.58,7.467,9.05281044501828,1585.8104450182796
75.59,7.469,9.052906545047666,1583.9065450476655
75.6,7.471,9.053002645077052,1582.0026450770524
75.61,7.471,9.053098745106439,1582.098745106439
75.62,7.471,9.053194845135826,1582.1948451358257
75.63,7.471,9.053290945165212,1582.2909451652122
75.64,7.473,9.05324979321732,1580.2497932173205
75.65,7.475,9.053193903560357,1578.1939035603577
75.66,7.477,9.053138013903396,1576.138013903396
75.67,7.478,9.053082124246435,1575.0821242464353
75.68,7.477,9.053026234589472,1576.026234589472
75.69,7.477,9.052981629223263,1575.9816292232624
75.7,7.479,9.05300015934145,1574.0001593414493
75.71,7.48,9.053018689459638,1573.0186894596372
75.72,7.482,9.053037219577824,1571.0372195778239
75.73,7.482,9.053055749696012,1571.0557496960123
75.74,7.483,9.053074279814199,1570.0742798141994
75.75,7.484,9.05306241258227,1569.0624125822694
75.76,7.486,9.053004992187036,1567.0049921870364
75.77,7.487,9.052947571791805,1565.9475717918046
75.78,7.488,9.052890151396571,1564.890151396571
75.79,7.488,9.052832731001338,1564.8327310013376
75.8,7.488,9.052775310606107,1564.7753106061061
75.81,7.489,9.052817402338041,1563.8174023380413
75.82,7.49,9.052913355672338,1562.9133556723377
75.83,7.492,9.053009309006635,1561.0093090066348
75.84,7.493,9.053105262340932,1560.1052623409312
75.85,7.493,9.053201215675227,1560.2012156752262
75.86,7.494,9.053297169009523,1559.2971690095237
75.87,7.495,9.053256870961867,1558.2568709618672
75.88,7.496,9.053200998073706,1557.2009980737055
75.89,7.497,9.053145125185544,1556.1451251855444
75.9,7.498,9.053089252297383,1555.0892522973827
75.91,7.499,9.05303337940922,1554.03337940922
75.92,7.5,9.052988385539809,1552.988385539809
75.93,7.501,9.053007020289993,1552.0070202899924
75.94,7.502,9.053025655040175,1551.025655040175
75.95,7.502,9.053044289790359,1551.044289790359
75.96,7.503,9.05306292454054,1550.0629245405407
75.97,7.505,9.053081559290725,1548.0815592907247
75.98,7.506,9.053070189296104,1547.0701892961038
75.99,7.507,9.053012787128829,1546.012787128829
76.0,7.507,9.052955384961555,1545.9553849615552
76.01,7.508,9.05289798279428,1544.8979827942794
76.02,7.509,9.052840580627006,1543.8405806270055
76.03,7.511,9.05278317845973,1541.7831784597302
76.04,7.512,9.052824320627332,1540.8243206273323
76.05,7.512,9.052920127208358,1540.9201272083583
76.06,7.512,9.053015933789386,1541.015933789386
76.07,7.512,9.053111740370413,1541.1117403704138
76.08,7.514,9.05320754695144,1539.207546951439
76.09,7.516,9.053303353532467,1537.3033535324669
76.1,7.517,9.053263907385709,1536.2639073857088
76.11,7.517,9.053208051091067,1536.2080510910666
76.12,7.517,9.053152194796425,1536.1521947964247
76.13,7.517,9.053096338501783,1536.0963385017828
76.14,7.52,9.053040482207141,1533.0404822071414
76.15,7.522,9.052995098750754,1530.995098750754
76.16,7.523,9.053013838518662,1530.0138385186629
76.17,7.524,9.05303257828657,1529.0325782865705
76.18,7.524,9.053051318054479,1529.0513180544788
76.19,7.526,9.053070057822387,1527.070057822387
76.2,7.528,9.053088797590297,1525.0887975902972
76.21,7.531,9.05307792598606,1522.0779259860597
76.22,7.532,9.05302054190928,1521.0205419092802
76.23,7.532,9.052963157832501,1520.9631578325009
76.24,7.532,9.052905773755722,1520.9057737557216
76.25,7.534,9.052848389678944,1518.8483896789444
76.26,7.536,9.052791005602165,1516.7910056021653
76.27,7.537,9.052831199967605,1515.8311999676046
76.28,7.538,9.052926859729823,1514.9268597298224
76.29,7.539,9.053022519492043,1514.0225194920429
76.3,7.539,9.05311817925426,1514.1181792542611
76.31,7.539,9.05321383901648,1514.213839016481
76.32,7.541,9.053309498778699,1512.3094987786985
76.33,7.543,9.053270902534203,1510.270902534203
76.34,7.544,9.053215062657308,1509.2150626573089
76.35,7.544,9.053159222780415,1509.1592227804158
76.36,7.544,9.053103382903522,1509.1033829035227
76.37,7.545,9.05304754302663,1508.0475430266295
76.38,7.547,9.053001768890548,1506.001768890548
76.39,7.548,9.053020614068846,1505.0206140688456
76.4,7.549,9.053039459247143,1504.0394592471432
76.41,7.548,9.053058304425441,1505.0583044254413
76.42,7.549,9.053077149603741,1504.0771496037405
76.43,7.55,9.053095994782039,1503.095994782039
76.44,7.551,9.05308562273426,1502.08562273426
76.45,7.551,9.053028256610268,1502.0282566102683
76.46,7.551,9.052970890486279,1501.9708904862784
76.47,7.551,9.052913524362287,1501.913524362287
76.48,7.551,9.052856158238297,1501.8561582382972
76.49,7.551,9.052798792114308,1501.7987921143074
76.5,7.552,9.052838040433727,1500.8380404337274
76.51,7.552,9.052933553304118,1500.9335533041187
76.52,7.553,9.05302906617451,1500.02906617451
76.53,7.553,9.0531245790449,1500.1245790448995
76.54,7.554,9.053220091915291,1499.2200919152906
76.55,7.554,9.053315604785682,1499.3156047856821
76.56,7.554,9.053277856445307,1499.277856445307
76.57,7.554,9.053222032809858,1499.2220328098576
76.58,7.554,9.05316620917441,1499.16620917441
76.59,7.554,9.053110385538961,1499.1103855389606
76.6,7.554,9.053054561903513,1499.054561903513
76.61,7.555,9.053008395985893,1498.0083959858935
76.62,7.555,9.053027346974366,1498.027346974366
76.63,7.555,9.053046297962837,1498.0462979628371
76.64,7.555,9.05306524895131,1498.0652489513097
76.65,7.554,9.05308419993978,1499.08419993978
76.66,7.553,9.053103150928253,1500.1031509282532
76.67,7.553,9.05309327961627,1500.0932796162704
76.68,7.553,9.05303593130708,1500.0359313070808
76.69,7.553,9.052978582997893,1499.978582997893
76.7,7.553,9.052921234688704,1499.9212346887036
76.71,7.553,9.052863886379516,1499.8638863795159
76.72,7.553,9.052806538070326,1499.8065380703265
76.73,7.554,9.052844842093908,1498.8448420939076
76.74,7.554,9.052940207991844,1498.9402079918434
76.75,7.555,9.05303557388978,1498.03557388978
76.76,7.555,9.053130939787716,1498.1309397877158
76.77,7.555,9.053226305685651,1498.2263056856518
76.78,7.555,9.053321671583587,1498.3216715835877
76.79,7.555,9.05328476914948,1498.28476914948
76.8,7.556,9.053228961578599,1497.2289615785987
76.81,7.557,9.053173154007718,1496.1731540077174
76.82,7.556,9.053117346436837,1497.117346436837
76.83,7.556,9.053061538865956,1497.0615388659558
76.84,7.556,9.053014980055643,1497.014980055643
76.85,7.556,9.053034037261384,1497.0340372613834
76.86,7.556,9.053053094467122,1497.0530944671223
76.87,7.555,9.053072151672863,1498.0721516728631
76.88,7.555,9.053091208878604,1498.0912088786038
76.89,7.554,9.053110266084344,1499.110266084344
76.9,7.554,9.053100896701032,1499.100896701032
76.91,7.554,9.053043566068347,1499.0435660683463
76.92,7.553,9.05298623543566,1499.9862354356592
76.93,7.553,9.052928904802972,1499.9289048029718
76.94,7.552,9.052871574170284,1500.8715741702847
76.95,7.552,9.052814243537599,1500.8142435375992
76.96,7.552,9.052851605009632,1500.8516050096325
76.97,7.551,9.05294682384674,1501.9468238467405
76.98,7.551,9.053042042683849,1502.0420426838489
76.99,7.55,9.053137261520957,1503.1372615209575
77.0,7.55,9.053232480358067,1503.2324803580677
77.01,7.549,9.053327699195176,1504.3276991951755
77.02,7.549,9.053291640669556,1504.2916406695558
77.03,7.548,9.05323584898575,1505.23584898575
77.04,7.548,9.053180057301944,1505.1800573019439
77.05,7.547,9.053124265618138,1506.124265618138
77.06,7.547,9.05306847393433,1506.0684739343299
77.07,7.546,9.05302152111067,1507.0215211106702
77.08,7.546,9.05304068494828,1507.0406849482802
77.09,7.545,9.053059848785889,1508.059848785889
77.1,7.544,9.053079012623499,1509.0790126234995
77.11,7.543,9.05309817646111,1510.098176461109
77.12,7.543,9.05311734029872,1510.1173402987192
77.13,7.543,9.053108474050777,1510.108474050777
77.14,7.543,9.053051160955942,1510.0511609559417
77.15,7.543,9.052993847861107,1509.9938478611064
77.16,7.543,9.052936534766271,1509.936534766271
77.17,7.543,9.052879221671436,1509.8792216714355
77.18,7.543,9.0528219085766,1509.8219085766002
77.19,7.544,9.05285832923555,1508.85832923555
77.2,7.544,9.052953400915577,1508.9534009155773
77.21,7.544,9.053048472595602,1509.0484725956026
77.22,7.544,9.05314354427563,1509.14354427563
77.23,7.544,9.053238615955655,1509.2386159556552
77.24,7.543,9.053333687635682,1510.3336876356818
77.25,7.543,9.053298471020629,1510.2984710206283
77.26,7.543,9.053242695045741,1510.242695045741
77.27,7.543,9.053186919070853,1510.1869190708533
77.28,7.543,9.053131143095964,1510.1311430959638
77.29,7.544,9.053075367121076,1509.0753671210769
77.3,7.544,9.053028019153713,1509.028019153713
77.31,7.544,9.053047290045505,1509.0472900455056
77.32,7.544,9.053066560937298,1509.0665609372982
77.33,7.544,9.05308583182909,1509.0858318290907
77.34,7.544,9.053105102720883,1509.1051027208832
77.35,7.544,9.053124373612675,1509.1243736126758
77.36,7.544,9.05311601172091,1509.1160117209101
77.37,7.544,9.053058716024893,1509.058716024893
77.38,7.544,9.053001420328876,1509.0014203288763
77.39,7.544,9.052944124632859,1508.9441246328593
77.4,7.544,9.05288682893684,1508.8868289368404
77.41,7.544,9.052829533240823,1508.8295332408234
77.42,7.545,9.052865014819394,1507.8650148193944
77.43,7.545,9.052959939238052,1507.9599392380524
77.44,7.545,9.053054863656712,1508.0548636567119
77.45,7.545,9.05314978807537,1508.1497880753698
77.46,7.545,9.05324471249403,1508.2447124940295
77.47,7.545,9.053339636912687,1508.3396369126874
77.48,7.546,9.05330526020991,1507.30526020991
77.49,7.546,9.053249499765078,1507.249499765078
77.5,7.546,9.053193739320246,1507.1937393202459
77.51,7.546,9.053137978875412,1507.137978875412
77.52,7.547,9.05308221843058,1506.0822184305805
77.53,7.547,9.053034474179249,1506.0344741792494
77.54,7.547,9.053053852555461,1506.0538525554614
77.55,7.547,9.053073230931673,1506.0732309316736
77.56,7.548,9.053092609307885,1505.0926093078854
77.57,7.548,9.053111987684098,1505.1119876840976
77.58,7.549,9.05313136606031,1504.1313660603093
77.59,7.549,9.05312350975995,1504.1235097599488
77.6,7.549,9.053066231323292,1504.066231323292
77.61,7.548,9.053008952886634,1505.0089528866338
77.62,7.549,9.052951674449975,1503.9516744499747
77.63,7.55,9.052894396013317,1502.8943960133167
77.64,7.551,9.052837117576658,1501.8371175766579
77.65,7.551,9.052871661801856,1501.8716618018555
77.66,7.55,9.052966438846672,1502.9664388466726
77.67,7.549,9.053061215891491,1504.0612158914905
77.68,7.55,9.05315599293631,1503.1559929363095
77.69,7.551,9.053250769981126,1502.250769981126
77.7,7.553,9.053345547025943,1500.345547025943
77.71,7.553,9.053312008236558,1500.312008236558
77.72,7.552,9.053256263142165,1501.2562631421656
77.73,7.552,9.05320051804777,1501.2005180477709
77.74,7.553,9.053144772953377,1500.1447729533775
77.75,7.554,9.053089027858983,1499.0890278589823
77.76,7.555,9.0530408861733,1498.0408861732997
77.77,7.555,9.05306037247231,1498.0603724723096
77.78,7.555,9.05307985877132,1498.0798587713196
77.79,7.554,9.05309934507033,1499.099345070329
77.8,7.555,9.05311883136934,1498.1188313693394
77.81,7.556,9.053138317668349,1497.1383176683491
77.82,7.558,9.05313096820936,1495.1309682093595
77.83,7.558,9.053073706892137,1495.0737068921374
77.84,7.557,9.053016445574917,1496.0164455749166
77.85,7.556,9.052959184257697,1496.9591842576965
77.86,7.556,9.052901922940476,1496.9019229404762
77.87,7.558,9.052844661623256,1494.8446616232563
77.88,7.559,9.052878270216453,1493.8782702164533
77.89,7.559,9.052972899766608,1493.9728997666082
77.9,7.558,9.053067529316763,1495.0675293167635
77.91,7.557,9.053162158866918,1496.162158866918
77.92,7.557,9.053256788417075,1496.2567884170746
77.93,7.557,9.05335141796723,1496.3514179672295
77.94,7.559,9.053318715091526,1494.3187150915262
77.95,7.56,9.053262985167148,1493.2629851671484
77.96,7.559,9.05320725524277,1494.2072552427694
77.97,7.558,9.053151525318391,1495.1515253183914
77.98,7.557,9.053095795394013,1496.0957953940124
77.99,7.558,9.053047255113249,1495.0472551132493
78.0,7.559,9.053066849781805,1494.066849781805
78.01,7.561,9.053086444450361,1492.0864444503613
78.02,7.561,9.053106039118918,1492.1060391189176
78.03,7.56,9.053125633787474,1493.125633787474
78.04,7.559,9.05314522845603,1494.1452284560296
78.05,7.56,9.053138387103438,1493.1383871034382
78.06,7.561,9.053081142765231,1492.0811427652313
78.07,7.562,9.053023898427025,1491.0238984270245
78.08,7.562,9.052966654088817,1490.9666540888163
78.09,7.561,9.05290940975061,1491.90940975061
78.1,7.56,9.052852165412403,1492.8521654124038
78.11,7.561,9.052884840089396,1491.884840089396
78.12,7.563,9.052979322015547,1489.9793220155475
78.13,7.564,9.0530738039417,1489.0738039417001
78.14,7.565,9.053168285867851,1488.1682858678512
78.15,7.566,9.053262767794005,1487.2627677940047
78.16,7.565,9.053357249720156,1488.3572497201553
78.17,7.566,9.053325380757354,1487.325380757354
78.18,7.567,9.053269665821714,1486.2696658217142
78.19,7.569,9.053213950886075,1484.2139508860753
78.2,7.57,9.053158235950436,1483.1582359504357
78.21,7.57,9.053102521014797,1483.1025210147964
78.22,7.57,9.053053580967648,1483.0535809676473
78.23,7.57,9.053073284461108,1483.0732844611082
78.24,7.571,9.053092987954571,1482.0929879545713
78.25,7.573,9.053112691448032,1480.1126914480315
78.26,7.574,9.053132394941493,1479.1323949414927
78.27,7.574,9.053152098434955,1479.1520984349554
78.28,7.573,9.053145766469196,1480.145766469196
78.29,7.573,9.053088538969032,1480.0885389690316
78.3,7.574,9.05303131146887,1479.0313114688693
78.31,7.576,9.052974083968705,1476.9740839687051
78.32,7.578,9.052916856468542,1474.9168564685417
78.33,7.579,9.05285962896838,1473.8596289683796
78.34,7.579,9.052891371439445,1473.8913714394455
78.35,7.58,9.052985705603557,1472.9857056035573
78.36,7.581,9.05308003976767,1472.0800397676692
78.37,7.582,9.053174373931782,1471.174373931782
78.38,7.583,9.053268708095894,1470.2687080958938
78.39,7.584,9.053363042260006,1469.3630422600065
78.4,7.584,9.053332005208015,1469.332005208015
78.41,7.585,9.05327630507893,1468.2763050789297
78.42,7.585,9.053220604949844,1468.2206049498445
78.43,7.587,9.05316490482076,1466.1649048207596
78.44,7.588,9.053109204691674,1465.1092046916742
78.45,7.589,9.05305986369602,1464.0598636960203
78.46,7.589,9.053079676478598,1464.0796764785975
78.47,7.59,9.053099489261173,1463.0994892611734
78.48,7.59,9.05311930204375,1463.1193020437508
78.49,7.591,9.053139114826328,1462.1391148263276
78.5,7.592,9.053158927608905,1461.1589276089055
78.51,7.593,9.053153106326176,1460.1531063261764
78.52,7.594,9.053095895522498,1459.0958955224976
78.53,7.595,9.05303868471882,1458.0386847188197
78.54,7.595,9.05298147391514,1457.9814739151411
78.55,7.595,9.052924263111464,1457.9242631114644
78.56,7.596,9.052867052307786,1456.8670523077856
78.57,7.597,9.052897864277746,1455.8978642777456
78.58,7.598,9.052992050532898,1454.9920505328987
78.59,7.599,9.053086236788053,1454.0862367880525
78.6,7.599,9.053180423043205,1454.1804230432049
78.61,7.6,9.05327460929836,1453.2746092983598
78.62,7.601,9.053368795553512,1452.3687955535117
78.63,7.602,9.053338588408675,1451.3385884086745
78.64,7.604,9.053282902902998,1449.2829029029979
78.65,7.604,9.05322721739732,1449.2272173973192
78.66,7.604,9.053171531891643,1449.1715318916424
78.67,7.605,9.053115846385964,1448.1158463859636
78.68,7.606,9.053066103248618,1447.066103248618
78.69,7.607,9.05308602579363,1446.0860257936306
78.7,7.609,9.053105948338642,1444.1059483386418
78.71,7.609,9.053125870883655,1444.1258708836547
78.72,7.61,9.053145793428667,1443.145793428667
78.73,7.61,9.053165715973678,1443.165715973678
78.74,7.611,9.05316040668631,1442.16040668631
78.75,7.613,9.053103212436925,1440.1032124369247
78.76,7.614,9.05304601818754,1439.0460181875405
78.77,7.616,9.052988823938156,1436.9888239381562
78.78,7.616,9.05293162968877,1436.93162968877
78.79,7.616,9.052874435439385,1436.8744354393855
78.8,7.617,9.052904318607652,1435.9043186076522
78.81,7.619,9.052998356797847,1433.9983567978472
78.82,7.62,9.053092394988044,1433.0923949880435
78.83,7.621,9.053186433178238,1432.1864331782378
78.84,7.621,9.053280471368433,1432.2804713684327
78.85,7.621,9.053374509558628,1432.3745095586276
78.86,7.622,9.053345130315467,1431.3451303154673
78.87,7.624,9.053289459249031,1429.2894592490316
78.88,7.626,9.053233788182597,1427.2337881825968
78.89,7.627,9.053178117116163,1426.178117116163
78.9,7.628,9.053122446049729,1425.1224460497288
78.91,7.628,9.053072299566182,1425.0722995661818
78.92,7.63,9.053092332356327,1423.092332356327
78.93,7.632,9.053112365146472,1421.112365146472
78.94,7.634,9.053132397936617,1419.1323979366164
78.95,7.636,9.053152430726762,1417.1524307267616
78.96,7.636,9.053172463516907,1417.1724635169064
78.97,7.637,9.053167667553742,1416.1676675537426
78.98,7.638,9.05311048971578,1415.1104897157793
78.99,7.639,9.053053311877818,1414.0533118778178
79.0,7.64,9.052996134039857,1412.9961340398572
79.01,7.641,9.052938956201896,1411.9389562018955
79.02,7.642,9.052881778363934,1410.881778363934
79.03,7.642,9.052910734424568,1410.9107344245676
79.04,7.643,9.053004624384524,1410.0046243845243
79.05,7.643,9.05309851434448,1410.0985143444805
79.06,7.645,9.053192404304435,1408.1924043044348
79.07,7.646,9.05328629426439,1407.2862942643906
79.08,7.647,9.053380184224345,1406.3801842243447
79.09,7.646,9.053351630875294,1407.3516308752944
79.1,7.645,9.053295974062863,1408.295974062863
79.11,7.644,9.053240317250433,1409.2403172504326
79.12,7.643,9.053184660438001,1410.1846604380012
79.13,7.643,9.053129003625571,1410.1290036255714
79.14,7.642,9.053078452579722,1411.078452579722
79.15,7.641,9.053098596107349,1412.0985961073486
79.16,7.639,9.053118739634973,1414.118739634973
79.17,7.638,9.053138883162598,1415.138883162598
79.18,7.638,9.053159026690224,1415.1590266902242
79.19,7.638,9.053179170217849,1415.1791702178489
79.2,7.638,9.05317488892465,1415.1748889246498
79.21,7.637,9.053117727354513,1416.1177273545134
79.22,7.635,9.053060565784378,1418.060565784378
79.23,7.634,9.053003404214241,1419.0034042142408
79.24,7.633,9.052946242644104,1419.9462426441044
79.25,7.634,9.052889081073968,1418.8890810739672
79.26,7.634,9.05291711171573,1418.9171117157305
79.27,7.633,9.053010853270667,1420.010853270667
79.28,7.632,9.053104594825603,1421.1045948256035
79.29,7.631,9.05319833638054,1422.1983363805393
79.3,7.631,9.053292077935476,1422.2920779354756
79.31,7.631,9.053385819490412,1422.3858194904117
79.32,7.631,9.05335809002554,1422.35809002554
79.33,7.63,9.053302447280739,1423.3024472807392
79.34,7.629,9.053246804535936,1424.2468045359367
79.35,7.628,9.053191161791133,1425.1911617911333
79.36,7.628,9.05313551904633,1425.1355190463305
79.37,7.627,9.053084562210207,1426.0845622102077
79.38,7.627,9.053104816977603,1426.1048169776034
79.39,7.627,9.053125071744999,1426.125071744999
79.4,7.626,9.053145326512396,1427.1453265123962
79.41,7.626,9.053165581279792,1427.165581279792
79.42,7.625,9.053185836047188,1428.1858360471879
79.43,7.625,9.053182070787052,1428.1820707870522
79.44,7.625,9.053124925340365,1428.1249253403648
79.45,7.625,9.053067779893679,1428.067779893679
79.46,7.624,9.053010634446993,1429.0106344469934
79.47,7.623,9.052953489000307,1429.9534890003072
79.48,7.622,9.05289634355362,1430.89634355362
79.49,7.622,9.05292345046002,1430.9234504600195
79.5,7.622,9.053017043425436,1431.0170434254364
79.51,7.623,9.053110636390851,1430.1106363908511
79.52,7.623,9.053204229356268,1430.2042293562681
79.53,7.621,9.053297822321683,1432.2978223216828
79.54,7.621,9.0533914152871,1432.3914152870998
79.55,7.621,9.053364507693836,1432.364507693835
79.56,7.622,9.053308878829087,1431.3088788290872
79.57,7.623,9.053253249964339,1430.2532499643385
79.58,7.623,9.05319762109959,1430.1976210995902
79.59,7.622,9.053141992234842,1431.141992234842
79.6,7.621,9.053090628368306,1432.0906283683055
79.61,7.621,9.053110994888005,1432.1109948880046
79.62,7.622,9.053131361407704,1431.1313614077044
79.63,7.623,9.053151727927402,1430.1517279274015
79.64,7.623,9.0531720944471,1430.1720944471006
79.65,7.623,9.0531924609668,1430.1924609667997
79.66,7.622,9.053189213120588,1431.1892131205877
79.67,7.621,9.053132083652148,1432.1320836521477
79.68,7.621,9.05307495418371,1432.07495418371
79.69,7.621,9.05301782471527,1432.0178247152703
79.7,7.622,9.052960695246831,1430.9606952468314
79.71,7.622,9.052903565778392,1430.903565778392
79.72,7.621,9.052929750627733,1431.9297506277326
79.73,7.62,9.05302319480917,1433.0231948091691
79.74,7.62,9.053116638990605,1433.1166389906055
79.75,7.62,9.053210083172043,1433.2100831720434
79.76,7.621,9.05330352735348,1432.3035273534792
79.77,7.621,9.053396971534916,1432.3969715349153
79.78,7.62,9.053370883797754,1433.3708837977542
79.79,7.619,9.053315268624223,1434.315268624223
79.8,7.62,9.053259653450692,1433.2596534506913
79.81,7.62,9.05320403827716,1433.20403827716
79.82,7.62,9.053148423103629,1433.1484231036286
79.83,7.62,9.053096650954078,1433.096650954078
79.84,7.62,9.053117129749165,1433.1171297491644
79.85,7.62,9.053137608544253,1433.1376085442525
79.86,7.62,9.05315808733934,1433.158087339339
79.87,7.62,9.053178566134426,1433.1785661344254
79.88,7.62,9.053199044929514,1433.1990449295135
79.89,7.62,9.05319631589631,1433.1963158963097
79.9,7.618,9.05313920226003,1435.1392022600305
79.91,7.617,9.053082088623754,1436.0820886237536
79.92,7.616,9.053024974987476,1437.0249749874765
79.93,7.617,9.052967861351199,1435.967861351199
79.94,7.618,9.052910747714922,1434.9107477149214
79.95,7.619,9.052936012180353,1433.9360121803538
79.96,7.618,9.053029307373146,1435.0293073731457
79.97,7.617,9.05312260256594,1436.1226025659403
79.98,7.617,9.053215897758733,1436.215897758733
79.99,7.618,9.053309192951525,1435.3091929515251
80.0,7.619,9.05340248814432,1434.40248814432
80.01,7.62,9.05337721824452,1433.3772182445205
80.02,7.619,9.05332161657204,1434.3216165720403
80.03,7.618,9.05326601489956,1435.2660148995592
80.04,7.617,9.053210413227077,1436.2104132270774
80.05,7.617,9.053154811554597,1436.154811554597
80.06,7.619,9.053102629856646,1434.1026298566462
80.07,7.62,9.053123221461087,1433.123221461087
80.08,7.62,9.053143813065528,1433.143813065528
80.09,7.619,9.053164404669971,1434.1644046699712
80.1,7.618,9.053184996274412,1435.1849962744118
80.11,7.619,9.053205587878853,1434.2055878788535
80.12,7.62,9.05320337907643,1433.2033790764306
80.13,7.621,9.053146281125292,1432.1462811252914
80.14,7.621,9.053089183174155,1432.0891831741544
80.15,7.62,9.053032085223018,1433.032085223018
80.16,7.619,9.05297498727188,1433.9749872718794
80.17,7.619,9.052917889320742,1433.9178893207425
80.18,7.62,9.052942235070297,1432.942235070297
80.19,7.622,9.053035381059319,1431.0353810593188
80.2,7.622,9.05312852704834,1431.1285270483402
80.21,7.621,9.053221673037362,1432.2216730373611
80.22,7.62,9.053314819026383,1433.314819026383
80.23,7.62,9.053407965015404,1433.4079650154044
80.24,7.62,9.05338351093069,1433.38351093069
80.25,7.621,9.053327922567691,1432.3279225676906
80.26,7.621,9.053272334204694,1432.2723342046934
80.27,7.621,9.053216745841697,1432.2167458416964
80.28,7.619,9.053161157478698,1434.161157478698
80.29,7.619,9.053108564953854,1434.1085649538545
80.3,7.619,9.05312926991284,1434.129269912841
80.31,7.62,9.053149974871825,1433.1499748718252
80.32,7.621,9.053170679830812,1432.1706798308114
80.33,7.62,9.053191384789798,1433.1913847897981
80.34,7.619,9.053212089748783,1434.212089748783
80.35,7.618,9.053210402614097,1435.2104026140964
80.36,7.618,9.053153320200082,1435.1533202000812
80.37,7.619,9.053096237786065,1434.0962377860649
80.38,7.62,9.053039155372048,1433.0391553720476
80.39,7.62,9.052982072958033,1432.9820729580324
80.4,7.619,9.052924990544016,1433.9249905440158
80.41,7.618,9.052948419240655,1434.9484192406549
80.42,7.618,9.053041415800044,1435.0414158000433
80.43,7.619,9.05313441235943,1434.1344123594304
80.44,7.62,9.053227408918817,1433.2274089188165
80.45,7.62,9.053320405478205,1433.320405478205
80.46,7.619,9.053413402037592,1434.4134020375918
80.47,7.617,9.053389761741819,1436.389761741819
80.48,7.618,9.053334186495265,1435.3341864952647
80.49,7.619,9.053278611248711,1434.278611248711
80.5,7.62,9.053223036002157,1433.2230360021567
80.51,7.62,9.053167460755603,1433.1674607556026
80.52,7.619,9.053114456111919,1434.114456111919
80.53,7.617,9.053135274982216,1436.1352749822158
80.54,7.617,9.053156093852511,1436.156093852511
80.55,7.618,9.053176912722808,1435.1769127228079
80.56,7.619,9.053197731593103,1434.1977315931035
80.57,7.62,9.0532185504634,1433.2185504634003
80.58,7.619,9.053217386453102,1434.2173864531028
80.59,7.617,9.053160319427134,1436.1603194271338
80.6,7.617,9.053103252401167,1436.1032524011669
80.61,7.618,9.053046185375198,1435.0461853751976
80.62,7.619,9.052989118349231,1433.9891183492314
80.63,7.619,9.052932051323262,1433.9320513232626
80.64,7.618,9.052954564624915,1434.954564624915
80.65,7.616,9.053047411517785,1437.047411517785
80.66,7.615,9.053140258410654,1438.1402584106536
80.67,7.615,9.053233105303523,1438.2331053035227
80.68,7.617,9.053325952196394,1436.3259521963937
80.69,7.618,9.053418799089263,1435.4187990892626
80.7,7.617,9.0533959705521,1436.3959705520992
80.71,7.616,9.0533404082274,1437.340408227401
80.72,7.615,9.053284845902702,1438.284845902702
80.73,7.615,9.053229283578005,1438.2292835780054
80.74,7.616,9.053173721253307,1437.1737212533073
80.75,7.617,9.053120303185034,1436.1203031850343
80.76,7.617,9.053141236535353,1436.1412365353533
80.77,7.615,9.053162169885672,1438.162169885672
80.78,7.614,9.053183103235993,1439.183103235993
80.79,7.615,9.053204036586312,1438.2040365863115
80.8,7.616,9.053224969936633,1437.2249699366328
80.81,7.617,9.053224330527604,1436.2243305276036
80.82,7.616,9.053167278739494,1437.1672787394941
80.83,7.615,9.053110226951382,1438.1102269513822
80.84,7.614,9.05305317516327,1439.053175163271
80.85,7.614,9.05299612337516,1438.9961233751594
80.86,7.615,9.052939071587048,1437.9390715870475
80.87,7.616,9.052960671146645,1436.960671146645
80.88,7.616,9.053053368124791,1437.0533681247916
80.89,7.615,9.05314606510294,1438.1460651029397
80.9,7.614,9.053238762081088,1439.2387620810885
80.91,7.614,9.053331459059235,1439.3314590592352
80.92,7.615,9.053424156037384,1438.4241560373835
80.93,7.616,9.053402137223967,1437.4021372239679
80.94,7.615,9.05334658762491,1438.3465876249097
80.95,7.614,9.053291038025854,1439.2910380258543
80.96,7.613,9.053235488426797,1440.2354884267963
80.97,7.613,9.05317993882774,1440.1799388277389
80.98,7.614,9.053126106014945,1439.1261060149452
80.99,7.614,9.05314715442634,1439.1471544263395
81.0,7.614,9.053168202837734,1439.1682028377338
81.01,7.613,9.053189251249128,1440.1892512491274
81.02,7.612,9.053210299660522,1441.210299660522
81.03,7.612,9.053231348071916,1441.2313480719163
81.04,7.614,9.05323123476183,1439.23123476183
81.05,7.614,9.0531741980602,1439.1741980601998
81.06,7.614,9.05311716135857,1439.1171613585695
81.07,7.614,9.05306012465694,1439.0601246569395
81.08,7.613,9.053003087955307,1440.003087955307
81.09,7.613,9.052946051253677,1439.9460512536768
81.1,7.614,9.052966738719187,1438.9667387191869
81.11,7.614,9.053059285522775,1439.0592855227746
81.12,7.614,9.053151832326362,1439.1518323263624
81.13,7.613,9.05324437912995,1440.2443791299495
81.14,7.612,9.053336925933538,1441.3369259335375
81.15,7.613,9.053429472737125,1440.429472737125
81.16,7.613,9.053408261607705,1440.408261607705
81.17,7.613,9.053352724536365,1440.352724536365
81.18,7.613,9.053297187465025,1440.297187465025
81.19,7.612,9.053241650393684,1441.2416503936836
81.2,7.612,9.053186113322344,1441.1861133223435
81.21,7.613,9.053131864430531,1440.1318644305309
81.22,7.612,9.053153028496792,1441.1530284967923
81.23,7.612,9.053174192563054,1441.1741925630536
81.24,7.612,9.053195356629315,1441.195356629315
81.25,7.612,9.053216520695575,1441.2165206955744
81.26,7.612,9.053237684761836,1441.2376847618357
81.27,7.611,9.053238099069734,1442.2380990697343
81.28,7.611,9.053181077301955,1442.1810773019556
81.29,7.61,9.053124055534179,1443.1240555341783
81.3,7.611,9.0530670337664,1442.0670337664
81.31,7.611,9.053010011998623,1442.0100119986232
81.32,7.612,9.052952990230844,1440.9529902308443
81.33,7.611,9.052972767245306,1441.9727672453062
81.34,7.61,9.05306516360253,1443.0651636025304
81.35,7.61,9.053157559959756,1443.1575599597552
81.36,7.61,9.05324995631698,1443.2499563169802
81.37,7.611,9.053342352674205,1442.3423526742054
81.38,7.611,9.053434749031432,1442.434749031432
81.39,7.61,9.053414343541004,1443.4143435410033
81.4,7.609,9.05335881879766,1444.3588187976602
81.41,7.61,9.053303294054318,1443.303294054318
81.42,7.61,9.053247769310975,1443.2477693109745
81.43,7.611,9.053192244567631,1442.1922445676314
81.44,7.612,9.053137578247329,1441.1375782473285
81.45,7.612,9.053158858575415,1441.158858575415
81.46,7.612,9.053180138903501,1441.1801389035013
81.47,7.612,9.053201419231588,1441.2014192315876
81.48,7.613,9.053222699559674,1440.2226995596736
81.49,7.615,9.053243979887759,1438.2439798877585
81.5,7.615,9.053244923354667,1438.2449233546665
81.51,7.615,9.05318791636679,1438.1879163667898
81.52,7.614,9.053130909378913,1439.130909378913
81.53,7.614,9.053073902391038,1439.073902391038
81.54,7.615,9.053016895403161,1438.0168954031608
81.55,7.617,9.052959888415284,1435.959888415284
81.56,7.619,9.052978756616834,1433.9787566168347
81.57,7.619,9.053071002243582,1434.0710022435826
81.58,7.618,9.05316324787033,1435.1632478703298
81.59,7.618,9.05325549349708,1435.2554934970794
81.6,7.619,9.053347739123828,1434.3477391238278
81.61,7.62,9.053439984750575,1433.4399847505751
81.62,7.622,9.053420382848504,1431.4203828485042
81.63,7.622,9.053364870231555,1431.3648702315547
81.64,7.621,9.053309357614603,1432.309357614603
81.65,7.622,9.053253844997654,1431.253844997654
81.66,7.624,9.053198332380703,1429.1983323807028
81.67,7.626,9.053143247267048,1427.1432472670479
81.68,7.628,9.053164644477528,1425.1646444775279
81.69,7.628,9.053186041688008,1425.1860416880077
81.7,7.628,9.05320743889849,1425.2074388984895
81.71,7.628,9.05322883610897,1425.2288361089693
81.72,7.628,9.05325023331945,1425.2502333194493
81.73,7.629,9.053251707509013,1424.2517075090132
81.74,7.63,9.053194715145686,1423.1947151456864
81.75,7.631,9.053137722782362,1422.1377227823614
81.76,7.63,9.053080730419035,1423.0807304190353
81.77,7.63,9.053023738055709,1423.0237380557087
81.78,7.63,9.052966745692384,1422.966745692384
81.79,7.631,9.052984706714286,1421.9847067142855
81.8,7.632,9.053076801313765,1421.076801313765
81.81,7.633,9.053168895913243,1420.1688959132434
81.82,7.633,9.053260990512722,1420.2609905127224
81.83,7.632,9.053353085112203,1421.3530851122034
81.84,7.632,9.053445179711682,1421.4451797116822
81.85,7.633,9.0534263793413,1420.4263793412997
81.86,7.633,9.05337087864716,1420.3708786471595
81.87,7.635,9.05331537795302,1418.3153779530198
81.88,7.636,9.05325987725888,1417.2598772588794
81.89,7.636,9.05320437656474,1417.2043765647393
81.9,7.637,9.0531488758706,1416.1488758705998
81.91,7.638,9.053170386004545,1415.1703860045454
81.92,7.64,9.053191900732063,1413.1919007320635
81.93,7.641,9.053213415459581,1412.2134154595808
81.94,7.642,9.053234930187099,1411.2349301870984
81.95,7.642,9.053256444914616,1411.2564449146162
81.96,7.641,9.053258451413768,1412.2584514137682
81.97,7.642,9.053201473518165,1411.2014735181644
81.98,7.644,9.053144495622561,1409.1444956225612
81.99,7.645,9.053087517726958,1408.0875177269584
82.0,7.647,9.053030539831354,1406.0305398313542
82.01,7.647,9.052973561935751,1405.9735619357507
82.02,7.647,9.052990617406417,1405.9906174064167
82.03,7.646,9.053082560668775,1407.0825606687754
82.04,7.648,9.053174503931132,1405.174503931132
82.05,7.649,9.05326644719349,1404.26644719349
82.06,7.65,9.053358390455848,1403.358390455848
82.07,7.65,9.053450333718205,1403.4503337182045
82.08,7.65,9.053432332816405,1403.4323328164041
82.09,7.65,9.053376843839416,1403.3768438394159
82.1,7.652,9.053321354862428,1401.3213548624276
82.11,7.653,9.053265865885438,1400.2658658854382
82.12,7.654,9.05321037690845,1399.2103769084495
82.13,7.654,9.053154887931461,1399.154887931461
82.14,7.653,9.053176082943443,1400.1760829434434
82.15,7.652,9.053197715837205,1401.1977158372054
82.16,7.652,9.053219348730966,1401.2193487309662
82.17,7.653,9.053240981624729,1400.240981624729
82.18,7.654,9.05326261451849,1399.2626145184897
82.19,7.654,9.05326515493815,1399.265154938151
82.2,7.653,9.053208191351883,1400.208191351884
82.21,7.652,9.053151227765616,1401.1512277656157
82.22,7.653,9.053094264179348,1400.0942641793488
82.23,7.654,9.053037300593079,1399.0373005930792
82.24,7.655,9.052980337006812,1397.9803370068114
82.25,7.656,9.05299648854982,1396.9964885498198
82.26,7.655,9.053088280151737,1398.0882801517369
82.27,7.653,9.053180071753655,1400.1800717536553
82.28,7.652,9.053271863355572,1401.2718633555723
82.29,7.652,9.05336365495749,1401.3636549574899
82.3,7.653,9.05345544655941,1400.45544655941
82.31,7.653,9.053438243056215,1400.4382430562155
82.32,7.651,9.053382765588537,1402.3827655885377
82.33,7.65,9.05332728812086,1403.3272881208595
82.34,7.649,9.053271810653182,1404.2718106531825
82.35,7.649,9.053216333185505,1404.216333185505
82.36,7.65,9.05316085571783,1403.1608557178288
82.37,7.65,9.053181735066184,1403.181735066184
82.38,7.648,9.053203486790471,1405.2034867904713
82.39,7.647,9.053225238514758,1406.2252385147574
82.4,7.646,9.053246990239044,1407.2469902390444
82.41,7.646,9.053268741963333,1407.2687419633328
82.42,7.646,9.053271817939141,1407.271817939141
82.43,7.646,9.053214868502176,1407.2148685021757
82.44,7.645,9.053157919065212,1408.1579190652126
82.45,7.643,9.053100969628247,1410.100969628247
82.46,7.642,9.053044020191283,1411.044020191283
82.47,7.642,9.052987070754318,1410.9870707543175
82.48,7.642,9.053002319988428,1411.0023199884276
82.49,7.642,9.053093959592697,1411.093959592697
82.5,7.641,9.053185599196967,1412.1855991969667
82.51,7.639,9.053277238801236,1414.2772388012359
82.52,7.638,9.053368878405506,1415.3688784055057
82.53,7.637,9.053460518009775,1416.4605180097753
82.54,7.638,9.053444109827895,1415.444109827895
82.55,7.638,9.053388643659403,1415.3886436594032
82.56,7.637,9.053333177490911,1416.3331774909116
82.57,7.635,9.05327771132242,1418.2777113224195
82.58,7.634,9.053222245153927,1419.222245153927
82.59,7.634,9.053166778985435,1419.166778985435
82.6,7.634,9.05318734212911,1419.18734212911
82.61,7.634,9.053209213363813,1419.2092133638123
82.62,7.634,9.053231084598513,1419.231084598513
82.63,7.632,9.053252955833216,1421.252955833216
82.64,7.631,9.053274827067918,1422.274827067918
82.65,7.63,9.053278440260996,1423.2784402609964
82.66,7.631,9.053221504811566,1422.2215048115654
82.67,7.631,9.053164569362135,1422.1645693621347
82.68,7.631,9.053107633912704,1422.1076339127042
82.69,7.629,9.053050698463274,1424.050698463274
82.7,7.627,9.052993763013843,1425.9937630138434
82.71,7.626,9.053008111553018,1427.0081115530172
82.72,7.626,9.053099598808089,1427.0995988080886
82.73,7.626,9.053191086063162,1427.1910860631615
82.74,7.626,9.053282573318233,1427.2825733182328
82.75,7.624,9.053374060573306,1429.3740605733065
82.76,7.623,9.053465547828377,1430.465547828377
82.77,7.621,9.053449932882742,1432.449932882742
82.78,7.621,9.053394477800909,1432.3944778009086
82.79,7.621,9.053339022719076,1432.3390227190753
82.8,7.621,9.053283567637243,1432.283567637242
82.81,7.619,9.05322811255541,1434.2281125554096
82.82,7.617,9.053172657473576,1436.172657473576
82.83,7.616,9.053192903872265,1437.1929038722656
82.84,7.616,9.053214895313447,1437.2148953134474
82.85,7.616,9.053236886754627,1437.2368867546274
82.86,7.616,9.053258878195809,1437.2588781958093
82.87,7.616,9.053280869636989,1437.2808696369893
82.88,7.614,9.053285021734748,1439.2850217347482
82.89,7.612,9.053228100109251,1441.2281001092513
82.9,7.612,9.053171178483757,1441.1711784837564
82.91,7.613,9.053114256858262,1440.1142568582611
82.92,7.613,9.053057335232765,1440.0573352327647
82.93,7.613,9.05300041360727,1440.0004136072698
82.94,7.611,9.053013863060674,1442.0138630606739
82.95,7.609,9.053105197600187,1444.1051976001872
82.96,7.609,9.053196532139701,1444.196532139701
82.97,7.61,9.053287866679213,1443.2878666792126
82.98,7.611,9.053379201218727,1442.3792012187268
82.99,7.611,9.05347053575824,1442.4705357582407
83.0,7.61,9.053455711955515,1443.4557119555143
83.01,7.609,9.053400267745294,1444.4002677452943
83.02,7.608,9.053344823535074,1445.3448235350743
83.03,7.608,9.053289379324854,1445.289379324854
83.04,7.609,9.053233935114633,1444.2339351146334
83.05,7.61,9.053178490904413,1443.1784909044127
83.06,7.609,9.053198420018727,1444.1984200187273
83.07,7.608,9.053220532379216,1445.2205323792161
83.08,7.608,9.053242644739706,1445.2426447397065
83.09,7.609,9.053264757100195,1444.2647571001946
83.1,7.61,9.053286869460685,1443.2868694606843
83.11,7.61,9.053291562177666,1443.2915621776656
83.12,7.61,9.053234654210573,1443.2346542105731
83.13,7.609,9.053177746243481,1444.1777462434811
83.14,7.608,9.053120838276389,1445.120838276389
83.15,7.608,9.053063930309296,1445.0639303092964
83.16,7.609,9.053007022342204,1444.0070223422038
83.17,7.61,9.053019574314213,1443.0195743142126
83.18,7.61,9.053110755756494,1443.1107557564937
83.19,7.609,9.053201937198777,1444.201937198777
83.2,7.608,9.053293118641058,1445.2931186410583
83.21,7.609,9.05338430008334,1444.3843000833408
83.22,7.61,9.053475481525622,1443.4754815256215
83.23,7.612,9.053461446763702,1441.4614467637018
83.24,7.612,9.053406013207404,1441.4060132074037
83.25,7.611,9.053350579651108,1442.3505796511079
83.26,7.611,9.05329514609481,1442.2951460948098
83.27,7.611,9.053239712538513,1442.2397125385135
83.28,7.612,9.053184278982215,1441.184278982215
83.29,7.614,9.053203890273831,1439.2038902738316
83.3,7.614,9.053226124283844,1439.2261242838442
83.31,7.613,9.053248358293859,1440.248358293858
83.32,7.611,9.053270592303871,1442.2705923038714
83.33,7.611,9.053292826313886,1442.2928263138858
83.34,7.611,9.053298061392654,1442.2980613926545
83.35,7.611,9.053241166916397,1442.2411669163973
83.36,7.611,9.05318427244014,1442.18427244014
83.37,7.61,9.05312737796388,1443.1273779638802
83.38,7.609,9.053070483487623,1444.0704834876233
83.39,7.608,9.053013589011364,1445.0135890113645
83.4,7.607,9.053025245101566,1446.0252451015654
83.41,7.607,9.053116273049104,1446.1162730491042
83.42,7.607,9.053207300996645,1446.2073009966448
83.43,7.606,9.053298328944186,1447.2983289441856
83.44,7.605,9.053389356891726,1448.3893568917256
83.45,7.604,9.053480384839267,1449.4803848392667
83.46,7.604,9.053467137006745,1449.467137006745
83.47,7.604,9.053411713883905,1449.4117138839053
83.48,7.604,9.053356290761064,1449.356290761064
83.49,7.604,9.053300867638225,1449.3008676382244
83.5,7.603,9.053245444515385,1450.245444515385
83.51,7.601,9.053190021392545,1452.1900213925453
83.52,7.6,9.05320931432439,1453.2093143243899
83.53,7.6,9.053231670732185,1453.231670732185
83.54,7.6,9.05325402713998,1453.2540271399803
83.55,7.6,9.053276383547777,1453.2763835477774
83.56,7.6,9.053298739955572,1453.2987399555725
83.57,7.599,9.053304519167641,1454.3045191676408
83.58,7.598,9.053247638012502,1455.2476380125024
83.59,7.597,9.053190756857362,1456.190756857361
83.6,7.598,9.053133875702223,1455.1338757022227
83.61,7.598,9.053076994547084,1455.0769945470838
83.62,7.598,9.053020113391943,1455.0201133919431
83.63,7.597,9.053030875195125,1456.0308751951245
83.64,7.595,9.053121749234018,1458.1217492340181
83.65,7.595,9.05321262327291,1458.212623272911
83.66,7.595,9.053303497311804,1458.303497311804
83.67,7.596,9.053394371350697,1457.3943713506967
83.68,7.595,9.05348524538959,1458.48524538959
83.69,7.594,9.053472782365203,1459.4727823652026
83.7,7.592,9.053417369452443,1461.4173694524436
83.71,7.591,9.053361956539682,1462.3619565396816
83.72,7.591,9.05330654362692,1462.3065436269203
83.73,7.592,9.05325113071416,1461.251130714161
83.74,7.591,9.0531957178014,1462.195717801399
83.75,7.59,9.053214691837825,1463.214691837825
83.76,7.588,9.053237171410393,1465.2371714103926
83.77,7.587,9.05325965098296,1466.259650982961
83.78,7.586,9.05328213055553,1467.2821305555299
83.79,7.587,9.053304610128098,1466.3046101280984
83.8,7.587,9.053310935274906,1466.3109352749063
83.81,7.586,9.053254067268902,1467.254067268902
83.82,7.585,9.053197199262897,1468.197199262897
83.83,7.585,9.053140331256893,1468.140331256893
83.84,7.584,9.053083463250887,1469.0834632508877
83.85,7.584,9.053026595244884,1469.026595244884
83.86,7.585,9.053036464351035,1468.0364643510347
83.87,7.584,9.053127184050393,1469.127184050393
83.88,7.584,9.053217903749752,1469.2179037497528
83.89,7.582,9.05330862344911,1471.3086234491107
83.9,7.582,9.05339934314847,1471.3993431484705
83.91,7.582,9.053490062847828,1471.4900628478285
83.92,7.582,9.053478382499879,1471.4783824998792
83.93,7.582,9.053422979570758,1471.4229795707583
83.94,7.581,9.053367576641637,1472.3675766416368
83.95,7.58,9.053312173712516,1473.3121737125164
83.96,7.579,9.053256770783397,1474.2567707833975
83.97,7.579,9.053201367854276,1474.2013678542767
83.98,7.579,9.053220022461263,1474.220022461263
83.99,7.579,9.05324262598505,1474.24262598505
84.0,7.579,9.053265229508836,1474.2652295088367
84.01,7.578,9.053287833032625,1475.2878330326248
84.02,7.577,9.053310436556412,1476.3104365564122
84.03,7.577,9.05331730947036,1476.3173094703602
84.04,7.577,9.053260454439119,1476.260454439119
84.05,7.577,9.053203599407878,1476.2035994078778
84.06,7.577,9.053146744376638,1476.1467443766385
84.07,7.577,9.053089889345397,1476.0898893453973
84.08,7.576,9.053033034314156,1477.0330343141563
84.09,7.577,9.053042012308442,1476.0420123084418
84.1,7.578,9.053132577219776,1475.1325772197754
84.11,7.579,9.05322314213111,1474.2231421311099
84.12,7.58,9.053313707042443,1473.3137070424434
84.13,7.58,9.053404271953777,1473.4042719537772
84.14,7.581,9.053494836865111,1472.4948368651108
84.15,7.582,9.053483937050853,1471.483937050853
84.16,7.583,9.053428543875722,1470.4285438757215
84.17,7.584,9.053373150700589,1469.373150700589
84.18,7.584,9.053317757525456,1469.3177575254558
84.19,7.584,9.053262364350324,1469.2623643503246
84.2,7.584,9.053206971175191,1469.2069711751917
84.21,7.584,9.053225305820554,1469.2253058205545
84.22,7.585,9.053248034102232,1468.2480341022322
84.23,7.586,9.05327076238391,1467.2707623839099
84.24,7.587,9.053293490665586,1466.2934906655867
84.25,7.587,9.053316218947264,1466.3162189472648
84.26,7.587,9.053323641492792,1466.3236414927924
84.27,7.588,9.053266799259422,1465.266799259422
84.28,7.588,9.05320995702605,1465.2099570260502
84.29,7.589,9.053153114792678,1464.153114792678
84.3,7.59,9.053096272559308,1463.0962725593085
84.31,7.59,9.053039430325937,1463.0394303259368
84.32,7.59,9.05304751878868,1463.047518788681
84.33,7.59,9.053137928445237,1463.1379284452369
84.34,7.59,9.053228338101793,1463.2283381017928
84.35,7.59,9.053318747758349,1463.3187477583488
84.36,7.59,9.053409157414904,1463.4091574149047
84.37,7.59,9.05349956707146,1463.4995670714607
84.38,7.59,9.053489445636464,1463.4894456364639
84.39,7.59,9.05343406198229,1463.4340619822908
84.4,7.591,9.05337867832812,1462.3786783281191
84.41,7.592,9.053323294673946,1461.3232946739467
84.42,7.593,9.053267911019773,1460.2679110197735
84.43,7.593,9.053212527365602,1460.2125273656022
84.44,7.593,9.053230541519211,1460.2305415192109
84.45,7.592,9.053253395386482,1461.253395386483
84.46,7.593,9.053276249253754,1460.276249253754
84.47,7.594,9.053299103121025,1459.2991031210252
84.48,7.594,9.053321956988297,1459.3219569882967
84.49,7.594,9.053329931063033,1459.3299310630323
84.5,7.593,9.053273101447978,1460.273101447978
84.51,7.591,9.053216271832923,1462.216271832923
84.52,7.591,9.053159442217869,1462.1594422178682
84.53,7.592,9.053102612602814,1461.1026126028141
84.54,7.593,9.053045782987759,1460.0457829877591
84.55,7.593,9.053052983494418,1460.0529834944175
84.56,7.593,9.053143237410483,1460.1432374104827
84.57,7.593,9.053233491326548,1460.2334913265481
84.58,7.593,9.053323745242613,1460.3237452426133
84.59,7.593,9.053413999158678,1460.4139991586785
84.6,7.594,9.053504253074744,1459.5042530747432
84.61,7.595,9.053494907852217,1458.4949078522175
84.62,7.595,9.053439533482427,1458.4395334824274
84.63,7.594,9.053384159112639,1459.3841591126386
84.64,7.594,9.053328784742849,1459.3287847428487
84.65,7.595,9.053273410373059,1458.2734103730593
84.66,7.595,9.05321803600327,1458.218036003271
84.67,7.596,9.053235729137288,1457.2357291372882
84.68,7.597,9.053258709439746,1456.2587094397452
84.69,7.598,9.053281689742203,1455.281689742203
84.7,7.598,9.053304670044659,1455.304670044659
84.71,7.598,9.053327650347116,1455.327650347116
84.72,7.598,9.053336177883079,1455.3361778830788
84.73,7.599,9.053279360703979,1454.2793607039785
84.74,7.599,9.053222543524878,1454.2225435248781
84.75,7.6,9.053165726345778,1453.1657263457785
84.76,7.6,9.05310890916668,1453.10890916668
84.77,7.599,9.05305209198758,1454.0520919875792
84.78,7.598,9.053058406108699,1455.0584061086988
84.79,7.599,9.053148503778862,1454.1485037788623
84.8,7.6,9.053238601449026,1453.2386014490264
84.81,7.601,9.05332869911919,1452.3286991191897
84.82,7.602,9.053418796789352,1451.4187967893513
84.83,7.602,9.053508894459515,1451.508894459515
84.84,7.603,9.053500323269605,1450.5003232696047
84.85,7.603,9.053444957943892,1450.4449579438922
84.86,7.604,9.053389592618178,1449.3895926181776
84.87,7.604,9.053334227292465,1449.3342272924651
84.88,7.605,9.053278861966751,1448.2788619667506
84.89,7.605,9.053223496641039,1448.223496641038
84.9,7.605,9.053240868230175,1448.240868230174
84.91,7.605,9.053263975840197,1448.263975840197
84.92,7.606,9.05328708345022,1447.2870834502203
84.93,7.606,9.053310191060241,1447.3101910602413
84.94,7.606,9.053333298670264,1447.333298670264
84.95,7.605,9.053342381635135,1448.3423816351344
84.96,7.605,9.053285576706665,1448.2855767066649
84.97,7.604,9.053228771778196,1449.2287717781958
84.98,7.605,9.053171966849726,1448.171966849726
84.99,7.605,9.053115161921257,1448.1151619212565
85.0,7.604,9.053058356992787,1449.0583569927874
85.01,7.603,9.053063786293968,1450.0637862939686
85.02,7.603,9.053153727192335,1450.153727192335
85.03,7.602,9.053243668090701,1451.2436680907008
85.04,7.603,9.053333608989067,1450.3336089890677
85.05,7.604,9.053423549887434,1449.4235498874336
85.06,7.604,9.0535134907858,1449.5134907858
85.07,7.604,9.053505691434836,1449.5056914348359
85.08,7.604,9.05345033490897,1449.4503349089696
85.09,7.604,9.053394978383103,1449.3949783831033
85.1,7.604,9.053339621857237,1449.339621857237
85.11,7.605,9.05328426533137,1448.2842653313703
85.12,7.605,9.053228908805504,1448.228908805504
85.13,7.605,9.053245958327281,1448.2459583272807
85.14,7.604,9.053269194140993,1449.2691941409932
85.15,7.604,9.053292429954707,1449.2924299547071
85.16,7.605,9.053315665768421,1448.3156657684208
85.17,7.606,9.053338901582134,1447.3389015821335
85.18,7.606,9.053348541980602,1447.3485419806025
85.19,7.606,9.053291749114306,1447.2917491143064
85.2,7.605,9.05323495624801,1448.23495624801
85.21,7.605,9.053178163381714,1448.1781633817138
85.22,7.605,9.053121370515418,1448.121370515418
85.23,7.605,9.053064577649122,1448.064577649122
85.24,7.605,9.053069123690964,1448.0691236909636
85.25,7.605,9.053158907270323,1448.1589072703223
85.26,7.603,9.053248690849681,1450.2486908496817
85.27,7.602,9.053338474429042,1451.3384744290415
85.28,7.602,9.0534282580084,1451.4282580084005
85.29,7.602,9.053518041587761,1451.5180415877608
85.3,7.602,9.05351101186748,1451.5110118674795
85.31,7.601,9.0534556638931,1452.4556638931
85.32,7.599,9.053400315918722,1454.400315918722
85.33,7.599,9.053344967944343,1454.3449679443422
85.34,7.598,9.053289619969965,1455.2896199699649
85.35,7.598,9.053234271995585,1455.234271995585
85.36,7.598,9.053250998930624,1455.2509989306238
85.37,7.598,9.053274363868914,1455.274363868914
85.38,7.597,9.053297728807204,1456.2977288072032
85.39,7.596,9.053321093745494,1457.3210937454935
85.4,7.596,9.053344458683783,1457.3444586837834
85.41,7.596,9.053354658558966,1457.354658558966
85.42,7.596,9.053297877563082,1457.2978775630822
85.43,7.595,9.053241096567197,1458.241096567197
85.44,7.595,9.053184315571311,1458.1843155713113
85.45,7.594,9.053127534575427,1459.127534575427
85.46,7.593,9.053070753579542,1460.0707535795418
85.47,7.594,9.05307441791758,1459.07441791758
85.48,7.594,9.05316404360852,1459.1640436085197
85.49,7.594,9.053253669299462,1459.2536692994615
85.5,7.593,9.053343294990404,1460.3432949904036
85.51,7.592,9.053432920681345,1461.4329206813456
85.52,7.592,9.053522546372287,1461.5225463722875
85.53,7.591,9.053516284058993,1462.516284058993
85.54,7.591,9.0534609443834,1462.4609443833992
85.55,7.591,9.053405604707804,1462.4056047078034
85.56,7.59,9.05335026503221,1463.3502650322096
85.57,7.589,9.053294925356614,1464.2949253566132
85.58,7.588,9.05323958568102,1465.2395856810197
85.59,7.588,9.053255989513353,1465.255989513353
85.6,7.587,9.053279484522934,1466.279484522934
85.61,7.587,9.053302979532514,1466.3029795325144
85.62,7.587,9.053326474542095,1466.326474542095
85.63,7.585,9.053349969551675,1468.3499695516753
85.64,7.585,9.05336073098662,1468.3607309866202
85.65,7.584,9.053303961665886,1469.3039616658866
85.66,7.585,9.053247192345154,1468.247192345154
85.67,7.585,9.05319042302442,1468.1904230244197
85.68,7.584,9.053133653703688,1469.133653703688
85.69,7.584,9.053076884382953,1469.0768843829537
85.7,7.583,9.053079668567593,1470.0796685675925
85.71,7.583,9.05316913577756,1470.16913577756
85.72,7.583,9.053258602987528,1470.2586029875279
85.73,7.583,9.053348070197496,1470.3480701974954
85.74,7.583,9.053437537407463,1470.437537407463
85.75,7.582,9.05352700461743,1471.527004617431
85.76,7.581,9.053521507471128,1472.5215074711277
85.77,7.581,9.053466175837036,1472.4661758370355
85.78,7.581,9.053410844202944,1472.410844202943
85.79,7.581,9.053355512568851,1472.3555125688508
85.8,7.581,9.053300180934759,1472.3001809347584
85.81,7.581,9.053244849300667,1472.2448493006661
85.82,7.58,9.05326092951807,1473.2609295180694
85.83,7.58,9.053284555572628,1473.2845555726276
85.84,7.58,9.053308181627184,1473.3081816271838
85.85,7.58,9.053331807681742,1473.3318076817418
85.86,7.58,9.0533554337363,1473.3554337363
85.87,7.581,9.053366758855578,1472.3667588555775
85.88,7.58,9.05331000101104,1473.3100010110397
85.89,7.581,9.0532532431665,1472.2532431664997
85.9,7.581,9.053196485321962,1472.1964853219615
85.91,7.581,9.053139727477422,1472.1397274774217
85.92,7.581,9.053082969632884,1472.0829696328838
85.93,7.581,9.053084875209315,1472.0848752093145
85.94,7.581,9.053174183321605,1472.174183321605
85.95,7.581,9.053263491433897,1472.2634914338971
85.96,7.582,9.05335279954619,1471.3527995461898
85.97,7.582,9.05344210765848,1471.4421076584802
85.98,7.582,9.053531415770772,1471.5314157707721
85.99,7.583,9.05352668153423,1470.5266815342295
86.0,7.583,9.053471357679532,1470.471357679532
86.01,7.583,9.053416033824837,1470.4160338248364
86.02,7.583,9.053360709970141,1470.3607099701408
86.03,7.582,9.053305386115444,1471.3053861154438
86.04,7.582,9.053250062260748,1471.250062260748
86.05,7.583,9.053265818355085,1470.2658183550845
86.06,7.583,9.053289576456484,1470.2895764564837
86.07,7.583,9.053313334557881,1470.313334557881
86.08,7.582,9.05333709265928,1471.3370926592804
86.09,7.582,9.053360850760678,1471.3608507606777
86.1,7.582,9.053372741732074,1471.3727417320745
86.11,7.582,9.05331599516086,1471.31599516086
86.12,7.582,9.053259248589647,1471.2592485896473
86.13,7.582,9.053202502018433,1471.202502018433
86.14,7.583,9.05314575544722,1470.14575544722
86.15,7.583,9.053089008876006,1470.0890088760054
86.16,7.583,9.053090037384111,1470.090037384111
86.17,7.583,9.053179185756806,1470.1791857568055
86.18,7.583,9.053268334129502,1470.2683341295017
86.19,7.582,9.053357482502197,1471.3574825021967
86.2,7.582,9.053446630874891,1471.4466308748913
86.21,7.582,9.053535779247587,1471.5357792475877
86.22,7.582,9.053531805645353,1471.5318056453527
86.23,7.582,9.053476489302861,1471.4764893028614
86.24,7.582,9.053421172960368,1471.421172960368
86.25,7.582,9.053365856617875,1471.365856617875
86.26,7.58,9.053310540275383,1473.3105402753831
86.27,7.58,9.05325522393289,1473.25522393289
86.28,7.58,9.0532706554005,1473.2706554004994
86.29,7.579,9.053294546580071,1474.2945465800715
86.3,7.578,9.053318437759641,1475.3184377596406
86.31,7.577,9.053342328939213,1476.3423289392126
86.32,7.577,9.053366220118782,1476.3662201187824
86.33,7.577,9.05337867915509,1476.37867915509
86.34,7.576,9.053321943650188,1477.3219436501881
86.35,7.576,9.053265208145286,1477.265208145286
86.36,7.575,9.053208472640383,1478.2084726403832
86.37,7.574,9.05315173713548,1479.1517371354796
86.38,7.574,9.053095001630577,1479.0950016305776
86.39,7.574,9.053095154604822,1479.0951546048223
86.4,7.574,9.053184142569641,1479.1841425696414
86.41,7.573,9.053273130534459,1480.2731305344582
86.42,7.572,9.053362118499278,1481.3621184992778
86.43,7.571,9.053451106464097,1482.4511064640974
86.44,7.571,9.053540094428916,1482.5400944289165
86.45,7.57,9.053536879166277,1483.5368791662765
86.46,7.57,9.053481570063424,1483.4815700634233
86.47,7.569,9.053426260960572,1484.4262609605723
86.48,7.568,9.05337095185772,1485.3709518577211
86.49,7.568,9.053315642754868,1485.315642754868
86.5,7.567,9.053260333652016,1486.260333652016
86.51,7.567,9.053275439994117,1486.2754399941168
86.52,7.567,9.053299465314028,1486.299465314028
86.53,7.566,9.053323490633938,1487.3234906339378
86.54,7.565,9.053347515953849,1488.3475159538486
86.55,7.564,9.05337154127376,1489.3715412737602
86.56,7.564,9.05338457063468,1489.3845706346801
86.57,7.565,9.053327845984683,1488.3278459846822
86.58,7.565,9.053271121334685,1488.2711213346847
86.59,7.565,9.053214396684687,1488.214396684687
86.6,7.564,9.05315767203469,1489.1576720346898
86.61,7.563,9.053100947384692,1490.1009473846925
86.62,7.564,9.053100226353997,1489.1002263539974
86.63,7.564,9.053189053215078,1489.1890532150783
86.64,7.564,9.053277880076157,1489.2778800761573
86.65,7.564,9.053366706937238,1489.366706937238
86.66,7.562,9.053455533798317,1491.4555337983168
86.67,7.561,9.053544360659396,1492.5443606593963
86.68,7.56,9.053541901421264,1493.5419014212644
86.69,7.561,9.053486599279816,1492.4865992798163
86.7,7.561,9.05343129713837,1492.4312971383706
86.71,7.561,9.053375994996923,1492.375994996923
86.72,7.56,9.053320692855477,1493.3206928554775
86.73,7.559,9.05326539071403,1494.2653907140295
86.74,7.559,9.053280171437159,1494.2801714371585
86.75,7.559,9.053304331991875,1494.3043319918745
86.76,7.559,9.05332849254659,1494.3284925465905
86.77,7.558,9.053352653101307,1495.3526531013067
86.78,7.557,9.053376813656023,1496.3768136560223
86.79,7.557,9.053390415650195,1496.390415650195
86.8,7.557,9.053333701639037,1496.3337016390365
86.81,7.557,9.053276987627878,1496.276987627878
86.82,7.556,9.053220273616718,1497.2202736167183
86.83,7.555,9.05316355960556,1498.16355960556
86.84,7.554,9.053106845594401,1499.106845594401
86.85,7.555,9.053105252082013,1498.1052520820128
86.86,7.556,9.053193917114596,1497.193917114596
86.87,7.556,9.05328258214718,1497.2825821471795
86.88,7.556,9.053371247179763,1497.371247179763
86.89,7.555,9.053459912212347,1498.459912212347
86.9,7.554,9.05354857724493,1499.54857724493
86.91,7.554,9.053546871694655,1499.5468716946548
86.92,7.554,9.05349157623038,1499.4915762303797
86.93,7.554,9.053436280766107,1499.4362807661066
86.94,7.553,9.053380985301832,1500.380985301832
86.95,7.553,9.053325689837557,1500.325689837557
86.96,7.554,9.053270394373282,1499.2703943732818
86.97,7.555,9.05328484898977,1498.2848489897708
86.98,7.555,9.053309145907614,1498.3091459076138
86.99,7.554,9.053333442825457,1499.3334428254564
87.0,7.553,9.053357739743301,1500.3577397433014
87.01,7.552,9.053382036661144,1501.3820366611449
87.02,7.553,9.053396213648305,1500.3962136483055
87.03,7.555,9.053339510054967,1498.3395100549667
87.04,7.555,9.053282806461628,1498.2828064616278
87.05,7.554,9.05322610286829,1499.2261028682901
87.06,7.554,9.053169399274951,1499.169399274951
87.07,7.554,9.053112695681612,1499.1126956816122
87.08,7.555,9.05311023120492,1498.1102312049206
87.09,7.556,9.053198733653954,1497.1987336539537
87.1,7.556,9.053287236102985,1497.2872361029852
87.11,7.555,9.053375738552019,1498.375738552019
87.12,7.554,9.05346424100105,1499.46424100105
87.13,7.555,9.053552743450082,1498.552743450082
87.14,7.556,9.053551789228191,1497.551789228191
87.15,7.557,9.053496500150501,1496.496500150501
87.16,7.557,9.053441211072814,1496.4412110728133
87.17,7.556,9.053385921995126,1497.385921995126
87.18,7.556,9.053330632917437,1497.3306329174366
87.19,7.556,9.053275343839749,1497.2753438397488
87.2,7.556,9.053289471868231,1497.289471868231
87.21,7.558,9.053313906313052,1495.3139063130525
87.22,7.558,9.053338340757874,1495.3383407578738
87.23,7.557,9.053362775202693,1496.3627752026928
87.24,7.556,9.053387209647514,1497.3872096475143
87.25,7.556,9.053401964040804,1497.4019640408037
87.26,7.557,9.053345270638992,1496.345270638992
87.27,7.559,9.053288577237183,1494.2885772371826
87.28,7.559,9.053231883835371,1494.2318838353713
87.29,7.559,9.05317519043356,1494.17519043356
87.3,7.558,9.05311849703175,1495.1184970317506
87.31,7.557,9.053115163102111,1496.115163102111
87.32,7.558,9.053203502180713,1495.203502180713
87.33,7.56,9.053291841259314,1493.2918412593149
87.34,7.56,9.053380180337916,1493.3801803379163
87.35,7.559,9.053468519416517,1494.4685194165172
87.36,7.558,9.053556858495119,1495.556858495119
87.37,7.557,9.053556653217944,1496.5566532179437
87.38,7.558,9.053501370229514,1495.5013702295137
87.39,7.559,9.053446087241083,1494.4460872410828
87.4,7.559,9.053390804252652,1494.390804252652
87.41,7.559,9.053335521264222,1494.3355212642216
87.42,7.558,9.053280238275791,1495.2802382757914
87.43,7.558,9.053294039241766,1495.2940392417665
87.44,7.559,9.053318612414738,1494.3186124147383
87.45,7.56,9.05334318558771,1493.3431855877109
87.46,7.561,9.053367758760682,1492.3677587606826
87.47,7.56,9.053392331933653,1493.3923319336532
87.48,7.559,9.053407666202077,1494.4076662020764
87.49,7.559,9.053350982759866,1494.3509827598662
87.5,7.56,9.053294299317654,1493.2942993176548
87.51,7.561,9.053237615875444,1492.2376158754441
87.52,7.562,9.053180932433232,1491.1809324332319
87.53,7.562,9.053124248991022,1491.1242489910217
87.54,7.561,9.053120047113513,1492.120047113513
87.55,7.56,9.053208222001327,1493.2082220013276
87.56,7.56,9.05329639688914,1493.2963968891402
87.57,7.561,9.053384571776952,1492.3845717769523
87.58,7.563,9.053472746664767,1490.4727466647669
87.59,7.562,9.05356092155258,1491.560921552579
87.6,7.561,9.053561462810794,1492.5614628107944
87.61,7.56,9.053506185607107,1493.5061856071075
87.62,7.56,9.053450908403422,1493.450908403422
87.63,7.56,9.053395631199734,1493.3956311997347
87.64,7.561,9.053340353996049,1492.3403539960489
87.65,7.561,9.053285076792362,1492.2850767923617
87.66,7.559,9.053298550228819,1494.2985502288186
87.67,7.558,9.05332326337038,1495.3232633703806
87.68,7.558,9.053347976511944,1495.347976511944
87.69,7.559,9.053372689653505,1494.3726896535052
87.7,7.561,9.053397402795069,1492.3974027950687
87.71,7.561,9.053413319466154,1492.413319466154
87.72,7.561,9.05335664574554,1492.3566457455397
87.73,7.56,9.053299972024927,1493.2999720249277
87.74,7.56,9.053243298304313,1493.2432983043134
87.75,7.561,9.0531866245837,1492.1866245837004
87.76,7.562,9.053129950863086,1491.129950863086
87.77,7.562,9.053124882536197,1491.1248825361972
87.78,7.562,9.053212892377536,1491.2128923775354
87.79,7.561,9.053300902218874,1492.300902218874
87.8,7.561,9.053388912060214,1492.3889120602141
87.81,7.562,9.053476921901552,1491.476921901552
87.82,7.563,9.05356493174289,1490.5649317428908
87.83,7.564,9.053566217099847,1489.5662170998473
87.84,7.564,9.053510945368668,1489.510945368668
87.85,7.563,9.053455673637488,1490.4556736374889
87.86,7.563,9.053400401906309,1490.4004019063093
87.87,7.564,9.05334513017513,1489.3451301751295
87.88,7.566,9.05328985844395,1487.2898584439502
87.89,7.567,9.053303003359312,1486.3030033593122
87.9,7.567,9.053327857127393,1486.3278571273922
87.91,7.567,9.05335271089547,1486.3527108954706
87.92,7.567,9.05337756466355,1486.3775646635506
87.93,7.568,9.053402418431629,1485.4024184316295
87.94,7.57,9.053418919594822,1483.418919594822
87.95,7.571,9.053362255941687,1482.3622559416876
87.96,7.571,9.053305592288552,1482.3055922885526
87.97,7.571,9.053248928635417,1482.2489286354178
87.98,7.57,9.053192264982282,1483.1922649822823
87.99,7.57,9.053135601329148,1483.1356013291472
88.0,7.57,9.053129668803404,1483.1296688034038
88.01,7.57,9.053217513775813,1483.2175137758127
88.02,7.571,9.05330535874822,1482.3053587482207
88.03,7.57,9.05339320372063,1483.3932037206291
88.04,7.57,9.053481048693039,1483.4810486930382
88.05,7.57,9.053568893665446,1483.5688936654456
88.06,7.571,9.053570921743953,1482.570921743953
88.07,7.571,9.053515656265281,1482.5156562652815
88.08,7.571,9.053460390786608,1482.460390786608
88.09,7.571,9.053405125307936,1482.4051253079365
88.1,7.571,9.053349859829265,1482.349859829265
88.11,7.571,9.053294594350591,1482.2945943505915
88.12,7.572,9.053307412170257,1481.3074121702573
88.13,7.572,9.053332409896017,1481.3324098960168
88.14,7.573,9.053357407621776,1480.357407621776
88.15,7.572,9.053382405347536,1481.382405347536
88.16,7.572,9.053407403073296,1481.4074030732957
88.17,7.572,9.05342449313735,1481.4244931373491
88.18,7.572,9.053367838861911,1481.3678388619112
88.19,7.572,9.053311184586475,1481.3111845864748
88.2,7.572,9.053254530311039,1481.2545303110385
88.21,7.572,9.053197876035602,1481.1978760356021
88.22,7.571,9.053141221760164,1482.1412217601644
88.23,7.571,9.053134425669809,1482.134425669809
88.24,7.572,9.05322210322612,1481.222103226121
88.25,7.571,9.053309780782431,1482.3097807824315
88.26,7.57,9.053397458338743,1483.397458338743
88.27,7.569,9.053485135895055,1484.4851358950555
88.28,7.568,9.053572813451366,1485.572813451366
88.29,7.567,9.053575579945576,1486.5755799455762
88.3,7.566,9.053520318448468,1487.5203184484685
88.31,7.566,9.053465056951362,1487.4650569513622
88.32,7.566,9.053409795454256,1487.4097954542558
88.33,7.566,9.05335453395715,1487.3545339571494
88.34,7.566,9.053299272460041,1487.2992724600413
88.35,7.565,9.053311760644254,1488.3117606442538
88.36,7.564,9.053336901574,1489.3369015739993
88.37,7.564,9.053362042503744,1489.3620425037443
88.38,7.564,9.05338718343349,1489.3871834334896
88.39,7.564,9.053412324363235,1489.4123243632346
88.4,7.565,9.0534300040262,1488.4300040261999
88.41,7.564,9.053373357712362,1489.3733577123617
88.42,7.564,9.053316711398523,1489.3167113985228
88.43,7.564,9.053260065084682,1489.2600650846823
88.44,7.564,9.053203418770844,1489.2034187708437
88.45,7.564,9.053146772457003,1489.1467724570032
88.46,7.563,9.053139113371708,1490.1391133717086
88.47,7.562,9.053226622093673,1491.2266220936726
88.48,7.562,9.053314130815638,1491.3141308156376
88.49,7.562,9.0534016395376,1491.4016395376004
88.5,7.563,9.053489148259565,1490.4891482595656
88.51,7.562,9.053576656981528,1491.576656981528
88.52,7.562,9.05358015919562,1491.5801591956201
88.53,7.561,9.0535249013636,1492.5249013636
88.54,7.56,9.053469643531582,1493.469643531582
88.55,7.561,9.053414385699561,1492.4143856995613
88.56,7.561,9.053359127867543,1492.3591278675428
88.57,7.561,9.053303870035524,1492.3038700355241
88.58,7.561,9.053316028081602,1492.3160280816016
88.59,7.56,9.053341313545353,1493.3413135453532
88.6,7.559,9.053366599009104,1494.366599009104
88.61,7.559,9.053391884472855,1494.3918844728553
88.62,7.56,9.053417169936607,1493.417169936607
88.63,7.561,9.053435441986403,1492.4354419864035
88.64,7.562,9.05337880424318,1491.3788042431806
88.65,7.562,9.053322166499957,1491.3221664999562
88.66,7.562,9.053265528756732,1491.265528756732
88.67,7.562,9.05320889101351,1491.2088910135094
88.68,7.563,9.053152253270285,1490.1522532702859
88.69,7.564,9.053143733664646,1489.1437336646459
88.7,7.565,9.053231073799362,1488.2310737993612
88.71,7.565,9.053318413934077,1488.3184139340767
88.72,7.566,9.053405754068793,1487.4057540687932
88.73,7.566,9.053493094203509,1487.4930942035087
88.74,7.566,9.053580434338224,1487.5804343382244
88.75,7.567,9.053584670973711,1486.584670973711
88.76,7.569,9.053529417727638,1484.5294177276385
88.77,7.569,9.053474164481567,1484.4741644815676
88.78,7.569,9.053418911235495,1484.4189112354948
88.79,7.57,9.053363657989422,1483.3636579894219
88.8,7.571,9.053308404743351,1482.3084047433515
88.81,7.572,9.053320232986842,1481.3202329868416
88.82,7.574,9.053345665105281,1479.3456651052813
88.83,7.575,9.053371097223721,1478.3710972237207
88.84,7.576,9.053396529342162,1477.3965293421627
88.85,7.577,9.053421961460602,1476.421961460602
88.86,7.578,9.053440829453493,1475.4408294534924
88.87,7.579,9.053384201249616,1474.3842012496157
88.88,7.58,9.053327573045738,1473.3275730457383
88.89,7.581,9.053270944841861,1472.2709448418607
88.9,7.582,9.053214316637984,1471.214316637984
88.91,7.583,9.053157688434107,1470.1576884341066
88.92,7.584,9.053148311027288,1469.148311027288
88.93,7.585,9.053235482812592,1468.2354828125926
88.94,7.586,9.053322654597897,1467.322654597897
88.95,7.587,9.053409826383202,1466.4098263832025
88.96,7.588,9.053496998168509,1465.4969981685088
88.97,7.589,9.053584169953814,1464.5841699538132
88.98,7.59,9.05358913955805,1463.5891395580493
88.99,7.591,9.053533891578155,1462.533891578155
89.0,7.592,9.053478643598261,1461.4786435982614
89.01,7.593,9.053423395618367,1460.423395618367
89.02,7.594,9.053368147638473,1459.3681476384725
89.03,7.595,9.05331289965858,1458.3128996585808
89.04,7.596,9.053324398054464,1457.324398054464
89.05,7.597,9.053349978562682,1456.3499785626818
89.06,7.598,9.053375559070899,1455.375559070899
89.07,7.598,9.053401139579117,1455.4011395791174
89.08,7.599,9.053426720087336,1454.4267200873353
89.09,7.6,9.05344618720309,1453.44618720309
89.1,7.601,9.053389568983059,1452.389568983059
89.11,7.603,9.053332950763028,1450.3329507630287
89.12,7.604,9.053276332542998,1449.2763325429978
89.13,7.604,9.053219714322967,1449.2197143229673
89.14,7.605,9.053163096102935,1448.1630961029346
89.15,7.606,9.053152863078182,1447.1528630781822
89.16,7.607,9.053239866153344,1446.2398661533439
89.17,7.608,9.053326869228506,1445.3268692285067
89.18,7.609,9.053413872303667,1444.4138723036665
89.19,7.61,9.053500875378829,1443.5008753788284
89.2,7.61,9.05358787845399,1443.5878784539905
89.21,7.612,9.053593578986526,1441.5935789865255
89.22,7.613,9.053538336386351,1440.538336386351
89.23,7.614,9.053483093786177,1439.483093786177
89.24,7.615,9.053427851186001,1438.4278511860007
89.25,7.615,9.053372608585827,1438.3726085858264
89.26,7.615,9.05331736598565,1438.3173659856502
89.27,7.615,9.053328532090628,1438.3285320906277
89.28,7.615,9.05335425994548,1438.3542599454806
89.29,7.615,9.053379987800334,1438.3799878003333
89.3,7.616,9.053405715655186,1437.4057156551867
89.31,7.616,9.05343144351004,1437.4314435100396
89.32,7.617,9.053451510479603,1436.4515104796026
89.33,7.617,9.053394904384273,1436.394904384273
89.34,7.618,9.053338298288944,1435.3382982889436
89.35,7.619,9.053281692193615,1434.2816921936148
89.36,7.62,9.053225086098285,1433.2250860982851
89.37,7.621,9.053168480002956,1432.1684800029554
89.38,7.622,9.05315739584471,1431.1573958447107
89.39,7.623,9.053244233408503,1430.2442334085024
89.4,7.623,9.053331070972295,1430.3310709722946
89.41,7.624,9.053417908536087,1429.4179085360872
89.42,7.625,9.053504746099877,1428.5047460998771
89.43,7.626,9.05359158366367,1427.591583663669
89.44,7.627,9.053598016675522,1426.5980166755226
89.45,7.629,9.053542783198715,1424.5427831987154
89.46,7.629,9.053487549721906,1424.4875497219064
89.47,7.629,9.053432316245097,1424.4323162450971
89.48,7.63,9.053377082768288,1423.3770827682877
89.49,7.631,9.053321849291478,1422.3218492914782
89.5,7.632,9.0533326859669,1421.3326859669007
89.51,7.633,9.053358565787235,1420.358565787235
89.52,7.635,9.05338444560757,1418.3844456075701
89.53,7.635,9.053410325427905,1418.4103254279048
89.54,7.635,9.05343620524824,1418.4362052482395
89.55,7.636,9.053456878010811,1417.4568780108111
89.56,7.636,9.053400285506603,1417.400285506603
89.57,7.635,9.053343693002395,1418.3436930023952
89.58,7.634,9.053287100498187,1419.2871004981864
89.59,7.633,9.053230507993979,1420.2305079939786
89.6,7.632,9.05317391548977,1421.1739154897707
89.61,7.63,9.053161982965975,1423.1619829659746
89.62,7.629,9.053248654257109,1424.2486542571094
89.63,7.629,9.053335325548241,1424.3353255482418
89.64,7.63,9.053421996839376,1423.4219968393757
89.65,7.63,9.053508668130508,1423.5086681305083
89.66,7.629,9.053595339421642,1424.5953394216428
89.67,7.628,9.053602501995321,1425.6025019953213
89.68,7.627,9.05354727653444,1426.54727653444
89.69,7.626,9.05349205107356,1427.4920510735597
89.7,7.626,9.053436825612678,1427.436825612678
89.71,7.627,9.053381600151798,1426.3816001517987
89.72,7.627,9.053326374690917,1426.326374690917
89.73,7.628,9.053336879451363,1425.336879451363
89.74,7.628,9.053362910410403,1425.362910410403
89.75,7.629,9.053388941369443,1424.3889413694433
89.76,7.63,9.053414972328483,1423.4149723284827
89.77,7.631,9.053441003287523,1422.4410032875223
89.78,7.633,9.053462282522652,1420.462282522652
89.79,7.633,9.053405701939681,1420.4057019396812
89.8,7.633,9.05334912135671,1420.3491213567104
89.81,7.633,9.05329254077374,1420.2925407737393
89.82,7.633,9.053235960190769,1420.2359601907685
89.83,7.633,9.053179379607798,1420.1793796077977
89.84,7.633,9.05316659890372,1420.1665989037203
89.85,7.633,9.053253101710524,1420.253101710524
89.86,7.633,9.053339604517328,1420.339604517328
89.87,7.633,9.053426107324132,1420.4261073241319
89.88,7.633,9.053512610130934,1420.5126101309338
89.89,7.634,9.053599112937738,1419.5991129377371
89.9,7.635,9.053607001305165,1418.6070013051656
89.91,7.636,9.053551782373155,1417.5517823731552
89.92,7.636,9.053496563441145,1417.496563441145
89.93,7.635,9.053441344509135,1418.4413445091354
89.94,7.635,9.053386125577125,1418.3861255771255
89.95,7.636,9.053330906645117,1417.330906645117
89.96,7.636,9.053341077120217,1417.3410771202173
89.97,7.637,9.053367258633248,1416.3672586332484
89.98,7.637,9.053393440146278,1416.3934401462789
89.99,7.636,9.05341962165931,1417.4196216593105
90.0,7.635,9.053445803172341,1418.4458031723414
90.01,7.636,9.05346768984423,1417.4676898442292
90.02,7.637,9.053411120301664,1416.4111203016648
90.03,7.638,9.0533545507591,1415.3545507590995
90.04,7.638,9.053297981216533,1415.2979812165327
90.05,7.637,9.053241411673968,1416.241411673968
90.06,7.636,9.053184842131403,1417.1848421314025
90.07,7.636,9.053171214302973,1417.1712143029724
90.08,7.637,9.053257547444012,1416.2575474440127
90.09,7.638,9.053343880585052,1415.343880585052
90.1,7.639,9.053430213726092,1414.4302137260913
90.11,7.639,9.053516546867131,1414.516546867131
90.12,7.639,9.053602880008171,1414.6028800081706
90.13,7.64,9.053611491445867,1413.6114914458676
90.14,7.641,9.053556278634304,1412.5562786343035
90.15,7.642,9.05350106582274,1411.5010658227395
90.16,7.643,9.053445853011178,1410.4458530111783
90.17,7.643,9.053390640199614,1410.3906401996146
90.18,7.643,9.05333542738805,1410.3354273880511
90.19,7.643,9.053345262207184,1410.3452622071843
90.2,7.644,9.053371594688295,1409.3715946882953
90.21,7.646,9.053397927169408,1407.3979271694084
90.22,7.647,9.053424259650521,1406.424259650521
90.23,7.647,9.053450592131632,1406.4505921316322
90.24,7.648,9.05347308820227,1405.473088202271
90.25,7.648,9.0534165296882,1405.4165296881997
90.26,7.65,9.053359971174126,1403.359971174126
90.27,7.651,9.053303412660055,1402.3034126600553
90.28,7.652,9.053246854145984,1401.2468541459837
90.29,7.653,9.053190295631913,1400.190295631913
90.3,7.653,9.053175822557922,1400.1758225579222
90.31,7.653,9.053261985547314,1400.2619855473145
90.32,7.654,9.053348148536708,1399.348148536708
90.33,7.655,9.0534343115261,1398.4343115261
90.34,7.656,9.053520474515494,1397.5204745154945
90.35,7.656,9.053606637504888,1397.6066375048886
90.36,7.655,9.05361596988066,1398.6159698806598
90.37,7.655,9.0535607633088,1398.5607633088
90.38,7.655,9.05350555673694,1398.5055567369402
90.39,7.656,9.05345035016508,1397.450350165081
90.4,7.656,9.053395143593221,1397.3951435932213
90.41,7.657,9.053339937021361,1396.3399370213613
90.42,7.656,9.05334943520085,1397.3494352008506
90.43,7.656,9.053375919431636,1397.375919431636
90.44,7.656,9.053402403662423,1397.402403662423
90.45,7.657,9.05342888789321,1396.4288878932098
90.46,7.659,9.053455372123997,1394.4553721239972
90.47,7.659,9.053478479924268,1394.4784799242677
90.48,7.659,9.053421932651984,1394.4219326519844
90.49,7.659,9.053365385379701,1394.3653853797011
90.5,7.659,9.053308838107418,1394.3088381074178
90.51,7.66,9.053252290835132,1393.2522908351323
90.52,7.661,9.05319574356285,1392.1957435628497
90.53,7.662,9.053180427319612,1391.180427319612
90.54,7.661,9.053266419773365,1392.2664197733657
90.55,7.66,9.053352412227119,1393.3524122271183
90.56,7.661,9.053438404680874,1392.438404680874
90.57,7.662,9.053524397134627,1391.524397134627
90.58,7.663,9.05361038958838,1390.6103895883798
90.59,7.664,9.053620440817573,1389.6204408175734
90.6,7.663,9.053565240624463,1390.565240624463
90.61,7.661,9.053510040431354,1392.510040431354
90.62,7.66,9.053454840238246,1393.4548402382454
90.63,7.661,9.053399640045136,1392.3996400451363
90.64,7.662,9.053344439852026,1391.344439852026
90.65,7.663,9.05335360036939,1390.3536003693891
90.66,7.664,9.053380237090925,1389.3802370909257
90.67,7.662,9.053406873812461,1391.4068738124615
90.68,7.661,9.053433510534,1392.4335105339997
90.69,7.66,9.053460147255535,1393.460147255535
90.7,7.659,9.053483869083665,1394.4838690836657
90.71,7.66,9.053427333176844,1393.4273331768434
90.72,7.661,9.053370797270022,1392.3707972700222
90.73,7.66,9.0533142613632,1393.3142613631996
90.74,7.659,9.053257725456378,1394.2577254563782
90.75,7.658,9.053201189549556,1395.2011895495557
90.76,7.659,9.053185032124059,1394.1850321240593
90.77,7.66,9.053270853534093,1393.2708535340926
90.78,7.66,9.053356674944128,1393.356674944128
90.79,7.66,9.053442496354164,1393.4424963541635
90.8,7.66,9.053528317764199,1393.5283177641988
90.81,7.66,9.053614139174233,1393.6141391742326
90.82,7.661,9.053624907038728,1392.6249070387282
90.83,7.662,9.053569713238275,1391.5697132382752
90.84,7.663,9.053514519437824,1390.514519437824
90.85,7.662,9.053459325637373,1391.4593256373732
90.86,7.661,9.053404131836922,1392.4041318369227
90.87,7.661,9.053348938036471,1392.3489380364717
90.88,7.661,9.053357759740527,1392.357759740527
90.89,7.662,9.053384549577178,1391.384549577178
90.9,7.662,9.053411339413831,1391.411339413831
90.91,7.662,9.053438129250484,1391.438129250484
90.92,7.661,9.053464919087135,1392.4649190871357
90.93,7.66,9.053489257135055,1393.4892571350551
90.94,7.661,9.053432732600907,1392.4327326009075
90.95,7.661,9.05337620806676,1392.3762080667607
90.96,7.661,9.053319683532612,1392.3196835326123
90.97,7.661,9.053263158998464,1392.263158998464
90.98,7.661,9.053206634464317,1392.2066344643174
90.99,7.66,9.053189637738699,1393.1896377386988
91.0,7.66,9.05327528748396,1393.2752874839593
91.01,7.661,9.053360937229218,1392.3609372292187
91.02,7.661,9.053446586974477,1392.4465869744774
91.03,7.661,9.053532236719738,1392.5322367197382
91.04,7.66,9.053617886464997,1393.6178864649964
91.05,7.66,9.053629368639582,1393.6293686395818
91.06,7.66,9.053574181160608,1393.5741811606074
91.07,7.661,9.053518993681635,1392.5189936816355
91.08,7.662,9.053463806202661,1391.4638062026609
91.09,7.662,9.053408618723687,1391.4086187236867
91.1,7.662,9.053353431244712,1391.3534312447125
91.11,7.663,9.053361912910797,1390.3619129107963
91.12,7.663,9.053388856430088,1390.3888564300876
91.13,7.663,9.053415799949379,1390.4157999493787
91.14,7.662,9.05344274346867,1391.4427434686702
91.15,7.662,9.053469686987961,1391.4696869879615
91.16,7.663,9.053494643401347,1390.4946434013468
91.17,7.664,9.05343813019824,1389.4381301982398
91.18,7.666,9.053381616995134,1387.3816169951335
91.19,7.666,9.053325103792027,1387.3251037920263
91.2,7.665,9.05326859058892,1388.268590588919
91.21,7.664,9.053212077385814,1389.212077385814
91.22,7.662,9.053194243205473,1391.1942432054732
91.23,7.663,9.0532797206216,1390.2797206215994
91.24,7.664,9.053365198037724,1389.3651980377247
91.25,7.664,9.05345067545385,1389.450675453851
91.26,7.665,9.053536152869977,1388.5361528699773
91.27,7.665,9.053621630286104,1388.621630286104
91.28,7.666,9.0536338244067,1387.6338244067003
91.29,7.668,9.053578643161007,1385.5786431610068
91.3,7.669,9.053523461915313,1384.5234619153136
91.31,7.67,9.053468280669621,1383.4682806696214
91.32,7.67,9.053413099423928,1383.4130994239279
91.33,7.67,9.053357918178234,1383.357918178234
91.34,7.67,9.053366058572154,1383.3660585721539
91.35,7.671,9.05339315634831,1382.3931563483097
91.36,7.671,9.053420254124465,1382.4202541244642
91.37,7.67,9.05344735190062,1383.447351900621
91.38,7.669,9.053474449676777,1384.4744496767776
91.39,7.669,9.053500026618272,1384.5000266182722
91.4,7.67,9.053443524710952,1383.4435247109518
91.41,7.672,9.053387022803633,1381.3870228036337
91.42,7.673,9.053330520896315,1380.3305208963152
91.43,7.672,9.053274018988995,1381.2740189889955
91.44,7.671,9.053217517081677,1382.2175170816768
91.45,7.672,9.053198847307884,1381.1988473078848
91.46,7.673,9.053284151733155,1380.2841517331553
91.47,7.674,9.053369456158427,1379.3694561584261
91.48,7.675,9.053454760583698,1378.4547605836979
91.49,7.675,9.053540065008969,1378.540065008969
91.5,7.676,9.05362536943424,1377.6253694342397
91.51,7.676,9.053638273138318,1377.6382731383183
91.52,7.677,9.05358309805709,1376.5830980570897
91.53,7.678,9.053527922975862,1375.5279229758619
91.54,7.679,9.053472747894634,1374.472747894634
91.55,7.679,9.053417572813407,1374.4175728134067
91.56,7.679,9.053362397732178,1374.3623977321774
91.57,7.679,9.053370195639113,1374.3701956391128
91.58,7.68,9.053397448280343,1373.3974482803433
91.59,7.681,9.053424700921571,1372.424700921571
91.6,7.681,9.053451953562801,1372.451953562801
91.61,7.682,9.05347920620403,1371.4792062040287
91.62,7.682,9.05350540588042,1371.5054058804199
91.63,7.683,9.053448915258894,1370.4489152588942
91.64,7.683,9.05339242463737,1370.3924246373695
91.65,7.685,9.053335934015843,1368.3359340158433
91.66,7.686,9.053279443394317,1367.2794433943168
91.67,7.687,9.053222952772792,1366.2229527727918
91.68,7.688,9.05320344929969,1365.2034492996909
91.69,7.688,9.053288580086363,1365.2885800863635
91.7,7.687,9.053373710873034,1366.3737108730336
91.71,7.687,9.053458841659706,1366.4588416597062
91.72,7.687,9.053543972446379,1366.5439724463786
91.73,7.688,9.053629103233051,1365.6291032330516
91.74,7.688,9.053642714167248,1365.6427141672482
91.75,7.688,9.053587545205806,1365.5875452058065
91.76,7.689,9.053532376244364,1364.5323762443643
91.77,7.69,9.053477207282922,1363.4772072829219
91.78,7.692,9.053422038321479,1361.4220383214786
91.79,7.693,9.053366869360037,1360.3668693600373
91.8,7.693,9.053374323584851,1360.3743235848515
91.81,7.693,9.053401731732674,1360.401731732674
91.82,7.694,9.053429139880494,1359.4291398804944
91.83,7.695,9.053456548028317,1358.4565480283163
91.84,7.696,9.053483956176139,1357.4839561761394
91.85,7.694,9.053510780837858,1359.5107808378577
91.86,7.692,9.053454301512996,1361.4543015129962
91.87,7.69,9.053397822188135,1363.3978221881343
91.88,7.689,9.053341342863275,1364.341342863275
91.89,7.688,9.053284863538414,1365.2848635384141
91.9,7.689,9.053228384213554,1364.2283842135541
91.91,7.689,9.053208048963295,1364.2080489632954
91.92,7.688,9.053293005470378,1365.2930054703781
91.93,7.688,9.05337796197746,1365.377961977461
91.94,7.689,9.053462918484541,1364.4629184845414
91.95,7.689,9.053547874991624,1364.547874991624
91.96,7.689,9.053632831498707,1364.6328314987065
91.97,7.688,9.053647147310425,1365.6471473104252
91.98,7.688,9.053591984439132,1365.5919844391321
91.99,7.688,9.053536821567837,1365.5368215678375
92.0,7.689,9.053481658696542,1364.4816586965424
92.01,7.689,9.053426495825247,1364.4264958252475
92.02,7.689,9.053371332953954,1364.3713329539544
92.03,7.688,9.053378442311033,1365.3784423110328
92.04,7.688,9.053406006630038,1365.406006630038
92.05,7.688,9.053433570949045,1365.433570949045
92.06,7.688,9.05346113526805,1365.46113526805
92.07,7.688,9.053488699587056,1365.4886995870568
92.08,7.688,9.053516151518219,1365.5161515182187
92.09,7.687,9.05345968351134,1366.4596835113398
92.1,7.687,9.053403215504463,1366.403215504463
92.11,7.687,9.053346747497585,1366.3467474975848
92.12,7.688,9.053290279490708,1365.2902794907086
92.13,7.688,9.05323381148383,1365.2338114838303
92.14,7.688,9.053212646396515,1365.2126463965155
92.15,7.688,9.053297427979526,1365.2974279795264
92.16,7.689,9.053382209562535,1364.3822095625353
92.17,7.69,9.053466991145545,1363.4669911455442
92.18,7.691,9.053551772728555,1362.5517727285558
92.19,7.692,9.053636554311565,1361.6365543115644
92.2,7.692,9.05365157263896,1361.6515726389605
92.21,7.692,9.053596415833804,1361.5964158338033
92.22,7.692,9.053541259028648,1361.5412590286483
92.23,7.693,9.053486102223493,1360.4861022234936
92.24,7.693,9.053430945418338,1360.4309454183383
92.25,7.693,9.053375788613183,1360.375788613183
92.26,7.692,9.053382551917588,1361.382551917588
92.27,7.692,9.053410273087033,1361.4102730870331
92.28,7.693,9.05343799425648,1360.4379942564808
92.29,7.694,9.053465715425926,1359.4657154259257
92.3,7.695,9.053493436595373,1358.4934365953725
92.31,7.696,9.053521157764818,1357.5211577648183
92.32,7.696,9.053465061441118,1357.4650614411185
92.33,7.696,9.053408604776585,1357.4086047765857
92.34,7.697,9.053352148112054,1356.3521481120545
92.35,7.698,9.053295691447522,1355.2956914475214
92.36,7.699,9.05323923478299,1354.239234782991
92.37,7.7,9.053217241809813,1353.217241809813
92.38,7.699,9.053301847814318,1354.3018478143179
92.39,7.699,9.053386453818822,1354.3864538188225
92.4,7.699,9.053471059823327,1354.4710598233269
92.41,7.7,9.053555665827831,1353.5556658278313
92.42,7.701,9.053640271832336,1352.6402718323363
92.43,7.702,9.053655990298349,1351.6559902983493
92.44,7.702,9.053600839535912,1351.6008395359122
92.45,7.702,9.053545688773477,1351.5456887734772
92.46,7.703,9.05349053801104,1350.49053801104
92.47,7.704,9.053435387248603,1349.4353872486035
92.48,7.705,9.053380236486166,1348.3802364861663
92.49,7.705,9.053386652549358,1348.3866525493581
92.5,7.705,9.05341453125942,1348.4145312594205
92.51,7.705,9.053442409969481,1348.4424099694809
92.52,7.705,9.053470288679543,1348.4702886795433
92.53,7.705,9.053498167389606,1348.4981673896054
92.54,7.704,9.053526046099666,1349.5260460996662
92.55,7.706,9.053470435512967,1347.4704355129666
92.56,7.706,9.0534139902152,1347.4139902151992
92.57,7.705,9.05335754491743,1348.3575449174302
92.58,7.704,9.053301099619663,1349.3010996196633
92.59,7.704,9.053244654321896,1349.244654321896
92.6,7.705,9.053221835422578,1348.221835422578
92.61,7.707,9.053306265181776,1346.3062651817763
92.62,7.708,9.053390694940976,1345.390694940976
92.63,7.708,9.053475124700174,1345.475124700174
92.64,7.709,9.053559554459373,1344.559554459373
92.65,7.71,9.05364398421857,1343.6439842185707
92.66,7.712,9.053660400428758,1341.6604004287578
92.67,7.713,9.053605255684781,1340.605255684781
92.68,7.714,9.053550110940805,1339.5501109408042
92.69,7.714,9.05349496619683,1339.4949661968294
92.7,7.714,9.053439821452853,1339.4398214528528
92.71,7.714,9.053384676708877,1339.3846767088764
92.72,7.715,9.053390744337669,1338.3907443376693
92.73,7.717,9.053418781288855,1336.4187812888551
92.74,7.717,9.05344681824004,1336.4468182400406
92.75,7.717,9.053474855191226,1336.4748551912262
92.76,7.718,9.05350289214241,1335.5028921424098
92.77,7.719,9.053530929093595,1334.530929093595
92.78,7.72,9.053475805920913,1333.475805920913
92.79,7.721,9.053419372013977,1332.4193720139767
92.8,7.721,9.05336293810704,1332.3629381070407
92.81,7.721,9.053306504200107,1332.3065042001065
92.82,7.721,9.05325007029317,1332.2500702931707
92.83,7.722,9.053226427435845,1331.226427435845
92.84,7.723,9.053310680270181,1330.3106802701814
92.85,7.724,9.053394933104517,1329.394933104517
92.86,7.725,9.053479185938851,1328.4791859388515
92.87,7.724,9.053563438773187,1329.563438773187
92.88,7.723,9.053647691607523,1330.6476916075233
92.89,7.723,9.053664803149646,1330.6648031496459
92.9,7.724,9.053609664399143,1329.6096643991432
92.91,7.724,9.053554525648641,1329.554525648641
92.92,7.724,9.053499386898139,1329.4993868981387
92.93,7.724,9.053444248147635,1329.4442481476344
92.94,7.722,9.053389109397132,1331.389109397132
92.95,7.722,9.05339482739384,1331.3948273938393
92.96,7.723,9.053423023297496,1330.423023297496
92.97,7.723,9.053451219201152,1330.4512192011523
92.98,7.723,9.053479415104809,1330.4794151048088
92.99,7.723,9.053507611008465,1330.5076110084651
93.0,7.723,9.053535806912121,1330.5358069121214
93.01,7.724,9.05348117284207,1329.481172842069
93.02,7.724,9.053424750349999,1329.4247503499985
93.03,7.725,9.05336832785793,1328.3683278579304
93.04,7.725,9.05331190536586,1328.31190536586
93.05,7.725,9.05325548287379,1328.2554828737912
93.06,7.724,9.053231018035529,1329.2310180355287
93.07,7.724,9.05331509325272,1329.3150932527205
93.08,7.725,9.05339916846991,1328.399168469911
93.09,7.724,9.053483243687102,1329.4832436871022
93.1,7.723,9.053567318904294,1330.5673189042943
93.11,7.722,9.053651394121486,1331.6513941214855
93.12,7.721,9.053669198565396,1332.6691985653963
93.13,7.722,9.053614065782925,1331.6140657829249
93.14,7.722,9.053558933000456,1331.558933000456
93.15,7.722,9.053503800217987,1331.5038002179867
93.16,7.722,9.053448667435518,1331.4486674355176
93.17,7.722,9.053393534653047,1331.3935346530466
93.18,7.722,9.053398901815665,1331.3989018156649
93.19,7.723,9.05342725739447,1330.4272573944695
93.2,7.724,9.053455612973274,1329.4556129732732
93.21,7.725,9.053483968552078,1328.4839685520778
93.22,7.726,9.05351232413088,1327.51232413088
93.23,7.726,9.053540679709684,1327.5406797096841
93.24,7.726,9.05348653644291,1327.4865364429093
93.25,7.727,9.053430125389893,1326.4301253898925
93.26,7.728,9.053373714336875,1325.3737143368749
93.27,7.728,9.053317303283858,1325.3173032838586
93.28,7.729,9.05326089223084,1324.26089223084
93.29,7.729,9.053235607398044,1324.2356073980436
93.3,7.729,9.053319504292919,1324.3195042929185
93.31,7.73,9.053403401187794,1323.4034011877932
93.32,7.731,9.053487298082668,1322.4872980826685
93.33,7.732,9.053571194977543,1321.571194977543
93.34,7.73,9.053655091872418,1323.6550918724176
93.35,7.729,9.05367358676971,1324.67358676971
93.36,7.731,9.053618459929432,1322.6184599294318
93.37,7.732,9.053563333089153,1321.563333089153
93.38,7.733,9.053508206248875,1320.508206248875
93.39,7.734,9.053453079408598,1319.4530794085981
93.4,7.734,9.05339795256832,1319.3979525683196
93.41,7.734,9.053402967690447,1319.402967690447
93.42,7.734,9.053431483678665,1319.431483678665
93.43,7.734,9.053459999666883,1319.4599996668828
93.44,7.735,9.053488515655099,1318.4885156550986
93.45,7.736,9.053517031643317,1317.5170316433168
93.46,7.736,9.053545547631533,1317.545547631533
93.47,7.736,9.053491896880958,1317.4918968809584
93.48,7.735,9.05343549729131,1318.4354972913104
93.49,7.734,9.053379097701661,1319.3790977016615
93.5,7.733,9.053322698112012,1320.3226981120126
93.51,7.735,9.053266298522363,1318.2662985223628
93.52,7.736,9.053240195690966,1317.2401956909664
93.53,7.737,9.05332391354511,1316.3239135451104
93.54,7.737,9.053407631399255,1316.4076313992546
93.55,7.737,9.0534913492534,1316.4913492534006
93.56,7.738,9.053575067107545,1315.5750671075443
93.57,7.739,9.053658784961689,1314.658784961689
93.58,7.74,9.053677967845196,1313.6779678451962
93.59,7.741,9.05362284692079,1312.6228469207906
93.6,7.742,9.053567725996386,1311.567725996386
93.61,7.742,9.05351260507198,1311.5126050719796
93.62,7.742,9.053457484147573,1311.4574841475735
93.63,7.742,9.053402363223169,1311.402363223169
93.64,7.743,9.053407025093861,1310.407025093861
93.65,7.743,9.053435702237527,1310.4357022375268
93.66,7.743,9.053464379381191,1310.464379381191
93.67,7.743,9.053493056524857,1310.493056524857
93.68,7.743,9.053521733668523,1310.5217336685228
93.69,7.744,9.05355041081219,1309.5504108121893
93.7,7.744,9.053497254303213,1309.4972543032136
93.71,7.744,9.053440866201315,1309.4408662013154
93.72,7.744,9.053384478099415,1309.3844780994157
93.73,7.745,9.053328089997517,1308.3280899975173
93.74,7.745,9.05327170189562,1308.2717018956193
93.75,7.745,9.05324478307126,1308.2447830712604
93.76,7.746,9.05332832115266,1307.32832115266
93.77,7.746,9.053411859234059,1307.4118592340583
93.78,7.746,9.053495397315459,1307.4953973154581
93.79,7.746,9.053578935396857,1307.5789353968564
93.8,7.745,9.053662473478257,1308.6624734782565
93.81,7.745,9.053682341861558,1308.682341861558
93.82,7.744,9.053627226826189,1309.627226826189
93.83,7.744,9.05357211179082,1309.5721117908195
93.84,7.744,9.05351699675545,1309.51699675545
93.85,7.743,9.053461881720082,1310.461881720082
93.86,7.743,9.053406766684713,1310.4067666847125
93.87,7.742,9.053411074088366,1311.4110740883661
93.88,7.742,9.053439913145548,1311.4399131455477
93.89,7.742,9.053468752202727,1311.4687522027273
93.9,7.741,9.053497591259909,1312.497591259909
93.91,7.741,9.053526430317088,1312.5264303170886
93.92,7.741,9.053555269374268,1312.5552693742684
93.93,7.74,9.053502608845061,1313.502608845061
93.94,7.739,9.053446232255382,1314.4462322553823
93.95,7.739,9.053389855665705,1314.3898556657048
93.96,7.739,9.053333479076027,1314.3334790760273
93.97,7.738,9.05327710248635,1315.2771024863491
93.98,7.738,9.053249369684641,1315.249369684641
93.99,7.737,9.053332727247403,1316.3327272474028
94.0,7.737,9.053416084810165,1316.4160848101644
94.01,7.736,9.053499442372928,1317.4994423729283
94.02,7.736,9.05358279993569,1317.58279993569
94.03,7.735,9.053666157498451,1318.666157498451
94.04,7.735,9.053686708875448,1318.6867088754477
94.05,7.734,9.053631599701824,1319.6315997018235
94.06,7.734,9.053576490528197,1319.5764905281972
94.07,7.733,9.053521381354573,1320.5213813545731
94.08,7.733,9.053466272180946,1320.4662721809468
94.09,7.732,9.053411163007322,1321.4111630073216
94.1,7.731,9.053415114723675,1322.4151147236753
94.11,7.731,9.053444116464835,1322.4441164648351
94.12,7.73,9.053473118205995,1323.4731182059943
94.13,7.73,9.053502119947154,1323.502119947154
94.14,7.729,9.053531121688314,1324.531121688314
94.15,7.729,9.053560123429474,1324.5601234294736
94.16,7.729,9.053507960631373,1324.5079606313732
94.17,7.73,9.053451595578586,1323.451595578586
94.18,7.73,9.053395230525801,1323.3952305258008
94.19,7.73,9.053338865473016,1323.3388654730156
94.2,7.73,9.05328250042023,1323.2825004202305
94.21,7.73,9.05325395566713,1323.2539556671288
94.22,7.73,9.053337131951285,1323.3371319512842
94.23,7.73,9.053420308235438,1323.4203082354377
94.24,7.73,9.053503484519593,1323.503484519593
94.25,7.731,9.053586660803747,1322.586660803747
94.26,7.729,9.053669837087902,1324.6698370879021
94.27,7.728,9.053691068932473,1325.691068932473
94.28,7.726,9.053635965592978,1327.635965592978
94.29,7.726,9.053580862253481,1327.5808622534812
94.3,7.726,9.053525758913985,1327.5257589139846
94.31,7.726,9.053470655574488,1327.4706555744879
94.32,7.726,9.053415552234993,1327.4155522349931
94.33,7.726,9.05341914703919,1327.4191470391895
94.34,7.726,9.053448312247635,1327.4483122476352
94.35,7.726,9.053477477456081,1327.4774774560808
94.36,7.726,9.053506642664527,1327.5066426645265
94.37,7.726,9.053535807872974,1327.535807872974
94.38,7.726,9.05356497308142,1327.5649730814196
94.39,7.726,9.053513309779385,1327.513309779385
94.4,7.726,9.053456956288535,1327.4569562885351
94.41,7.725,9.053400602797685,1328.4006027976857
94.42,7.725,9.053344249306836,1328.344249306836
94.43,7.725,9.053287895815986,1328.2878958159863
94.44,7.725,9.053258541148203,1328.2585411482034
94.45,7.725,9.053341535379525,1328.3415353795256
94.46,7.725,9.053424529610846,1328.4245296108459
94.47,7.725,9.053507523842166,1328.5075238421662
94.48,7.725,9.053590518073488,1328.5905180734883
94.49,7.725,9.053673512304808,1328.6735123048086
94.5,7.725,9.053695422070462,1328.695422070462
94.51,7.725,9.053640324537316,1328.6403245373162
94.52,7.725,9.05358522700417,1328.5852270041705
94.53,7.725,9.053530129471026,1328.5301294710266
94.54,7.725,9.05347503193788,1328.4750319378809
94.55,7.725,9.053419934404735,1328.4199344047352
94.56,7.725,9.053423171067386,1328.4231710673869
94.57,7.725,9.053452500539727,1328.4525005397275
94.58,7.725,9.053481830012066,1328.4818300120662
94.59,7.728,9.053511159484406,1325.5111594844066
94.6,7.729,9.053540488956747,1324.540488956747
94.61,7.731,9.053569818429088,1322.5698184290877
94.62,7.733,9.053518656402167,1320.5186564021672
94.63,7.732,9.053462314498828,1321.4623144988282
94.64,7.733,9.05340597259549,1320.4059725954903
94.65,7.733,9.053349630692153,1320.3496306921538
94.66,7.735,9.053293288788815,1318.2932887888148
94.67,7.737,9.053263126254251,1316.263126254251
94.68,7.739,9.053345937644059,1314.3459376440587
94.69,7.74,9.053428749033865,1313.4287490338643
94.7,7.74,9.05351156042367,1313.5115604236703
94.71,7.741,9.053594371813478,1312.5943718134786
94.72,7.741,9.053677183203284,1312.6771832032844
94.73,7.741,9.053699768322796,1312.699768322796
94.74,7.742,9.053644676568197,1311.6446765681974
94.75,7.742,9.053589584813599,1311.589584813599
94.76,7.742,9.053534493058999,1311.534493058999
94.77,7.742,9.0534794013044,1311.4794013044007
94.78,7.743,9.053424309549802,1310.424309549802
94.79,7.743,9.05342718683704,1310.427186837039
94.8,7.744,9.053456681383626,1309.456681383626
94.81,7.744,9.053486175930214,1309.4861759302141
94.82,7.744,9.0535156704768,1309.5156704768006
94.83,7.745,9.053545165023388,1308.5451650233883
94.84,7.745,9.053574659569975,1308.5746595699748
94.85,7.745,9.053524000611747,1308.5240006117465
94.86,7.746,9.053467670322169,1307.4676703221685
94.87,7.746,9.05341134003259,1307.411340032589
94.88,7.746,9.053355009743012,1307.3550097430111
94.89,7.746,9.053298679453432,1307.2986794534315
94.9,7.746,9.053267711111577,1307.2677111115763
94.91,7.747,9.05335033885649,1306.3503388564895
94.92,7.747,9.053432966601404,1306.4329666014044
94.93,7.747,9.053515594346317,1306.5155943463171
94.94,7.747,9.05359822209123,1306.59822209123
94.95,7.747,9.053680849836145,1306.6808498361447
94.96,7.748,9.053704107721137,1305.7041077211363
94.97,7.747,9.053649021717359,1306.6490217173587
94.98,7.747,9.053593935713579,1306.593935713579
94.99,7.747,9.0535388497098,1306.5388497098008
95.0,7.748,9.053483763706021,1305.483763706021
95.01,7.749,9.053428677702243,1304.4286777022432
95.02,7.749,9.05343119437572,1304.431194375721
95.03,7.749,9.053460854821072,1304.4608548210724
95.04,7.749,9.053490515266423,1304.4905152664237
95.05,7.749,9.053520175711775,1304.520175711775
95.06,7.75,9.053549836157126,1303.549836157126
95.07,7.75,9.053579496602477,1303.5794966024773
95.08,7.75,9.053529342521466,1303.5293425214666
95.09,7.75,9.053473023872668,1303.4730238726677
95.1,7.749,9.053416705223867,1304.4167052238674
95.11,7.749,9.053360386575068,1304.3603865750688
95.12,7.748,9.053304067926268,1305.3040679262676
95.13,7.748,9.053272295848576,1305.2722958485754
95.14,7.747,9.053354739130235,1306.354739130235
95.15,7.747,9.053437182411894,1306.4371824118944
95.16,7.747,9.053519625693554,1306.5196256935537
95.17,7.747,9.053602068975211,1306.602068975211
95.18,7.747,9.05368451225687,1306.6845122568704
95.19,7.747,9.053708440297351,1306.708440297351
95.2,7.747,9.053653360016813,1306.6533600168136
95.21,7.747,9.053598279736278,1306.5982797362778
95.22,7.748,9.05354319945574,1305.54319945574
95.23,7.748,9.053488119175205,1305.4881191752042
95.24,7.748,9.053433038894667,1305.4330388946669
95.25,7.748,9.053435193711541,1305.4351937115412
95.26,7.749,9.053465020894736,1304.4650208947362
95.27,7.749,9.053494848077928,1304.4948480779287
95.28,7.75,9.053524675261121,1303.524675261121
95.29,7.75,9.053554502444316,1303.5545024443156
95.3,7.75,9.053584329627508,1303.5843296275082
95.31,7.75,9.05353468224759,1303.5346822475908
95.32,7.751,9.053478375267437,1302.4783752674364
95.33,7.751,9.053422068287285,1302.4220682872842
95.34,7.751,9.05336576130713,1302.3657613071302
95.35,7.752,9.053309454326978,1301.3094543269785
95.36,7.753,9.053276880597236,1300.2768805972362
95.37,7.754,9.053359138581966,1299.3591385819664
95.38,7.754,9.053441396566695,1299.4413965666959
95.39,7.755,9.053523654551425,1298.523654551425
95.4,7.755,9.053605912536154,1298.6059125361544
95.41,7.756,9.053688170520884,1297.6881705208837
95.42,7.756,9.053712766084729,1297.7127660847286
95.43,7.757,9.053657691500053,1296.6576915000535
95.44,7.757,9.053602616915379,1296.6026169153793
95.45,7.757,9.053547542330703,1296.5475423307034
95.46,7.757,9.053492467746029,1296.4924677460292
95.47,7.757,9.053437393161353,1296.4373931613534
95.48,7.756,9.053439184874227,1297.4391848742268
95.49,7.757,9.053469179649282,1296.4691796492823
95.5,7.757,9.053499174424337,1296.499174424337
95.51,7.757,9.053529169199392,1296.5291691993918
95.52,7.756,9.053559163974446,1297.5591639744462
95.53,7.756,9.053589158749501,1297.589158749501
95.54,7.758,9.053540019910288,1295.5400199102885
95.55,7.759,9.053483724627549,1294.4837246275488
95.56,7.758,9.05342742934481,1295.4274293448095
95.57,7.758,9.053371134062072,1295.3711340620719
95.58,7.758,9.053314838779333,1295.3148387793326
95.59,7.759,9.053281465494004,1294.2814654940041
95.6,7.76,9.053363537332464,1293.3635373324641
95.61,7.762,9.053445609170923,1291.445609170924
95.62,7.764,9.053527681009385,1289.5276810093844
95.63,7.764,9.053609752847844,1289.609752847844
95.64,7.764,9.053691824686306,1289.6918246863054
95.65,7.764,9.05371708511872,1289.7170851187195
95.66,7.764,9.053662016202752,1289.6620162027518
95.67,7.765,9.053606947286784,1288.6069472867848
95.68,7.767,9.053551878370817,1286.5518783708162
95.69,7.768,9.053496809454849,1285.4968094548492
95.7,7.77,9.053441740538881,1283.4417405388815
95.71,7.77,9.053443167895733,1283.443167895733
95.72,7.771,9.05347333113199,1282.4733311319899
95.73,7.771,9.053503494368247,1282.503494368247
95.74,7.773,9.053533657604502,1280.5336576045027
95.75,7.773,9.05356382084076,1280.5638208407597
95.76,7.772,9.053593984077017,1281.5939840770163
95.77,7.771,9.053545355634245,1282.5453556342454
95.78,7.77,9.05348907207863,1283.4890720786304
95.79,7.771,9.053432788523017,1282.4327885230166
95.8,7.771,9.053376504967401,1282.3765049674014
95.81,7.771,9.053320221411788,1282.320221411788
95.82,7.771,9.053286050680356,1282.2860506803559
95.83,7.771,9.053367935507156,1282.367935507156
95.84,7.771,9.053449820333954,1282.4498203339542
95.85,7.77,9.053531705160754,1283.5317051607547
95.86,7.77,9.053613589987554,1283.6135899875546
95.87,7.77,9.053695474814354,1283.6954748143548
95.88,7.77,9.053721397437293,1283.7213974372937
95.89,7.768,9.053666334163124,1285.6663341631238
95.9,7.767,9.053611270888952,1286.6112708889518
95.91,7.767,9.053556207614783,1286.5562076147824
95.92,7.767,9.053501144340613,1286.5011443406127
95.93,7.767,9.053446081066442,1286.4460810664414
95.94,7.768,9.05344714281054,1285.4471428105408
95.95,7.768,9.053477475393036,1285.4774753930362
95.96,7.768,9.053507807975533,1285.5078079755335
95.97,7.769,9.053538140558029,1284.5381405580288
95.98,7.769,9.053568473140526,1284.568473140526
95.99,7.769,9.053598805723023,1284.5988057230234
96.0,7.77,9.053550689548942,1283.5506895489423
96.01,7.77,9.053494417751137,1283.494417751138
96.02,7.77,9.053438145953331,1283.4381459533315
96.03,7.771,9.053381874155525,1282.3818741555249
96.04,7.771,9.053325602357718,1282.3256023577185
96.05,7.772,9.053290636303037,1281.2906363030372
96.06,7.772,9.053372333236332,1281.372333236332
96.07,7.772,9.053454030169627,1281.454030169627
96.08,7.772,9.053535727102922,1281.5357271029218
96.09,7.772,9.053617424036217,1281.6174240362166
96.1,7.772,9.053699120969512,1281.6991209695113
96.11,7.772,9.053725703081081,1281.725703081081
96.12,7.774,9.053670645422057,1279.6706454220575
96.13,7.775,9.053615587763035,1278.615587763035
96.14,7.777,9.053560530104011,1276.5605301040114
96.15,7.777,9.053505472444987,1276.5054724449874
96.16,7.778,9.053450414785964,1275.450414785964
96.17,7.778,9.053451109655777,1275.4511096557771
96.18,7.778,9.053481612485633,1275.4816124856338
96.19,7.78,9.053512115315488,1273.512115315488
96.2,7.781,9.053542618145345,1272.5426181453452
96.21,7.783,9.053573120975202,1270.5731209752012
96.22,7.785,9.053603623805058,1268.603623805058
96.23,7.786,9.053556021788824,1267.556021788824
96.24,7.787,9.053499761780511,1266.499761780511
96.25,7.788,9.053443501772199,1265.4435017721983
96.26,7.788,9.053387241763884,1265.387241763884
96.27,7.789,9.053330981755572,1264.330981755572
96.28,7.79,9.053295222514217,1263.2952225142171
96.29,7.791,9.053376730655291,1262.3767306552907
96.3,7.791,9.053458238796363,1262.4582387963628
96.31,7.791,9.053539746937437,1262.5397469374366
96.32,7.791,9.053621255078511,1262.6212550785106
96.33,7.791,9.053702763219583,1262.7027632195827
96.34,7.793,9.053730002093413,1260.730002093413
96.35,7.793,9.05367495002315,1260.6749500231506
96.36,7.795,9.05361989795289,1258.6198979528901
96.37,7.797,9.053564845882628,1256.5648458826279
96.38,7.798,9.053509793812367,1255.509793812367
96.39,7.798,9.053454741742105,1255.4547417421045
96.4,7.798,9.053455068471196,1255.4550684711962
96.41,7.798,9.053485742466002,1255.4857424660017
96.42,7.798,9.053516416460806,1255.5164164608054
96.43,7.8,9.053547090455611,1253.5470904556112
96.44,7.801,9.053577764450417,1252.5777644504165
96.45,7.802,9.05360843844522,1251.6084384452206
96.46,7.802,9.053561352493299,1251.5613524932992
96.47,7.802,9.053505104307195,1251.5051043071956
96.48,7.802,9.053448856121092,1251.4488561210921
96.49,7.802,9.053392607934988,1251.3926079349885
96.5,7.802,9.053336359748885,1251.3363597488851
96.51,7.803,9.053299809471516,1250.2998094715165
96.52,7.803,9.05338112790434,1250.3811279043396
96.53,7.803,9.053462446337164,1250.4624463371642
96.54,7.803,9.053543764769987,1250.5437647699873
96.55,7.803,9.05362508320281,1250.6250832028104
96.56,7.803,9.053706401635633,1250.7064016356333
96.57,7.803,9.053734294520229,1250.734294520229
96.58,7.803,9.053679248012621,1250.679248012621
96.59,7.803,9.053624201505013,1250.624201505013
96.6,7.803,9.053569154997405,1250.5691549974047
96.61,7.803,9.053514108489795,1250.5141084897948
96.62,7.803,9.053459061982187,1250.4590619821868
96.63,7.803,9.053459019299117,1250.4590192991172
96.64,7.803,9.053489865393335,1250.4898653933346
96.65,7.803,9.053520711487552,1250.5207114875523
96.66,7.802,9.05355155758177,1251.55155758177
96.67,7.801,9.053582403675987,1252.5824036759873
96.68,7.799,9.053613249770205,1254.6132497702044
96.69,7.798,9.053566681806789,1255.5666818067887
96.7,7.799,9.053510445476668,1254.5104454766679
96.71,7.798,9.053454209146548,1255.4542091465476
96.72,7.8,9.053397972816427,1253.397972816427
96.73,7.8,9.053341736486306,1253.3417364863064
96.74,7.8,9.053304397338048,1253.3043973380477
96.75,7.8,9.053385525128832,1253.3855251288317
96.76,7.799,9.053466652919617,1254.466652919617
96.77,7.797,9.053547780710403,1256.5477807104032
96.78,7.796,9.053628908501189,1257.6289085011886
96.79,7.795,9.053710036291974,1258.7100362919746
96.8,7.795,9.053738580410053,1258.7385804100536
96.81,7.794,9.053683539439277,1259.6835394392772
96.82,7.795,9.053628498468498,1258.6284984684983
96.83,7.795,9.05357345749772,1258.5734574977198
96.84,7.795,9.053518416526943,1258.5184165269432
96.85,7.797,9.053463375556165,1256.463375556165
96.86,7.799,9.053462962184382,1254.4629621843812
96.87,7.8,9.053493981329762,1253.4939813297622
96.88,7.802,9.053525000475144,1251.5250004751445
96.89,7.803,9.053556019620524,1250.5560196205242
96.9,7.803,9.053587038765906,1250.5870387659063
96.91,7.804,9.053618057911288,1249.6180579112881
96.92,7.804,9.053572009878732,1249.5720098787313
96.93,7.804,9.053515785439457,1249.5157854394563
96.94,7.804,9.053459561000183,1249.4595610001832
96.95,7.804,9.053403336560908,1249.403336560908
96.96,7.804,9.053347112121633,1249.347112121633
96.97,7.805,9.053308986282454,1248.3089862824545
96.98,7.805,9.053389922479191,1248.3899224791912
96.99,7.805,9.053470858675928,1248.470858675928
97.0,7.805,9.053551794872664,1248.5517948726645
97.01,7.806,9.053632731069401,1247.632731069401
97.02,7.806,9.053713667266138,1247.7136672661375
97.03,7.806,9.053742859813939,1247.7428598139388
97.04,7.805,9.05368782435447,1248.6878243544695
97.05,7.804,9.053632788895001,1249.6327888950009
97.06,7.804,9.053577753435532,1249.5777534355311
97.07,7.804,9.053522717976062,1249.5227179760616
97.08,7.805,9.053467682516592,1248.4676825165923
97.09,7.805,9.053466897174324,1248.4668971743247
97.1,7.804,9.053498090340339,1249.4980903403389
97.11,7.803,9.053529283506354,1250.5292835063537
97.12,7.803,9.053560476672367,1250.5604766723666
97.13,7.802,9.053591669838381,1251.5916698383814
97.14,7.802,9.053622863004396,1251.622863004396
97.15,7.802,9.05357733686366,1251.5773368636599
97.16,7.801,9.053521124351219,1252.521124351219
97.17,7.801,9.053464911838777,1252.4649118387767
97.18,7.801,9.053408699326337,1252.4086993263363
97.19,7.801,9.053352486813894,1252.3524868138943
97.2,7.801,9.053313576479017,1252.3135764790165
97.21,7.801,9.053394320110996,1252.3943201109962
97.22,7.801,9.053475063742976,1252.4750637429759
97.23,7.801,9.053555807374956,1252.5558073749555
97.24,7.8,9.053636551006935,1253.6365510069354
97.25,7.8,9.053717294638913,1253.7172946389132
97.26,7.801,9.053747132785494,1252.747132785494
97.27,7.802,9.053692102812127,1251.6921028121271
97.28,7.803,9.05363707283876,1250.6370728387592
97.29,7.804,9.053582042865392,1249.5820428653915
97.3,7.804,9.053527012892024,1249.527012892024
97.31,7.805,9.053471982918657,1248.471982918657
97.32,7.806,9.053470824318806,1247.4708243188059
97.33,7.807,9.053502192493081,1246.5021924930807
97.34,7.808,9.053533560667356,1245.5335606673561
97.35,7.809,9.05356492884163,1244.5649288416307
97.36,7.81,9.053596297015904,1243.5962970159044
97.37,7.811,9.053627665190179,1242.6276651901792
97.38,7.812,9.053582662921295,1241.582662921295
97.39,7.814,9.053526462372838,1239.5264623728383
97.4,7.815,9.053470261824382,1238.4702618243812
97.41,7.816,9.053414061275925,1237.414061275925
97.42,7.817,9.053357860727468,1236.3578607274678
97.43,7.817,9.053318168107788,1236.3181681077879
97.44,7.818,9.053398718185115,1235.3987181851148
97.45,7.819,9.05347926826244,1234.4792682624393
97.46,7.819,9.053559818339766,1234.5598183397658
97.47,7.82,9.053640368417092,1233.6403684170918
97.48,7.821,9.053720918494419,1232.7209184944188
97.49,7.821,9.053751399380916,1232.7513993809162
97.5,7.822,9.053696374868778,1231.696374868778
97.51,7.823,9.053641350356642,1230.6413503566419
97.52,7.824,9.053586325844506,1229.5863258445063
97.53,7.826,9.053531301332368,1227.5313013323687
97.54,7.828,9.053476276820232,1225.476276820232
97.55,7.829,9.053474743670263,1224.474743670263
97.56,7.829,9.053506287859049,1224.5062878590493
97.57,7.831,9.053537832047834,1222.5378320478333
97.58,7.833,9.05356937623662,1220.56937623662
97.59,7.835,9.053600920425405,1218.6009204254046
97.6,7.835,9.053632464614191,1218.6324646141911
97.61,7.835,9.053587988216739,1218.587988216739
97.62,7.835,9.053531799670623,1218.5317996706226
97.63,7.835,9.053475611124504,1218.4756111245044
97.64,7.835,9.053419422578386,1218.4194225783865
97.65,7.835,9.05336323403227,1218.3632340322702
97.66,7.836,9.053322761354796,1217.3227613547954
97.67,7.836,9.053403116867882,1217.4031168678816
97.68,7.836,9.05348347238097,1217.4834723809695
97.69,7.836,9.053563827894056,1217.5638278940557
97.7,7.836,9.053644183407142,1217.6441834071418
97.71,7.836,9.053724538920228,1217.724538920228
97.72,7.836,9.053755659659123,1217.7556596591223
97.73,7.836,9.053700640583704,1217.7006405837042
97.74,7.836,9.053645621508286,1217.6456215082858
97.75,7.836,9.053590602432868,1217.5906024328676
97.76,7.836,9.05353558335745,1217.5355833574492
97.77,7.836,9.053480564282031,1217.480564282031
97.78,7.836,9.05347865528386,1217.478655283859
97.79,7.836,9.0535103765125,1217.5103765125002
97.8,7.836,9.053542097741142,1217.5420977411413
97.81,7.835,9.053573818969781,1218.573818969781
97.82,7.836,9.053605540198422,1217.6055401984217
97.83,7.836,9.053637261427061,1217.6372614270613
97.84,7.836,9.05359331292067,1217.5933129206696
97.85,7.835,9.053537136416502,1218.5371364165017
97.86,7.835,9.053480959912331,1218.4809599123314
97.87,7.835,9.053424783408163,1218.424783408163
97.88,7.835,9.053368606903993,1218.3686069039927
97.89,7.835,9.053327356412296,1218.3273564122965
97.9,7.834,9.053407516331351,1219.4075163313514
97.91,7.834,9.053487676250406,1219.487676250406
97.92,7.834,9.05356783616946,1219.5678361694604
97.93,7.833,9.053647996088515,1220.6479960885144
97.94,7.834,9.053728156007569,1219.7281560075694
97.95,7.835,9.053759913681901,1218.7599136819013
97.96,7.835,9.053704900019072,1218.7049000190723
97.97,7.835,9.053649886356242,1218.6498863562417
97.98,7.835,9.053594872693413,1218.594872693413
97.99,7.835,9.053539859030582,1218.5398590305824
98.0,7.834,9.053484845367752,1219.4848453677523
98.01,7.832,9.053482559217635,1221.4825592176348
98.02,7.832,9.053514458531057,1221.5144585310566
98.03,7.832,9.05354635784448,1221.5463578444803
98.04,7.832,9.053578257157904,1221.5782571579039
98.05,7.833,9.053610156471327,1220.6101564713272
98.06,7.833,9.05364205578475,1220.6420557847491
98.07,7.833,9.05359863720961,1220.5986372096102
98.08,7.833,9.0535424727883,1220.5424727882992
98.09,7.832,9.05348630836699,1221.4863083669902
98.1,7.832,9.053430143945679,1221.4301439456792
98.11,7.831,9.053373979524368,1222.3739795243675
98.12,7.83,9.053331953479063,1223.3319534790628
98.13,7.829,9.053411916753554,1224.411916753554
98.14,7.828,9.053491880028044,1225.491880028044
98.15,7.827,9.053571843302535,1226.5718433025352
98.16,7.826,9.053651806577026,1227.6518065770263
98.17,7.827,9.053731769851517,1226.7317698515167
98.18,7.827,9.053764161514096,1226.7641615140956
98.19,7.827,9.053709153240138,1226.7091532401384
98.2,7.826,9.053654144966181,1227.6541449661815
98.21,7.825,9.053599136692224,1228.5991366922237
98.22,7.824,9.053544128418267,1229.5441284182668
98.23,7.823,9.05348912014431,1230.489120144309
98.24,7.822,9.053486455532719,1231.4864555327185
98.25,7.823,9.053518533995943,1230.5185339959426
98.26,7.824,9.053550612459167,1229.5506124591675
98.27,7.825,9.053582690922392,1228.5826909223915
98.28,7.824,9.053614769385616,1229.6147693856162
98.29,7.823,9.05364684784884,1230.6468478488403
98.3,7.824,9.053603961266237,1229.6039612662373
98.31,7.824,9.05354780897005,1229.5478089700503
98.32,7.825,9.053491656673865,1228.4916566738646
98.33,7.825,9.053435504377678,1228.4355043776775
98.34,7.827,9.053379352081492,1226.3793520814925
98.35,7.829,9.053336552760712,1224.336552760712
98.36,7.829,9.053416318318822,1224.4163183188225
98.37,7.829,9.053496083876931,1224.4960838769314
98.38,7.829,9.05357584943504,1224.5758494350403
98.39,7.83,9.05365561499315,1223.6556149931505
98.4,7.83,9.05373538055126,1223.7353805512594
98.41,7.83,9.053768403223835,1223.7684032238344
98.42,7.832,9.05371340031548,1221.7134003154806
98.43,7.834,9.053658397407126,1219.6583974071266
98.44,7.834,9.05360339449877,1219.6033944987707
98.45,7.834,9.053548391590416,1219.5483915904167
98.46,7.834,9.053493388682062,1219.4933886820625
98.47,7.834,9.053490344293575,1219.4903442935754
98.48,7.834,9.053522602992228,1219.5226029922283
98.49,7.834,9.05355486169088,1219.554861690881
98.5,7.836,9.053587120389533,1217.587120389533
98.51,7.836,9.053619379088186,1217.6193790881857
98.52,7.836,9.05365163778684,1217.6516377868402
98.53,7.836,9.053609285279704,1217.6092852797033
98.54,7.836,9.053553145152325,1217.5531451523245
98.55,7.837,9.053497005024944,1216.4970050249444
98.56,7.837,9.053440864897564,1216.4408648975636
98.57,7.837,9.053384724770185,1216.384724770185
98.58,7.837,9.053341154470106,1216.341154470106
98.59,7.837,9.053420721218163,1216.4207212181636
98.6,7.836,9.053500287966221,1217.5002879662209
98.61,7.836,9.053579854714279,1217.5798547142786
98.62,7.835,9.053659421462337,1218.6594214623367
98.63,7.835,9.053738988210394,1218.7389882103946
98.64,7.835,9.053772638882814,1218.7726388828137
98.65,7.835,9.05371764131727,1218.7176413172701
98.66,7.835,9.053662643751727,1218.6626437517268
98.67,7.835,9.053607646186183,1218.6076461861833
98.68,7.835,9.05355264862064,1218.5526486206397
98.69,7.835,9.053497651055096,1218.4976510550962
98.7,7.835,9.053494225568267,1218.494225568267
98.71,7.835,9.053526665609125,1218.5266656091248
98.72,7.835,9.053559105649981,1218.5591056499811
98.73,7.835,9.053591545690837,1218.5915456908374
98.74,7.835,9.053623985731694,1218.6239857316937
98.75,7.835,9.05365642577255,1218.65642577255
98.76,7.836,9.053614609446027,1217.614609446027
98.77,7.836,9.053558481532608,1217.5584815326079
98.78,7.836,9.053502353619187,1217.5023536191868
98.79,7.836,9.053446225705766,1217.446225705766
98.8,7.836,9.053390097792347,1217.3900977923468
98.81,7.836,9.053345758827703,1217.3457588277029
98.82,7.836,9.053425125649607,1217.4251256496068
98.83,7.836,9.053504492471511,1217.5044924715105
98.84,7.836,9.053583859293415,1217.5838592934144
98.85,7.836,9.053663226115317,1217.6632261153165
98.86,7.836,9.05374259293722,1217.7425929372205
98.87,7.836,9.053776868566553,1217.7768685665526
98.88,7.835,9.053721876321545,1218.7218763215446
98.89,7.835,9.053666884076534,1218.6668840765344
98.9,7.835,9.053611891831524,1218.6118918315242
98.91,7.835,9.053556899586516,1218.556899586516
98.92,7.835,9.053501907341506,1218.5019073415058
98.93,7.835,9.053498099428746,1218.4980994287455
98.94,7.835,9.053530721940279,1218.5307219402785
98.95,7.835,9.05356334445181,1218.5633444518098
98.96,7.835,9.053595966963343,1218.5959669633428
98.97,7.835,9.053628589474874,1218.6285894748742
98.98,7.835,9.053661211986407,1218.6612119864071
98.99,7.834,9.053619933968445,1219.6199339684454
99.0,7.834,9.053563818315677,1219.5638183156775
99.01,7.834,9.05350770266291,1219.507702662911
99.02,7.834,9.053451587010143,1219.451587010143
99.03,7.834,9.053395471357375,1219.3954713573748
99.04,7.834,9.053350366062016,1219.3503660620167
99.05,7.834,9.053429531818631,1219.4295318186316
99.06,7.833,9.053508697575248,1220.5086975752479
99.07,7.833,9.053587863331863,1220.587863331863
99.08,7.833,9.053667029088478,1220.667029088478
99.09,7.833,9.053746194845093,1220.746194845093
99.1,7.834,9.053781092354722,1219.7810923547222
99.11,7.835,9.053726105408526,1218.7261054085257
99.12,7.835,9.05367111846233,1218.6711184623293
99.13,7.836,9.053616131516135,1217.6161315161344
99.14,7.836,9.053561144569938,1217.561144569938
99.15,7.836,9.053506157623742,1217.5061576237417
99.16,7.836,9.05350196595118,1217.501965951179
99.17,7.836,9.053534772084122,1217.5347720841216
99.18,7.836,9.053567578217066,1217.567578217066
99.19,7.836,9.05360038435001,1217.6003843500105
99.2,7.836,9.053633190482953,1217.633190482953
99.21,7.836,9.053665996615898,1217.6659966158975
99.22,7.836,9.053625259057856,1217.625259057856
99.23,7.836,9.05356915571404,1217.56915571404
99.24,7.836,9.053513052370224,1217.513052370224
99.25,7.837,9.053456949026408,1216.4569490264084
99.26,7.839,9.053400845682592,1214.4008456825918
99.27,7.841,9.053354976410047,1212.3549764100464
99.28,7.844,9.053433939938587,1209.4339399385872
99.29,7.845,9.05351290346713,1208.5129034671302
99.3,7.845,9.053591866995673,1208.5918669956727
99.31,7.847,9.053670830524213,1206.6708305242128
99.32,7.848,9.053749794052756,1205.749794052756
99.33,7.849,9.053785310331442,1204.7853103314417
99.34,7.85,9.053730328662938,1203.7303286629387
99.35,7.851,9.053675346994435,1202.6753469944351
99.36,7.852,9.053620365325932,1201.6203653259315
99.37,7.853,9.053565383657428,1200.5653836574286
99.38,7.854,9.053510401988925,1199.510401988925
99.39,7.854,9.05350582521627,1199.5058252162698
99.4,7.856,9.05353881614421,1197.5388161442097
99.41,7.857,9.053571807072148,1196.5718070721473
99.42,7.858,9.053604798000086,1195.6047980000858
99.43,7.859,9.053637788928024,1194.6377889280236
99.44,7.859,9.053670779855961,1194.6707798559614
99.45,7.86,9.05363058493323,1193.6305849332305
99.46,7.862,9.053574493948343,1191.5744939483427
99.47,7.863,9.053518402963453,1190.518402963453
99.48,7.864,9.053462311978565,1189.4623119785654
99.49,7.864,9.053406220993677,1189.4062209936776
99.5,7.864,9.053359590117738,1189.3595901177382
99.51,7.864,9.053438350231138,1189.4383502311382
99.52,7.865,9.053517110344538,1188.517110344538
99.53,7.865,9.053595870457938,1188.595870457938
99.54,7.865,9.053674630571338,1188.674630571338
99.55,7.865,9.053753390684737,1188.7533906847364
99.56,7.865,9.053789522585667,1188.789522585667
99.57,7.867,9.053734546174377,1186.7345461743773
99.58,7.869,9.053679569763085,1184.6795697630857
99.59,7.869,9.053624593351794,1184.624593351794
99.6,7.869,9.053569616940502,1184.569616940502
99.61,7.869,9.05351464052921,1184.5146405292103
99.62,7.87,9.053509677309622,1183.5096773096216
99.63,7.87,9.053542854229583,1183.542854229583
99.64,7.87,9.053576031149545,1183.5760311495446
99.65,7.87,9.053609208069506,1183.6092080695062
99.66,7.87,9.053642384989468,1183.6423849894677
99.67,7.87,9.05367556190943,1183.6755619094292
99.68,7.87,9.053635911822088,1183.6359118220878
99.69,7.871,9.05357983324786,1182.5798332478587
99.7,7.871,9.05352375467363,1182.52375467363
99.71,7.871,9.053467676099402,1182.4676760994014
99.72,7.871,9.053411597525173,1182.4115975251725
99.73,7.871,9.053364207440518,1182.364207440518
99.74,7.871,9.053442762926766,1182.4427629267652
99.75,7.872,9.053521318413015,1181.521318413015
99.76,7.872,9.053599873899262,1181.5998738992625
99.77,7.872,9.053678429385512,1181.678429385512
99.78,7.872,9.05375698487176,1181.7569848717592
99.79,7.872,9.053793729211542,1181.7937292115416
99.8,7.872,9.053738758037676,1181.7387580376765
99.81,7.872,9.053683786863811,1181.683786863811
99.82,7.872,9.053628815689946,1181.6288156899457
99.83,7.872,9.053573844516078,1181.5738445160787
99.84,7.872,9.053518873342213,1181.5188733422133
99.85,7.872,9.053513522322147,1181.513522322147
99.86,7.873,9.05354688645522,1180.546886455219
99.87,7.873,9.053580250588292,1180.5802505882914
99.88,7.873,9.053613614721364,1180.6136147213638
99.89,7.873,9.053646978854436,1180.646978854436
99.9,7.873,9.053680342987509,1180.6803429875083
99.91,7.873,9.053641239960985,1180.6412399609849
99.92,7.873,9.05358517385098,1180.5851738509796
99.93,7.872,9.053529107740975,1181.5291077409747
99.94,7.872,9.05347304163097,1181.4730416309694
99.95,7.871,9.053416975520962,1182.4169755209616
99.96,7.869,9.053368828643784,1184.368828643784
99.97,7.869,9.05344717826526,1184.4471782652608
99.98,7.869,9.053525527886736,1184.525527886736
99.99,7.868,9.053603877508213,1185.6038775082122
100.0,7.867,9.053682227129688,1186.6822271296878
100.01,7.866,9.053760576751165,1187.760576751165
100.02,7.866,9.053797930308805,1187.7979303088057
100.03,7.865,9.053742964353324,1188.7429643533237
100.04,7.865,9.053687998397843,1188.6879983978424
100.05,7.864,9.053633032442361,1189.6330324423614
100.06,7.864,9.05357806648688,1189.57806648688
100.07,7.864,9.053523100531399,1189.5231005313985
100.08,7.864,9.053517360350455,1189.5173603504547
100.09,7.863,9.053550912942415,1190.550912942414
100.1,7.863,9.053584465534374,1190.584465534374
100.11,7.863,9.053618018126334,1190.618018126334
100.12,7.863,9.053651570718294,1190.651570718294
100.13,7.863,9.053685123310254,1190.6851233102539
100.14,7.862,9.053646569596022,1191.6465695960223
100.15,7.862,9.053590516005725,1191.590516005725
100.16,7.862,9.053534462415426,1191.5344624154259
100.17,7.861,9.053478408825129,1192.4784088251288
100.18,7.86,9.05342235523483,1193.4223552348292
100.19,7.859,9.053373454003497,1194.3734540034966
100.2,7.858,9.053451596496272,1195.4515964962723
100.21,7.858,9.053529738989049,1195.529738989049
100.22,7.857,9.053607881481824,1196.6078814818238
100.23,7.856,9.0536860239746,1197.686023974601
100.24,7.856,9.053764166467376,1197.764166467376
100.25,7.855,9.053802125983221,1198.8021259832208
100.26,7.854,9.053747165227884,1199.7471652278841
100.27,7.854,9.053692204472547,1199.692204472547
100.28,7.854,9.05363724371721,1199.6372437172101
100.29,7.854,9.053582282961873,1199.582282961873
100.3,7.854,9.053527322206538,1199.5273222065377
100.31,7.854,9.053521191497305,1199.521191497305
100.32,7.853,9.053554933819264,1200.554933819264
100.33,7.853,9.053588676141223,1200.5886761412228
100.34,7.853,9.053622418463181,1200.6224184631815
100.35,7.854,9.05365616078514,1199.65616078514
100.36,7.854,9.053689903107099,1199.6899031070986
100.37,7.853,9.053651900983391,1200.6519009833917
100.38,7.854,9.05359585997029,1199.5958599702901
100.39,7.854,9.053539818957189,1199.5398189571888
100.4,7.854,9.053483777944088,1199.4837779440877
100.41,7.854,9.053427736930985,1199.4277369309848
100.42,7.854,9.053378083806729,1199.378083806729
100.43,7.854,9.053456017879864,1199.4560178798633
100.44,7.853,9.053533951952996,1200.5339519529964
100.45,7.852,9.05361188602613,1201.6118860261304
100.46,7.853,9.053689820099263,1200.6898200992637
100.47,7.855,9.053767754172396,1198.7677541723958
100.48,7.856,9.05380631634704,1197.806316347041
100.49,7.856,9.05375136077447,1197.7513607744702
100.5,7.856,9.053696405201899,1197.6964052018993
100.51,7.856,9.053641449629328,1197.6414496293285
100.52,7.855,9.053586494056757,1198.586494056757
100.53,7.855,9.053531538484187,1198.531538484186
100.54,7.856,9.053525015872083,1197.525015872083
100.55,7.856,9.053558949221147,1197.558949221147
100.56,7.856,9.05359288257021,1197.5928825702108
100.57,7.857,9.053626815919277,1196.6268159192764
100.58,7.857,9.05366074926834,1196.6607492683404
100.59,7.857,9.053694682617405,1196.6946826174044
100.6,7.857,9.053657234389943,1196.6572343899431
100.61,7.858,9.053601206013635,1195.6012060136354
100.62,7.858,9.053545177637327,1195.5451776373272
100.63,7.858,9.053489149261019,1195.4891492610188
100.64,7.859,9.053433120884709,1194.4331208847086
100.65,7.859,9.053382718352337,1194.3827183523367
100.66,7.859,9.053460442687138,1194.4604426871379
100.67,7.859,9.053538167021937,1194.5381670219372
100.68,7.859,9.053615891356738,1194.6158913567383
100.69,7.86,9.05369361569154,1193.6936156915392
100.7,7.86,9.053771340026339,1193.7713400263385
100.71,7.86,9.053810501519497,1193.8105015194963
100.72,7.86,9.053755551113241,1193.7555511132407
100.73,7.86,9.053700600706984,1193.7006007069836
100.74,7.861,9.053645650300728,1192.6456503007284
100.75,7.862,9.053590699894471,1191.590699894471
100.76,7.863,9.053535749488216,1190.535749488215
100.77,7.865,9.05352883359131,1188.5288335913096
100.78,7.866,9.053562959291261,1187.5629592912612
100.79,7.866,9.053597084991212,1187.5970849912126
100.8,7.866,9.053631210691163,1187.6312106911637
100.81,7.866,9.053665336391115,1187.665336391115
100.82,7.866,9.053699462091066,1187.6994620910662
100.83,7.866,9.05366257009383,1187.6625700938296
100.84,7.867,9.053606554416113,1186.6065544161133
100.85,7.867,9.053550538738397,1186.5505387383973
100.86,7.868,9.053494523060683,1185.4945230606832
100.87,7.869,9.053438507382968,1184.4385073829678
100.88,7.869,9.053387357951603,1184.3873579516035
100.89,7.871,9.053464871200884,1182.4648712008834
100.9,7.873,9.053542384450166,1180.5423844501659
100.91,7.874,9.053619897699448,1179.6198976994488
100.92,7.874,9.05369741094873,1179.697410948731
100.93,7.874,9.053774924198013,1179.7749241980134
100.94,7.874,9.053814681627363,1179.8146816273638
100.95,7.874,9.053759736371966,1179.7597363719658
100.96,7.874,9.05370479111657,1179.7047911165696
100.97,7.874,9.053649845861173,1179.6498458611734
100.98,7.874,9.053594900605775,1179.5949006057756
100.99,7.874,9.053539955350379,1179.5399553503794
101.0,7.874,9.053532644779223,1179.532644779223
101.01,7.873,9.053566964181204,1180.566964181204
101.02,7.874,9.053601283583188,1179.601283583188
101.03,7.874,9.053635602985171,1179.6356029851713
101.04,7.874,9.053669922387154,1179.6699223871547
101.05,7.874,9.053704241789136,1179.7042417891364
101.06,7.874,9.053667908385139,1179.6679083851388
101.07,7.874,9.053611905470126,1179.611905470126
101.08,7.874,9.053555902555114,1179.5559025551147
101.09,7.875,9.053499899640103,1178.4998996401032
101.1,7.874,9.05344389672509,1179.4438967250906
101.11,7.874,9.053392002928941,1179.3920029289416
101.12,7.874,9.053469303716255,1179.4693037162558
101.13,7.873,9.05354660450357,1180.5466045035696
101.14,7.872,9.053623905290884,1181.623905290884
101.15,7.872,9.053701206078198,1181.7012060781983
101.16,7.871,9.053778506865513,1182.778506865512
101.17,7.87,9.053818856805501,1183.818856805501
101.18,7.87,9.05376391668658,1183.7639166865808
101.19,7.869,9.05370897656766,1184.708976567661
101.2,7.868,9.053654036448743,1185.6540364487423
101.21,7.867,9.053599096329823,1186.5990963298225
101.22,7.867,9.053544156210902,1186.5441562109024
101.23,7.866,9.053536449568337,1187.5364495683377
101.24,7.865,9.053570964051568,1188.570964051568
101.25,7.865,9.053605478534797,1188.6054785347965
101.26,7.865,9.053639993018027,1188.639993018027
101.27,7.865,9.053674507501256,1188.674507501256
101.28,7.865,9.053709021984487,1188.7090219844865
101.29,7.865,9.053673249566588,1188.6732495665874
101.3,7.866,9.053617259480818,1187.6172594808186
101.31,7.866,9.053561269395049,1187.561269395049
101.32,7.867,9.05350527930928,1186.505279309279
101.33,7.867,9.05344928922351,1186.4492892235096
101.34,7.867,9.053396653622674,1186.3966536226735
101.35,7.867,9.05347374054152,1186.47374054152
101.36,7.867,9.053550827460366,1186.5508274603665
101.37,7.867,9.053627914379215,1186.6279143792146
101.38,7.867,9.053705001298061,1186.705001298061
101.39,7.868,9.053782088216908,1185.7820882169071
101.4,7.868,9.053823027197517,1185.8230271975162
101.41,7.869,9.053768092201844,1184.7680922018444
101.42,7.869,9.053713157206174,1184.7131572061737
101.43,7.87,9.053658222210503,1183.6582222105028
101.44,7.871,9.05360328721483,1182.60328721483
101.45,7.871,9.05354835221916,1182.5483522191594
101.46,7.872,9.053540248100132,1181.5402481001324
101.47,7.873,9.053574959072614,1180.5749590726143
101.48,7.873,9.053609670045095,1180.6096700450946
101.49,7.874,9.053644381017577,1179.6443810175772
101.5,7.873,9.053679091990059,1180.6790919900586
101.51,7.874,9.05371380296254,1179.7138029625396
101.52,7.874,9.053678593954283,1179.678593954283
101.53,7.874,9.053622616766841,1179.6226167668412
101.54,7.874,9.0535666395794,1179.5666395793996
101.55,7.874,9.053510662391956,1179.510662391956
101.56,7.874,9.053454685204514,1179.4546852045141
101.57,7.874,9.053401310385809,1179.401310385809
101.58,7.874,9.053478181998832,1179.4781819988325
101.59,7.875,9.053555053611856,1178.5550536118556
101.6,7.875,9.05363192522488,1178.631925224879
101.61,7.875,9.053708796837903,1178.7087968379026
101.62,7.875,9.053785668450926,1178.785668450926
101.63,7.876,9.053827192956405,1177.8271929564044
101.64,7.876,9.053772263071993,1177.7722630719927
101.65,7.876,9.053717333187581,1177.717333187581
101.66,7.877,9.05366240330317,1176.6624033031699
101.67,7.878,9.053607473418758,1175.6074734187578
101.68,7.88,9.053552543534346,1173.5525435343463
101.69,7.882,9.053544040525706,1171.5440405257064
101.7,7.882,9.053578949424969,1171.578949424969
101.71,7.884,9.053613858324232,1169.6138583242312
101.72,7.884,9.053648767223493,1169.6487672234923
101.73,7.884,9.053683676122755,1169.683676122755
101.74,7.885,9.053718585022018,1168.7185850220185
101.75,7.885,9.05368394187849,1168.6839418784896
101.76,7.887,9.053627977661135,1166.6279776611352
101.77,7.888,9.053572013443782,1165.5720134437822
101.78,7.89,9.053516049226427,1163.5160492264279
101.79,7.89,9.053460085009073,1163.4600850090733
101.8,7.888,9.053405973586901,1165.4059735869016
101.81,7.889,9.053482628425073,1164.4826284250723
101.82,7.889,9.053559283263244,1164.5592832632437
101.83,7.889,9.053635938101417,1164.6359381014167
101.84,7.889,9.053712592939588,1164.712592939588
101.85,7.889,9.05378924777776,1164.789247777759
101.86,7.889,9.053831354245332,1164.831354245332
101.87,7.89,9.053776429461527,1163.7764294615272
101.88,7.89,9.053721504677721,1163.7215046777217
101.89,7.89,9.053666579893916,1163.6665798939162
101.9,7.89,9.053611655110108,1163.6116551101088
101.91,7.89,9.053556730326303,1163.5567303263033
101.92,7.89,9.053547827006593,1163.5478270065933
101.93,7.89,9.053582935300431,1163.5829353004317
101.94,7.89,9.05361804359427,1163.61804359427
101.95,7.89,9.053653151888108,1163.6531518881084
101.96,7.89,9.053688260181946,1163.6882601819468
101.97,7.891,9.053723368475785,1162.7233684757848
101.98,7.89,9.053689293684496,1163.689293684496
101.99,7.891,9.053633342511805,1162.6333425118053
102.0,7.891,9.053577391339113,1162.5773913391129
102.01,7.891,9.053521440166422,1162.5214401664223
102.02,7.891,9.05346548899373,1162.46548899373
102.03,7.891,9.053410643610981,1162.410643610981
102.04,7.893,9.053487080172758,1160.487080172758
102.05,7.895,9.053563516734535,1158.5635167345351
102.06,7.894,9.05363995329631,1159.6399532963098
102.07,7.894,9.053716389858087,1159.7163898580866
102.08,7.895,9.053792826419864,1158.7928264198642
102.09,7.895,9.053835511238379,1158.8355112383795
102.1,7.898,9.053780591545962,1155.7805915459626
102.11,7.9,9.053725671853543,1153.7256718535432
102.12,7.9,9.053670752161127,1153.6707521611263
102.13,7.901,9.053615832468708,1152.615832468708
102.14,7.902,9.053560912776291,1151.560912776291
102.15,7.903,9.053551607715526,1150.5516077155269
102.16,7.903,9.053586916902757,1150.5869169027578
102.17,7.904,9.05362222608999,1149.6222260899901
102.18,7.905,9.053657535277223,1148.6575352772227
102.19,7.905,9.053692844464456,1148.6928444644552
102.2,7.905,9.053728153651688,1148.728153651688
102.21,7.905,9.053694649733492,1148.6946497334918
102.22,7.906,9.053638711682996,1147.6387116829967
102.23,7.908,9.0535827736325,1145.5827736325004
102.24,7.909,9.053526835582005,1144.5268355820053
102.25,7.911,9.05347089753151,1142.4708975315098
102.26,7.911,9.053415320860497,1142.415320860497
102.27,7.911,9.05349153761097,1142.4915376109705
102.28,7.91,9.053567754361444,1143.5677543614436
102.29,7.909,9.053643971111917,1144.6439711119174
102.3,7.909,9.05372018786239,1144.720187862391
102.31,7.908,9.053796404612864,1145.7964046128639
102.32,7.908,9.053839664121428,1145.8396641214276
102.33,7.907,9.053784749512726,1146.784749512726
102.34,7.907,9.053729834904026,1146.7298349040257
102.35,7.906,9.053674920295324,1147.6749202953238
102.36,7.905,9.053620005686621,1148.6200056866212
102.37,7.905,9.053565091077921,1148.565091077921
102.38,7.904,9.053555382837363,1149.5553828373631
102.39,7.903,9.053590894448591,1150.5908944485918
102.4,7.902,9.05362640605982,1151.6264060598198
102.41,7.901,9.053661917671048,1152.6619176710487
102.42,7.901,9.053697429282277,1152.6974292822772
102.43,7.9,9.053732940893505,1153.7329408935052
102.44,7.899,9.053700010403535,1154.700010403535
102.45,7.899,9.05364408555588,1154.6440855558808
102.46,7.898,9.053588160708227,1155.588160708227
102.47,7.898,9.053532235860574,1155.5322358605747
102.48,7.897,9.05347631101292,1156.47631101292
102.49,7.897,9.053420386165266,1156.4203861652659
102.5,7.896,9.05349600112639,1157.4960011263906
102.51,7.895,9.053571996496421,1158.5719964964217
102.52,7.894,9.053647991866454,1159.6479918664536
102.53,7.894,9.053723987236486,1159.723987236486
102.54,7.892,9.053799982606519,1161.7999826065181
102.55,7.891,9.053843813093088,1162.8438130930886
102.56,7.891,9.053788903562094,1162.7889035620935
102.57,7.89,9.053733994031099,1163.733994031099
102.58,7.889,9.053679084500104,1164.6790845001033
102.59,7.89,9.053624174969109,1163.624174969109
102.6,7.89,9.053569265438115,1163.5692654381157
102.61,7.89,9.053559152570035,1163.5591525700352
102.62,7.89,9.053594868168416,1163.594868168416
102.63,7.89,9.053630583766797,1163.6305837667971
102.64,7.89,9.053666299365178,1163.666299365178
102.65,7.89,9.05370201496356,1163.702014963561
102.66,7.89,9.053737730561942,1163.7377305619418
102.67,7.89,9.053705376090573,1163.705376090573
102.68,7.89,9.05364946452969,1163.6494645296898
102.69,7.89,9.053593552968804,1163.5935529688047
102.7,7.89,9.053537641407921,1163.5376414079212
102.71,7.89,9.053481729847038,1163.481729847038
102.72,7.89,9.053425818286152,1163.4258182861527
102.73,7.89,9.053500471124392,1163.5004711243928
102.74,7.891,9.053576243509735,1162.5762435097347
102.75,7.891,9.053652015895077,1162.6520158950768
102.76,7.891,9.053727788280419,1162.727788280419
102.77,7.891,9.053803560665761,1162.803560665761
102.78,7.892,9.053847958365694,1161.8479583656933
102.79,7.892,9.053793053908185,1161.793053908185
102.8,7.892,9.053738149450677,1161.7381494506765
102.81,7.893,9.053683244993168,1160.6832449931685
102.82,7.893,9.05362834053566,1160.62834053566
102.83,7.893,9.053573436078151,1160.5734360781516
102.84,7.893,9.053562917125571,1160.5629171255716
102.85,7.894,9.053598838307591,1159.5988383075912
102.86,7.894,9.053634759489613,1159.634759489613
102.87,7.894,9.053670680671635,1159.6706806716347
102.88,7.894,9.053706601853655,1159.7066018536548
102.89,7.894,9.053742523035677,1159.7425230356766
102.9,7.894,9.053710747209523,1159.710747209523
102.91,7.894,9.053654849022791,1159.6548490227913
102.92,7.895,9.05359895083606,1158.59895083606
102.93,7.895,9.053543052649328,1158.5430526493283
102.94,7.896,9.053487154462596,1157.4871544625962
102.95,7.896,9.053431256275863,1157.4312562758626
102.96,7.896,9.053504948030184,1157.5049480301846
102.97,7.896,9.053580495790595,1157.5804957905946
102.98,7.896,9.053656043551003,1157.656043551003
102.99,7.896,9.053731591311413,1157.7315913114132
103.0,7.898,9.053807139071822,1155.807139071822
103.01,7.899,9.053852100166408,1154.8521001664076
103.02,7.899,9.053797200780092,1154.7972007800925
103.03,7.9,9.053742301393777,1153.7423013937769
103.04,7.9,9.05368740200746,1153.68740200746
103.05,7.9,9.053632502621145,1153.6325026211448
103.06,7.9,9.05357760323483,1153.5776032348294
103.07,7.9,9.053566676731263,1153.5666767312628
103.08,7.9,9.053602805127513,1153.6028051275125
103.09,7.902,9.05363893352376,1151.6389335237607
103.1,7.903,9.05367506192001,1150.675061920011
103.11,7.905,9.05371119031626,1148.7111903162602
103.12,7.906,9.05374731871251,1147.7473187125104
103.13,7.908,9.053716124195434,1145.7161241954336
103.14,7.909,9.05366023947388,1144.6602394738798
103.15,7.91,9.053604354752327,1143.6043547523268
103.16,7.911,9.053548470030774,1142.5484700307748
103.17,7.91,9.053492585309222,1143.4925853092218
103.18,7.909,9.053436700587667,1144.4367005876677
103.19,7.909,9.053509432290065,1144.5094322900652
103.2,7.91,9.053584753748408,1143.5847537484083
103.21,7.911,9.053660075206752,1142.6600752067523
103.22,7.911,9.053735396665097,1142.7353966650974
103.23,7.912,9.05381071812344,1141.8107181234402
103.24,7.913,9.053856238738385,1140.856238738385
103.25,7.913,9.053801344423043,1140.8013444230428
103.26,7.912,9.0537464501077,1141.7464501077009
103.27,7.912,9.053691555792359,1141.6915557923585
103.28,7.913,9.053636661477016,1140.636661477016
103.29,7.915,9.053581767161674,1138.581767161674
103.3,7.915,9.05357043163085,1138.5704316308506
103.31,7.916,9.053606768906794,1137.606768906794
103.32,7.917,9.053643106182738,1136.6431061827384
103.33,7.917,9.053679443458682,1136.6794434586823
103.34,7.918,9.053715780734628,1135.7157807346275
103.35,7.919,9.053752118010571,1134.7521180105718
103.36,7.919,9.053721507504731,1134.7215075047313
103.37,7.92,9.053665636343228,1133.6656363432276
103.38,7.921,9.053609765181724,1132.6097651817238
103.39,7.921,9.053553894020219,1132.5538940202184
103.4,7.922,9.053498022858715,1131.4980228587156
103.41,7.923,9.053442151697212,1130.4421516972116
103.42,7.924,9.053513924372746,1129.5139243727456
103.43,7.924,9.053589017814105,1129.5890178141042
103.44,7.925,9.053664111255461,1128.6641112554614
103.45,7.925,9.05373920469682,1128.7392046968198
103.46,7.927,9.053814298138176,1126.8142981381768
103.47,7.929,9.053860374342074,1124.8603743420738
103.48,7.931,9.053805485099716,1122.8054850997155
103.49,7.934,9.053750595857359,1119.7505958573588
103.5,7.934,9.053695706615,1119.6957066150003
103.51,7.935,9.053640817372642,1118.6408173726425
103.52,7.935,9.053585928130284,1118.5859281302842
103.53,7.935,9.053574182085853,1118.5741820858536
103.54,7.935,9.053610729942601,1118.610729942602
103.55,7.935,9.05364727779935,1118.64727779935
103.56,7.935,9.053683825656096,1118.6838256560964
103.57,7.935,9.053720373512844,1118.7203735128444
103.58,7.935,9.053756921369592,1118.7569213695924
103.59,7.935,9.053726897616507,1118.726897616507
103.6,7.936,9.053671040113981,1117.671040113981
103.61,7.936,9.053615182611454,1117.6151826114537
103.62,7.937,9.053559325108926,1116.559325108926
103.63,7.937,9.053503467606399,1116.5034676063988
103.64,7.937,9.053447610103872,1116.4476101038713
103.65,7.938,9.05351842477075,1115.5184247707507
103.66,7.937,9.053593288441515,1116.5932884415151
103.67,7.938,9.05366815211228,1115.6681521122805
103.68,7.937,9.053743015783045,1116.7430157830447
103.69,7.937,9.05381787945381,1116.8178794538096
103.7,7.937,9.053864507256568,1116.864507256568
103.71,7.937,9.05380962309161,1116.8096230916094
103.72,7.937,9.053754738926651,1116.7547389266508
103.73,7.937,9.053699854761692,1116.6998547616922
103.74,7.937,9.053644970596734,1116.6449705967336
103.75,7.937,9.053590086431775,1116.590086431775
103.76,7.937,9.053577928377004,1116.5779283770041
103.77,7.936,9.053614688552065,1117.6146885520648
103.78,7.936,9.053651448727125,1117.6514487271252
103.79,7.936,9.053688208902184,1117.6882089021838
103.8,7.936,9.053724969077244,1117.7249690772442
103.81,7.937,9.053761729252304,1116.7617292523041
103.82,7.935,9.053732295033939,1118.7322950339392
103.83,7.934,9.053676451293603,1119.6764512936027
103.84,7.933,9.053620607553267,1120.620607553267
103.85,7.931,9.05356476381293,1122.5647638129308
103.86,7.931,9.053508920072595,1122.508920072595
103.87,7.932,9.053453076332257,1121.4530763322568
103.88,7.932,9.053522934001933,1121.5229340019323
103.89,7.931,9.05359756610892,1122.5975661089196
103.9,7.929,9.053672198215907,1124.6721982159063
103.91,7.928,9.053746830322893,1125.7468303228934
103.92,7.927,9.05382146242988,1126.8214624298807
103.93,7.927,9.053868637781141,1126.8686377811416
103.94,7.927,9.053813758700581,1126.8137587005817
103.95,7.927,9.053758879620023,1126.7588796200237
103.96,7.927,9.053704000539465,1126.7040005394656
103.97,7.928,9.053649121458907,1125.649121458907
103.98,7.928,9.053594242378347,1125.5942423783472
103.99,7.928,9.053581670805794,1125.5816708057944
104.0,7.929,9.053618645073817,1124.6186450738164
104.01,7.929,9.053655619341837,1124.655619341837
104.02,7.929,9.053692593609858,1124.6925936098578
104.03,7.93,9.05372956787788,1123.7295678778808
104.04,7.93,9.053766542145901,1123.7665421459014
104.05,7.93,9.05373770028578,1123.7377002857797
104.06,7.93,9.053681870415376,1123.6818704153766
104.07,7.93,9.053626040544973,1123.6260405449734
104.08,7.93,9.053570210674568,1123.5702106745684
104.09,7.93,9.053514380804165,1123.5143808041653
104.1,7.929,9.053458550933762,1124.4585509337614
104.11,7.928,9.053527452611087,1125.5274526110873
104.12,7.928,9.053601851320648,1125.6018513206482
104.13,7.927,9.05367625003021,1126.6762500302098
104.14,7.926,9.05375064873977,1127.7506487397702
104.15,7.925,9.053825047449331,1128.8250474493316
104.16,7.925,9.053872766236854,1128.8727662368537
104.17,7.925,9.053817892250482,1128.8178922504821
104.18,7.924,9.05376301826411,1129.7630182641099
104.19,7.924,9.053708144277739,1129.708144277738
104.2,7.923,9.053653270291367,1130.6532702913667
104.21,7.923,9.053598396304997,1130.5983963049969
104.22,7.922,9.053585409696169,1131.5854096961689
104.23,7.922,9.053622599869655,1131.6225998696555
104.24,7.921,9.053659790043142,1132.6597900431414
104.25,7.921,9.053696980216628,1132.696980216628
104.26,7.92,9.053734170390115,1133.734170390115
104.27,7.92,9.053771360563601,1133.7713605636015
104.28,7.919,9.05374311392793,1134.7431139279297
104.29,7.919,9.053687298039987,1134.6872980399878
104.3,7.919,9.053631482152044,1134.6314821520443
104.31,7.919,9.053575666264102,1134.5756662641024
104.32,7.92,9.05351985037616,1133.5198503761603
104.33,7.92,9.053464034488218,1133.4640344882184
104.34,7.92,9.053531981171641,1133.5319811716413
104.35,7.92,9.053606144608796,1133.6061446087963
104.36,7.92,9.053680308045951,1133.6803080459515
104.37,7.92,9.053754471483106,1133.7544714831065
104.38,7.92,9.053828634920261,1133.8286349202615
104.39,7.92,9.053876892968304,1133.8768929683044
104.4,7.921,9.053822024088907,1132.8220240889068
104.41,7.921,9.05376715520951,1132.7671552095096
104.42,7.921,9.05371228633011,1132.7122863301104
104.43,7.919,9.053657417450713,1134.6574174507139
104.44,7.919,9.053602548571314,1134.6025485713146
104.45,7.919,9.053589145396307,1134.5891453963075
104.46,7.919,9.053626553326309,1134.626553326309
104.47,7.919,9.05366396125631,1134.6639612563108
104.48,7.919,9.053701369186312,1134.7013691863124
104.49,7.919,9.053738777116312,1134.7387771163121
104.5,7.919,9.053776185046313,1134.776185046314
104.51,7.919,9.053748536545129,1134.7485365451294
104.52,7.92,9.053692734757242,1133.6927347572416
104.53,7.92,9.053636932969356,1133.6369329693562
104.54,7.92,9.053581131181469,1133.5811311814687
104.55,7.921,9.053525329393581,1132.5253293935812
104.56,7.921,9.053469527605696,1132.4695276056955
104.57,7.921,9.053536520287508,1132.5365202875082
104.58,7.921,9.0536104465351,1132.6104465350993
104.59,7.921,9.053684372782689,1132.6843727826886
104.6,7.921,9.05375829903028,1132.7582990302797
104.61,7.921,9.05383222527787,1132.832225277869
104.62,7.921,9.05388101834556,1132.88101834556
104.63,7.921,9.053826154589151,1132.826154589151
104.64,7.921,9.05377129083274,1132.77129083274
104.65,7.921,9.05371642707633,1132.7164270763292
104.66,7.921,9.05366156331992,1132.66156331992
104.67,7.921,9.05360669956351,1132.6066995635094
104.68,7.921,9.053592878280622,1132.5928782806213
104.69,7.921,9.053630505857381,1132.6305058573807
104.7,7.921,9.05366813343414,1132.66813343414
104.71,7.921,9.0537057610109,1132.7057610108993
104.72,7.921,9.053743388587659,1132.7433885876585
104.73,7.921,9.05378101616442,1132.7810161644197
104.74,7.921,9.053753968752742,1132.7539687527421
104.75,7.921,9.053698181187864,1132.6981811878634
104.76,7.921,9.053642393622987,1132.6423936229864
104.77,7.921,9.05358660605811,1132.5866060581093
104.78,7.921,9.05353081849323,1132.5308184932305
104.79,7.921,9.053475030928354,1132.4750309283536
104.8,7.921,9.053541070595006,1132.541070595006
104.81,7.921,9.053614757692879,1132.6147576928784
104.82,7.92,9.05368844479075,1133.6884447907494
104.83,7.92,9.053762131888622,1133.7621318886218
104.84,7.92,9.053835818986494,1133.8358189864941
104.85,7.92,9.053885142766187,1133.8851427661875
104.86,7.92,9.053830284152257,1133.830284152257
104.87,7.92,9.053775425538328,1133.7754255383281
104.88,7.92,9.0537205669244,1133.7205669243992
104.89,7.92,9.05366570831047,1133.6657083104703
104.9,7.92,9.05361084969654,1133.6108496965398
104.91,7.92,9.053596608751876,1133.5966087518764
104.92,7.92,9.053634457905433,1133.6344579054335
104.93,7.92,9.053672307058992,1133.6723070589921
104.94,7.92,9.05371015621255,1133.7101562125492
104.95,7.921,9.053748005366108,1132.748005366108
104.96,7.922,9.053785854519667,1131.7858545196673
104.97,7.923,9.053759411198671,1130.759411198671
104.98,7.924,9.053703637985429,1129.7036379854283
104.99,7.925,9.053647864772188,1128.647864772188
105.0,7.925,9.053592091558947,1128.5920915589475
105.01,7.926,9.053536318345706,1127.5363183457064
105.02,7.927,9.053480545132466,1126.4805451324662
105.03,7.927,9.053545632764944,1126.5456327649445
105.04,7.926,9.053619078709175,1127.6190787091753
105.05,7.925,9.053692524653405,1128.6925246534051
105.06,7.925,9.053765970597635,1128.7659705976348
105.07,7.924,9.053839416541866,1129.8394165418654
105.08,7.924,9.053889266657519,1129.8892666575186
105.09,7.923,9.053834413209309,1130.8344132093087
105.1,7.923,9.053779559761098,1130.7795597610984
105.11,7.922,9.053724706312886,1131.7247063128866
105.12,7.923,9.053669852864676,1130.669852864676
105.13,7.924,9.053614999416466,1129.6149994164653
105.14,7.925,9.053600337243497,1128.6003372434968
105.15,7.925,9.05363840994423,1128.638409944231
105.16,7.924,9.053676482644967,1129.6764826449667
105.17,7.923,9.053714555345703,1130.714555345703
105.18,7.923,9.053752628046437,1130.7526280464372
105.19,7.924,9.053790700747173,1129.790700747173
105.2,7.925,9.05376486456535,1128.7648645653503
105.21,7.925,9.053709105838385,1128.7091058383849
105.22,7.926,9.053653347111418,1127.6533471114174
105.23,7.927,9.05359758838445,1126.5975883844508
105.24,7.928,9.053541829657485,1125.541829657485
105.25,7.929,9.053486070930518,1124.4860709305176
105.26,7.93,9.053550207504806,1123.5502075048062
105.27,7.931,9.053623410246974,1122.6234102469741
105.28,7.932,9.053696612989143,1121.696612989142
105.29,7.933,9.053769815731311,1120.7698157313112
105.3,7.934,9.05384301847348,1119.843018473479
105.31,7.935,9.05389339047904,1118.8933904790401
105.32,7.936,9.053838542223815,1117.838542223815
105.33,7.935,9.05378369396859,1118.7836939685906
105.34,7.934,9.053728845713366,1119.7288457133654
105.35,7.933,9.05367399745814,1120.673997458141
105.36,7.932,9.053619149202916,1121.6191492029157
105.37,7.931,9.053604064222029,1122.6040642220285
105.38,7.93,9.053642362481133,1123.6423624811334
105.39,7.931,9.05368066074024,1122.6806607402393
105.4,7.931,9.053718958999344,1122.7189589993438
105.41,7.932,9.05375725725845,1121.7572572584497
105.42,7.932,9.053795555517555,1121.7955555175542
105.43,7.933,9.053770329571885,1120.7703295718848
105.44,7.935,9.0537145854722,1118.7145854722003
105.45,7.936,9.053658841372517,1117.6588413725171
105.46,7.935,9.053603097272832,1118.6030972728327
105.47,7.935,9.05354735317315,1118.5473531731498
105.48,7.934,9.053491609073465,1119.4916090734646
105.49,7.933,9.05355479556109,1120.554795561091
105.5,7.934,9.05362775300762,1119.6277530076193
105.51,7.935,9.053700710454148,1118.7007104541485
105.52,7.935,9.053773667900675,1118.7736679006753
105.53,7.934,9.053846625347203,1119.8466253472031
105.54,7.933,9.053897514725023,1120.8975147250228
105.55,7.933,9.053842671694396,1120.8426716943957
105.56,7.933,9.053787828663767,1120.787828663767
105.57,7.933,9.053732985633138,1120.732985633138
105.58,7.932,9.05367814260251,1121.6781426025104
105.59,7.932,9.053623299571882,1121.6232995718815
105.6,7.932,9.053607790189893,1121.6077901898932
105.61,7.932,9.053646316059758,1121.646316059758
105.62,7.932,9.053684841929623,1121.684841929623
105.63,7.932,9.053723367799488,1121.723367799488
105.64,7.932,9.053761893669353,1121.761893669353
105.65,7.932,9.053800419539218,1121.800419539218
105.66,7.932,9.053775806976324,1121.7758069763236
105.67,7.932,9.05372007765168,1121.7200776516804
105.68,7.932,9.053664348327038,1121.6643483270375
105.69,7.932,9.053608619002393,1121.6086190023925
105.7,7.932,9.05355288967775,1121.5528896777496
105.71,7.932,9.053497160353107,1121.4971603531064
105.72,7.932,9.053559397721802,1121.5593977218016
105.73,7.932,9.053632107733366,1121.6321077333653
105.74,7.933,9.05370481774493,1120.7048177449294
105.75,7.933,9.053777527756493,1120.777527756493
105.76,7.933,9.053850237768057,1120.8502377680568
105.77,7.933,9.053901639927345,1120.9016399273448
105.78,7.933,9.053846802157594,1120.8468021575939
105.79,7.933,9.053791964387845,1120.7919643878447
105.8,7.933,9.053737126618094,1120.737126618094
105.81,7.933,9.053682288848343,1120.682288848343
105.82,7.933,9.053627451078594,1120.6274510785938
105.83,7.934,9.053611515688234,1119.6115156882333
105.84,7.934,9.05365027126273,1119.6502712627305
105.85,7.934,9.053689026837226,1119.689026837226
105.86,7.934,9.053727782411721,1119.7277824117214
105.87,7.934,9.053766537986219,1119.7665379862185
105.88,7.935,9.053805293560714,1118.8052935607145
105.89,7.935,9.053781297578002,1118.7812975780025
105.9,7.935,9.053725583183317,1118.7255831833172
105.91,7.935,9.05366986878863,1118.66986878863
105.92,7.935,9.053614154393944,1118.6141543939448
105.93,7.935,9.053558439999259,1118.5584399992595
105.94,7.936,9.053502725604574,1117.5027256045737
105.95,7.936,9.05356401481903,1117.5640148190294
105.96,7.936,9.053636475210068,1117.6364752100678
105.97,7.936,9.053708935601106,1117.7089356011063
105.98,7.937,9.053781395992146,1116.7813959921461
105.99,7.937,9.053853856383185,1116.8538563831846
106.0,7.937,9.053905766658522,1116.9057666585215
106.01,7.937,9.053850934190962,1116.8509341909614
106.02,7.937,9.053796101723401,1116.796101723401
106.03,7.937,9.053741269255841,1116.741269255841
106.04,7.938,9.05368643678828,1115.6864367882795
106.05,7.939,9.053631604320719,1114.631604320719
106.06,7.94,9.053615241300085,1113.615241300084
106.07,7.94,9.053654228714729,1113.6542287147283
106.08,7.941,9.053693216129375,1112.693216129375
106.09,7.942,9.053732203544019,1111.7322035440188
106.1,7.943,9.053771190958663,1110.7711909586637
106.11,7.944,9.05381017837331,1109.8101783733093
106.12,7.945,9.053786802220083,1108.7868022200826
106.13,7.945,9.053731102917864,1108.7311029178632
106.14,7.946,9.053675403615644,1107.6754036156444
106.15,7.947,9.053619704313423,1106.619704313423
106.16,7.948,9.053564005011204,1105.5640050112033
106.17,7.949,9.053508305708982,1104.5083057089826
106.18,7.95,9.053568647731755,1103.5686477317545
106.19,7.951,9.053640856270091,1102.6408562700913
106.2,7.952,9.053713064808427,1101.7130648084271
106.21,7.953,9.053785273346763,1100.7852733467632
106.22,7.954,9.0538574818851,1099.8574818851
106.23,7.954,9.053909895535027,1099.9098955350269
106.24,7.955,9.05385506841638,1098.8550684163804
106.25,7.956,9.053800241297736,1097.800241297736
106.26,7.956,9.05374541417909,1097.74541417909
106.27,7.956,9.053690587060444,1097.690587060444
106.28,7.957,9.0536357599418,1096.6357599418002
106.29,7.957,9.053618967653762,1096.618967653762
106.3,7.958,9.053658189085738,1095.6581890857376
106.31,7.958,9.053697410517714,1095.6974105177135
106.32,7.958,9.053736631949691,1095.7366319496914
106.33,7.959,9.053775853381667,1094.7758533816677
106.34,7.96,9.053815074813643,1093.8150748136434
106.35,7.961,9.05379232179218,1092.7923217921798
106.36,7.961,9.053736637752989,1092.7366377529886
106.37,7.962,9.053680953713798,1091.6809537137979
106.38,7.963,9.053625269674606,1090.6252696746064
106.39,7.963,9.053569585635415,1090.5695856354153
106.4,7.964,9.053513901596224,1089.5139015962236
106.41,7.964,9.053573297388763,1089.5732973887623
106.42,7.965,9.053645251795352,1088.6452517953521
106.43,7.965,9.053717206201943,1088.7172062019436
106.44,7.965,9.053789160608533,1088.789160608533
106.45,7.965,9.053861115015124,1088.8611150151241
106.46,7.965,9.053914027220817,1088.9140272208167
106.47,7.965,9.053859205503635,1088.8592055036347
106.48,7.965,9.053804383786455,1088.8043837864548
106.49,7.964,9.053749562069273,1089.7495620692723
106.5,7.964,9.05369474035209,1089.6947403520905
106.51,7.964,9.053639918634909,1089.6399186349086
106.52,7.964,9.05362269542649,1089.62269542649
106.53,7.964,9.053662153094502,1089.6621530945013
106.54,7.964,9.053701610762513,1089.7016107625125
106.55,7.964,9.053741068430524,1089.7410684305235
106.56,7.964,9.053780526098535,1089.7805260985347
106.57,7.964,9.053819983766546,1089.8199837665459
106.58,7.964,9.053797857233112,1089.797857233112
106.59,7.964,9.05374218863606,1089.742188636059
106.6,7.964,9.053686520039005,1089.6865200390043
106.61,7.964,9.05363085144195,1089.6308514419495
106.62,7.964,9.053575182844895,1089.5751828448947
106.63,7.964,9.053519514247842,1089.5195142478417
106.64,7.964,9.053577964771703,1089.5779647717027
106.65,7.963,9.053649662720552,1090.6496627205522
106.66,7.963,9.0537213606694,1090.7213606693995
106.67,7.963,9.053793058618247,1090.7930586182467
106.68,7.963,9.053864756567096,1090.8647565670958
106.69,7.963,9.053918162431177,1090.9181624311773
106.7,7.963,9.053863346174273,1090.863346174273
106.71,7.963,9.053808529917369,1090.8085299173686
106.72,7.962,9.053753713660466,1091.7537136604665
106.73,7.962,9.053698897403562,1091.6988974035621
106.74,7.962,9.053644081146658,1091.644081146658
106.75,7.962,9.053626425348366,1091.626425348366
106.76,7.962,9.053666121512293,1091.6661215122936
106.77,7.962,9.05370581767622,1091.7058176762212
106.78,7.961,9.053745513840148,1092.745513840148
106.79,7.962,9.053785210004076,1091.7852100040761
106.8,7.963,9.053824906168003,1090.8249061680033
106.81,7.961,9.053803409533812,1092.8034095338112
106.82,7.959,9.053747756567068,1094.7477565670686
106.83,7.958,9.053692103600323,1095.6921036003228
106.84,7.956,9.05363645063358,1097.636450633579
106.85,7.955,9.053580797666836,1098.580797666836
106.86,7.955,9.05352514470009,1098.5251447000906
106.87,7.955,9.05358265091833,1098.5826509183294
106.88,7.954,9.053654090036577,1099.6540900365774
106.89,7.952,9.053725529154827,1101.7255291548267
106.9,7.951,9.053796968273074,1102.7969682730748
106.91,7.95,9.053868407391324,1103.8684073913237
106.92,7.95,9.053922301936808,1103.9223019368078
106.93,7.95,9.053867491205732,1103.8674912057322
106.94,7.95,9.053812680474655,1103.8126804746548
106.95,7.95,9.05375786974358,1103.7578697435792
106.96,7.949,9.053703059012502,1104.7030590125023
106.97,7.947,9.053648248281426,1106.6482482814263
106.98,7.948,9.053630158206536,1105.6301582065355
106.99,7.948,9.053670095166874,1105.6700951668734
107.0,7.948,9.053710032127212,1105.7100321272112
107.01,7.948,9.05374996908755,1105.7499690875493
107.02,7.948,9.053789906047887,1105.7899060478871
107.03,7.948,9.053829843008225,1105.829843008225
107.04,7.948,9.053808979740303,1105.8089797403027
107.05,7.948,9.053753342601663,1105.7533426016626
107.06,7.948,9.053697705463023,1105.6977054630224
107.07,7.949,9.053642068324383,1104.6420683243828
107.08,7.949,9.053586431185742,1104.5864311857424
107.09,7.948,9.053530794047102,1105.5307940471018
107.1,7.947,9.053587356925854,1106.5873569258545
107.11,7.946,9.053658534794096,1107.6585347940959
107.12,7.946,9.053729712662339,1107.729712662339
107.13,7.946,9.05380089053058,1107.80089053058
107.14,7.945,9.053872068398821,1108.8720683988206
107.15,7.945,9.053926446568248,1108.9264465682477
107.16,7.944,9.053871641435789,1109.871641435789
107.17,7.943,9.053816836303328,1110.8168363033287
107.18,7.943,9.05376203117087,1110.7620311708697
107.19,7.942,9.05370722603841,1111.7072260384102
107.2,7.942,9.053652420905951,1111.6524209059512
107.21,7.941,9.053633894849739,1112.633894849739
107.22,7.94,9.053674074946768,1113.6740749467674
107.23,7.94,9.053714255043797,1113.7142550437966
107.24,7.939,9.053754435140826,1114.754435140826
107.25,7.939,9.053794615237855,1114.7946152378552
107.26,7.938,9.053834795334884,1115.8347953348846
107.27,7.938,9.053814568956833,1115.814568956833
107.28,7.938,9.053758947854297,1115.7589478542968
107.29,7.938,9.05370332675176,1115.7033267517606
107.3,7.938,9.053647705649224,1115.6477056492245
107.31,7.939,9.053592084546688,1114.5920845466878
107.32,7.94,9.053536463444152,1113.5364634441514
107.33,7.94,9.053592083954468,1113.5920839544679
107.34,7.941,9.053662998107306,1112.6629981073063
107.35,7.942,9.053733912260146,1111.7339122601456
107.36,7.943,9.053804826412984,1110.804826412984
107.37,7.944,9.053875740565823,1109.8757405658234
107.38,7.945,9.053930597220603,1108.9305972206027
107.39,7.946,9.05387579776733,1107.8757977673295
107.4,7.947,9.053820998314054,1106.8209983140537
107.41,7.948,9.05376619886078,1105.7661988607795
107.42,7.949,9.053711399407504,1104.7113994075044
107.43,7.949,9.05365659995423,1104.6565999542306
107.44,7.949,9.053637636193157,1104.637636193157
107.45,7.948,9.053678061805817,1105.6780618058167
107.46,7.948,9.053718487418479,1105.7184874184784
107.47,7.948,9.05375891303114,1105.7589130311403
107.48,7.949,9.053799338643802,1104.7993386438027
107.49,7.949,9.053839764256463,1104.8397642564628
107.5,7.949,9.05382017834909,1104.8201783490904
107.51,7.95,9.053764573501484,1103.7645735014837
107.52,7.95,9.053708968653876,1103.7089686538754
107.53,7.95,9.05365336380627,1103.653363806269
107.54,7.951,9.053597758958663,1102.5977589586632
107.55,7.951,9.053542154111057,1102.542154111057
107.56,7.951,9.053596833230989,1102.5968332309892
107.57,7.952,9.053667481157888,1101.6674811578878
107.58,7.952,9.053738129084786,1101.7381290847866
107.59,7.952,9.053808777011684,1101.8087770116836
107.6,7.952,9.053879424938582,1101.8794249385824
107.61,7.952,9.05393475485861,1101.9347548586093
107.62,7.952,9.053879961173438,1101.879961173438
107.63,7.952,9.053825167488265,1101.825167488265
107.64,7.953,9.053770373803092,1100.7703738030914
107.65,7.953,9.053715580117919,1100.7155801179183
107.66,7.953,9.053660786432747,1100.6607864327468
107.67,7.953,9.053641383223573,1100.6413832235723
107.68,7.953,9.053682056767995,1100.6820567679947
107.69,7.953,9.053722730312417,1100.722730312417
107.7,7.953,9.053763403856841,1100.763403856841
107.71,7.953,9.053804077401264,1100.8040774012634
107.72,7.953,9.053844750945686,1100.8447509456855
107.73,7.954,9.053825809147472,1099.8258091474727
107.74,7.953,9.053770220785104,1100.7702207851037
107.75,7.953,9.053714632422734,1100.7146324227338
107.76,7.953,9.053659044060364,1100.6590440603636
107.77,7.953,9.053603455697996,1100.6034556979953
107.78,7.954,9.053547867335626,1099.5478673356258
107.79,7.954,9.053601606052593,1099.6016060525938
107.8,7.953,9.053671985199058,1100.6719851990576
107.81,7.953,9.053742364345522,1100.742364345522
107.82,7.952,9.053812743491987,1101.8127434919868
107.83,7.952,9.053883122638451,1101.8831226384514
107.84,7.952,9.053938920522015,1101.9389205220148
107.85,7.952,9.053884132702823,1101.884132702823
107.86,7.95,9.05382934488363,1103.8293448836293
107.87,7.949,9.053774557064438,1104.774557064438
107.88,7.949,9.053719769245244,1104.7197692452446
107.89,7.95,9.053664981426053,1103.6649814260527
107.9,7.95,9.053645137004901,1103.645137004901
107.91,7.95,9.053686060932538,1103.6860609325379
107.92,7.95,9.053726984860177,1103.7269848601766
107.93,7.95,9.053767908787814,1103.7679087878134
107.94,7.95,9.053808832715452,1103.8088327154521
107.95,7.95,9.053849756643089,1103.849756643089
107.96,7.95,9.053831462650471,1103.8314626504712
107.97,7.95,9.053775891015814,1103.7758910158138
107.98,7.951,9.053720319381156,1102.7203193811567
107.99,7.95,9.053664747746499,1103.6647477464987
108.0,7.951,9.053609176111841,1102.6091761118416
108.01,7.951,9.053553604477184,1102.5536044771843
108.02,7.951,9.053606403790663,1102.6064037906638
108.03,7.951,9.053676511559813,1102.676511559813
108.04,7.951,9.053746619328962,1102.7466193289622
108.05,7.951,9.053816727098111,1102.8167270981112
108.06,7.951,9.05388683486726,1102.8868348672604
108.07,7.952,9.053943095331322,1101.9430953313217
108.08,7.952,9.05388831348559,1101.88831348559
108.09,7.953,9.053833531639858,1100.8335316398582
108.1,7.954,9.053778749794127,1099.778749794127
108.11,7.954,9.053723967948397,1099.723967948397
108.12,7.955,9.053669186102665,1098.669186102665
108.13,7.956,9.053648898684008,1097.6488986840077
108.14,7.956,9.053690075479322,1097.6900754793214
108.15,7.957,9.053731252274636,1096.731252274636
108.16,7.958,9.05377242906995,1095.7724290699496
108.17,7.958,9.053813605865264,1095.8136058652635
108.18,7.959,9.053854782660578,1094.854782660578
108.19,7.96,9.053837140227998,1093.837140227998
108.2,7.96,9.05378158557642,1093.7815855764202
108.21,7.961,9.053726030924844,1092.7260309248438
108.22,7.962,9.053670476273266,1091.6704762732668
108.23,7.962,9.053614921621689,1091.614921621689
108.24,7.963,9.053559366970113,1090.5593669701127
108.25,7.964,9.053611227894697,1089.6112278946966
108.26,7.964,9.053681061649266,1089.6810616492658
108.27,7.965,9.053750895403837,1088.7508954038374
108.28,7.966,9.053820729158408,1087.820729158408
108.29,7.966,9.053890562912978,1087.8905629129774
108.3,7.966,9.05394728049387,1087.9472804938705
108.31,7.966,9.053892504739371,1087.8925047393714
108.32,7.966,9.053837728984872,1087.837728984872
108.33,7.966,9.053782953230371,1087.7829532303708
108.34,7.966,9.053728177475872,1087.7281774758717
108.35,7.966,9.053673401721372,1087.6734017213723
108.36,7.966,9.053652669496948,1087.652669496948
108.37,7.966,9.053694101674582,1087.6941016745816
108.38,7.966,9.053735533852217,1087.735533852217
108.39,7.966,9.05377696602985,1087.7769660298507
108.4,7.966,9.053818398207484,1087.8183982074843
108.41,7.966,9.053859830385118,1087.859830385118
108.42,7.966,9.053842843324814,1087.8428433248137
108.43,7.967,9.053787305925333,1086.7873059253332
108.44,7.967,9.053731768525852,1086.7317685258522
108.45,7.967,9.05367623112637,1086.676231126371
108.46,7.967,9.05362069372689,1086.62069372689
108.47,7.967,9.053565156327409,1086.565156327409
108.48,7.967,9.05361607989624,1086.616079896241
108.49,7.968,9.053685636961095,1085.6856369610953
108.5,7.967,9.053755194025948,1086.7551940259484
108.51,7.966,9.0538247510908,1087.8247510908006
108.52,7.966,9.053894308155654,1087.8943081556533
108.53,7.967,9.053951477310273,1086.951477310273
108.54,7.967,9.053896707775781,1086.8967077757814
108.55,7.967,9.05384193824129,1086.8419382412897
108.56,7.967,9.053787168706796,1086.7871687067964
108.57,7.968,9.053732399172304,1085.7323991723042
108.58,7.968,9.053677629637813,1085.6776296378125
108.59,7.968,9.053656450775456,1085.6564507754563
108.6,7.968,9.053698140876827,1085.6981408768274
108.61,7.969,9.0537398309782,1084.7398309782
108.62,7.969,9.053781521079571,1084.7815210795711
108.63,7.969,9.053823211180942,1084.823211180942
108.64,7.969,9.053864901282314,1084.8649012823132
108.65,7.969,9.053848573463776,1084.8485734637761
108.66,7.97,9.053793053599845,1083.7930535998455
108.67,7.97,9.053737533735914,1083.7375337359142
108.68,7.969,9.053682013871985,1084.6820138719843
108.69,7.968,9.053626494008054,1085.6264940080537
108.7,7.968,9.053570974144122,1085.5709741441224
108.71,7.968,9.05362096141278,1085.6209614127793
108.72,7.969,9.053690239077978,1084.690239077978
108.73,7.969,9.053759516743177,1084.759516743177
108.74,7.969,9.053828794408377,1084.8287944083763
108.75,7.969,9.053898072073576,1084.8980720735756
108.76,7.97,9.053955687181134,1083.9556871811337
108.77,7.97,9.053900924007191,1083.9009240071914
108.78,7.97,9.053846160833249,1083.8461608332493
108.79,7.971,9.053791397659305,1082.791397659305
108.8,7.971,9.053736634485363,1082.7366344853626
108.81,7.971,9.05368187131142,1082.6818713114203
108.82,7.972,9.053660243953821,1081.660243953821
108.83,7.974,9.053702194543057,1079.7021945430565
108.84,7.975,9.053744145132292,1078.7441451322923
108.85,7.977,9.053786095721527,1076.7860957215269
108.86,7.976,9.053828046310764,1077.8280463107644
108.87,7.976,9.0538699969,1077.8699968999997
108.88,7.976,9.053854332249085,1077.8543322490846
108.89,7.978,9.053798830219408,1075.7988302194085
108.9,7.979,9.053743328189734,1074.7433281897338
108.91,7.981,9.05368782616006,1072.6878261600596
108.92,7.982,9.053632324130385,1071.6323241303849
108.93,7.982,9.05357682210071,1071.5768221007104
108.94,7.982,9.053625874151566,1071.6258741515653
108.95,7.982,9.053694869676097,1071.6948696760965
108.96,7.982,9.053763865200628,1071.7638652006274
108.97,7.982,9.053832860725157,1071.8328607251567
108.98,7.982,9.053901856249688,1071.9018562496876
108.99,7.981,9.053959911614136,1072.9599116141362
109.0,7.981,9.053905154953837,1072.905154953837
109.01,7.981,9.053850398293537,1072.8503982935376
109.02,7.981,9.053795641633238,1072.7956416332383
109.03,7.981,9.053740884972939,1072.740884972939
109.04,7.98,9.05368612831264,1073.686128312639
109.05,7.98,9.053664050575994,1073.664050575994
109.06,7.98,9.053706264235126,1073.706264235126
109.07,7.98,9.053748477894258,1073.7484778942576
109.08,7.98,9.053790691553392,1073.7906915533913
109.09,7.98,9.053832905212523,1073.832905212523
109.1,7.981,9.053875118871657,1072.8751188716572
109.11,7.981,9.053860121369244,1072.8601213692439
109.12,7.981,9.05380463748863,1072.8046374886303
109.13,7.982,9.053749153608015,1071.749153608015
109.14,7.983,9.053693669727402,1070.6936697274018
109.15,7.982,9.053638185846786,1071.638185846786
109.16,7.982,9.053582701966173,1071.5827019661726
109.17,7.982,9.053630819913288,1071.6308199132873
109.18,7.983,9.053699530529503,1070.6995305295034
109.19,7.982,9.05376824114572,1071.76824114572
109.2,7.982,9.053836951761935,1071.8369517619353
109.21,7.983,9.053905662378153,1070.905662378153
109.22,7.983,9.053964152231345,1070.964152231345
109.23,7.983,9.053909402251161,1070.9094022511615
109.24,7.983,9.053854652270978,1070.8546522709782
109.25,7.983,9.053799902290795,1070.799902290795
109.26,7.982,9.053745152310611,1071.7451523106113
109.27,7.981,9.053690402330428,1072.6904023304282
109.28,7.981,9.053667872303004,1072.667872303004
109.29,7.981,9.053710351626334,1072.7103516263342
109.3,7.98,9.053752830949666,1073.7528309496654
109.31,7.979,9.053795310272996,1074.7953102729957
109.32,7.978,9.053837789596326,1075.837789596326
109.33,7.978,9.053880268919656,1075.8802689196561
109.34,7.977,9.053865942599831,1076.8659425998308
109.35,7.976,9.053810477200042,1077.8104772000415
109.36,7.976,9.05375501180025,1077.7550118002503
109.37,7.975,9.05369954640046,1078.6995464004613
109.38,7.975,9.05364408100067,1078.64408100067
109.39,7.974,9.05358861560088,1079.5886156008798
109.4,7.974,9.053635800595474,1079.635800595474
109.41,7.973,9.053704223514371,1080.7042235143713
109.42,7.973,9.053772646433266,1080.7726464332666
109.43,7.974,9.053841069352162,1079.8410693521614
109.44,7.973,9.053909492271057,1080.909492271057
109.45,7.973,9.053968410776779,1080.9684107767791
109.46,7.972,9.053913667657415,1081.9136676574149
109.47,7.971,9.053858924538051,1082.8589245380513
109.48,7.971,9.053804181418686,1082.8041814186856
109.49,7.97,9.053749438299322,1083.7494382993223
109.5,7.969,9.053694695179958,1084.6946951799578
109.51,7.967,9.053671710920556,1086.671710920556
109.52,7.965,9.053714458508084,1088.7144585080844
109.53,7.963,9.05375720609561,1090.7572060956109
109.54,7.961,9.053799953683138,1092.7999536831371
109.55,7.959,9.053842701270666,1094.8427012706663
109.56,7.957,9.053885448858193,1096.8854488581928
109.57,7.957,9.053871797805844,1096.8717978058437
109.58,7.957,9.05381635123648,1096.8163512364795
109.59,7.956,9.053760904667115,1097.7609046671146
109.6,7.955,9.05370545809775,1098.7054580977506
109.61,7.953,9.053650011528386,1100.6500115283861
109.62,7.954,9.053594564959022,1099.5945649590224
109.63,7.954,9.053640818195586,1099.640818195586
109.64,7.954,9.053708950612977,1099.7089506129773
109.65,7.954,9.053777083030369,1099.7770830303689
109.66,7.955,9.05384521544776,1098.84521544776
109.67,7.954,9.053913347865151,1099.9133478651518
109.68,7.954,9.05397268912413,1099.9726891241303
109.69,7.954,9.053917953061392,1099.9179530613922
109.7,7.954,9.053863216998655,1099.8632169986556
109.71,7.955,9.053808480935917,1098.8084809359168
109.72,7.955,9.05375374487318,1098.7537448731803
109.73,7.955,9.053699008810444,1098.6990088104437
109.74,7.955,9.053675568346744,1098.675568346744
109.75,7.955,9.053718586796556,1098.718586796556
109.76,7.955,9.053761605246368,1098.7616052463682
109.77,7.955,9.05380462369618,1098.8046236961804
109.78,7.955,9.053847642145993,1098.8476421459925
109.79,7.956,9.053890660595805,1097.8906605958043
109.8,7.956,9.053877688943572,1097.877688943572
109.81,7.956,9.053822261572957,1097.822261572957
109.82,7.957,9.05376683420234,1096.7668342023408
109.83,7.957,9.053711406831725,1096.7114068317255
109.84,7.957,9.05365597946111,1096.6559794611105
109.85,7.957,9.053600552090494,1096.6005520904937
109.86,7.957,9.053645874813578,1096.6458748135776
109.87,7.957,9.053713713917315,1096.7137139173149
109.88,7.956,9.05378155302105,1097.7815530210498
109.89,7.956,9.053849392124786,1097.8493921247853
109.9,7.956,9.053917231228521,1097.9172312285207
109.91,7.956,9.053976989284525,1097.9769892845245
109.92,7.956,9.053922260490223,1097.9222604902227
109.93,7.957,9.053867531695921,1096.8675316959216
109.94,7.958,9.05381280290162,1095.8128029016193
109.95,7.958,9.053758074107318,1095.7580741073177
109.96,7.958,9.053703345313016,1095.703345313016
109.97,7.959,9.053679446639821,1094.6794466398212
109.98,7.959,9.053722738539328,1094.7227385393282
109.99,7.959,9.053766030438833,1094.7660304388337
110.0,7.959,9.05380932233834,1094.8093223383405
110.01,7.959,9.053852614237845,1094.852614237846
110.02,7.959,9.053895906137353,1094.895906137353
110.03,7.96,9.053883618061832,1093.8836180618318
110.04,7.961,9.053828210277889,1092.8282102778883
110.05,7.961,9.053772802493945,1092.7728024939452
110.06,7.96,9.053717394710002,1093.7173947100023
110.07,7.96,9.053661986926059,1093.6619869260592
110.08,7.961,9.053606579142114,1092.6065791421138
110.09,7.962,9.053650972653873,1091.6509726538734
110.1,7.963,9.053718515632182,1090.718515632182
110.11,7.965,9.05378605861049,1088.7860586104896
110.12,7.965,9.053853601588798,1088.8536015887987
110.13,7.965,9.053921144567108,1088.9211445671076
110.14,7.965,9.053981313414319,1088.981313414319
110.15,7.966,9.053926592117163,1087.9265921171627
110.16,7.968,9.053871870820009,1085.871870820009
110.17,7.97,9.053817149522855,1083.8171495228553
110.18,7.971,9.053762428225701,1082.762428225701
110.19,7.971,9.053707706928545,1082.7077069285451
110.2,7.971,9.053683348005896,1082.6833480058956
110.21,7.971,9.053726915921779,1082.7269159217785
110.22,7.971,9.05377048383766,1082.7704838376596
110.23,7.971,9.053814051753541,1082.814051753541
110.24,7.971,9.053857619669424,1082.857619669424
110.25,7.971,9.053901187585305,1082.9011875853053
110.26,7.971,9.053889587302397,1082.8895873023966
110.27,7.971,9.053834199513508,1082.834199513508
110.28,7.971,9.05377881172462,1082.7788117246193
110.29,7.971,9.053723423935729,1082.7234239357288
110.3,7.971,9.05366803614684,1082.6680361468402
110.31,7.971,9.053612648357952,1082.6126483579515
110.32,7.971,9.053656114026488,1082.6561140264878
110.33,7.973,9.053723358077587,1080.723358077587
110.34,7.975,9.053790602128686,1078.7906021286863
110.35,7.977,9.053857846179787,1076.8578461797863
110.36,7.978,9.053925090230885,1075.9250902308856
110.37,7.98,9.053985663822658,1073.9856638226577
110.38,7.981,9.05393095026917,1072.9309502691694
110.39,7.98,9.053876236715682,1073.876236715682
110.4,7.98,9.053821523162194,1073.8215231621932
110.41,7.98,9.053766809608707,1073.7668096087064
110.42,7.98,9.053712096055218,1073.7120960552174
110.43,7.979,9.053687274806393,1074.6872748063927
110.44,7.979,9.053731121273144,1074.7311212731433
110.45,7.978,9.053774967739892,1075.7749677398926
110.46,7.979,9.053818814206643,1074.818814206643
110.47,7.979,9.053862660673394,1074.8626606733937
110.48,7.979,9.053906507140145,1074.9065071401444
110.49,7.979,9.053895598899446,1074.8955988994462
110.5,7.979,9.05384023153528,1074.8402315352807
110.51,7.979,9.053784864171114,1074.7848641711134
110.52,7.979,9.053729496806948,1074.729496806948
110.53,7.981,9.053674129442783,1072.674129442783
110.54,7.982,9.053618762078617,1071.618762078617
110.55,7.983,9.053661301347185,1070.6613013471858
110.56,7.983,9.05372824369028,1070.7282436902804
110.57,7.983,9.053795186033375,1070.7951860333749
110.58,7.984,9.053862128376469,1069.8621283764692
110.59,7.984,9.053929070719564,1069.9290707195637
110.6,7.984,9.053990042978747,1069.9900429787465
110.61,7.984,9.05393533743414,1069.9353374341404
110.62,7.985,9.053880631889536,1068.8806318895354
110.63,7.985,9.05382592634493,1068.825926344929
110.64,7.985,9.053771220800325,1068.7712208003245
110.65,7.985,9.053716515255719,1068.7165152557184
110.66,7.985,9.053691229565112,1068.691229565112
110.67,7.985,9.053735357072021,1068.735357072021
110.68,7.985,9.053779484578932,1068.7794845789317
110.69,7.985,9.053823612085843,1068.8236120858426
110.7,7.986,9.053867739592754,1067.8677395927539
110.71,7.986,9.053911867099664,1067.9118670996645
110.72,7.986,9.053901655177793,1067.901655177793
110.73,7.986,9.053846308690076,1067.8463086900765
110.74,7.986,9.05379096220236,1067.79096220236
110.75,7.986,9.053735615714643,1067.7356157146437
110.76,7.986,9.053680269226927,1067.680269226927
110.77,7.986,9.053624922739209,1067.6249227392088
110.78,7.986,9.053666537136332,1067.666537136332
110.79,7.987,9.053733175024126,1066.733175024126
110.8,7.987,9.05379981291192,1066.7998129119205
110.81,7.987,9.053866450799715,1066.866450799715
110.82,7.987,9.053933088687511,1066.9330886875111
110.83,7.987,9.053994453518511,1066.994453518511
110.84,7.987,9.053939756267564,1066.9397562675638
110.85,7.987,9.053885059016617,1066.8850590166167
110.86,7.988,9.05383036176567,1065.830361765669
110.87,7.988,9.053775664514724,1065.7756645147235
110.88,7.989,9.053720967263777,1064.7209672637769
110.89,7.988,9.053695214974647,1065.695214974647
110.9,7.987,9.053739625951112,1066.7396259511115
110.91,7.986,9.053784036927574,1067.7840369275743
110.92,7.986,9.053828447904037,1067.828447904037
110.93,7.986,9.053872858880501,1067.8728588805013
110.94,7.987,9.053917269856964,1066.9172698569635
110.95,7.988,9.053907758549666,1065.907758549666
110.96,7.987,9.05385243341288,1066.8524334128797
110.97,7.986,9.053797108276093,1067.7971082760935
110.98,7.985,9.053741783139307,1068.7417831393066
110.99,7.984,9.05368645800252,1069.6864580025203
111.0,7.985,9.053631132865734,1068.6311328657334
111.01,7.985,9.053671824016268,1068.671824016268
111.02,7.986,9.053738154749144,1067.7381547491445
111.03,7.987,9.05380448548202,1066.8044854820203
111.04,7.987,9.053870816214898,1066.870816214898
111.05,7.987,9.053937146947774,1066.9371469477742
111.06,7.987,9.053998898250535,1066.9988982505351
111.07,7.987,9.053944209598397,1066.9442095983968
111.08,7.987,9.053889520946257,1066.8895209462567
111.09,7.987,9.053834832294118,1066.834832294118
111.1,7.986,9.05378014364198,1067.78014364198
111.11,7.986,9.05372545498984,1067.7254549898398
111.12,7.986,9.053699233901952,1067.6992339019523
111.13,7.986,9.053743930700932,1067.7439307009324
111.14,7.986,9.053788627499914,1067.7886274999144
111.15,7.986,9.053833324298894,1067.8333242988947
111.16,7.986,9.053878021097876,1067.8780210978766
111.17,7.986,9.053922717896857,1067.922717896857
111.18,7.986,9.053913911509781,1067.9139115097814
111.19,7.986,9.053858608221754,1067.8586082217541
111.2,7.985,9.053803304933727,1068.8033049337262
111.21,7.985,9.0537480016457,1068.7480016456989
111.22,7.984,9.05369269835767,1069.6926983576702
111.23,7.984,9.053637395069643,1069.637395069643
111.24,7.984,9.053677164706865,1069.6771647068654
111.25,7.984,9.053743185648841,1069.743185648841
111.26,7.984,9.053809206590815,1069.809206590815
111.27,7.983,9.053875227532789,1070.875227532789
111.28,7.983,9.053941248474764,1070.9412484747647
111.29,7.983,9.054003380160854,1071.003380160854
111.3,7.983,9.053948700433798,1070.9487004337984
111.31,7.983,9.05389402070674,1070.8940207067412
111.32,7.983,9.053839340979685,1070.8393409796856
111.33,7.983,9.05378466125263,1070.7846612526303
111.34,7.983,9.053729981525573,1070.7299815255728
111.35,7.982,9.053703289392708,1071.7032893927073
111.36,7.982,9.053748274272245,1071.7482742722443
111.37,7.982,9.053793259151782,1071.7932591517813
111.38,7.982,9.05383824403132,1071.83824403132
111.39,7.982,9.053883228910857,1071.883228910857
111.4,7.982,9.053928213790394,1071.928213790394
111.41,7.981,9.053920116628388,1072.9201166283885
111.42,7.982,9.053864835710751,1071.8648357107509
111.43,7.982,9.053809554793114,1071.8095547931136
111.44,7.982,9.053754273875477,1071.7542738754764
111.45,7.982,9.05369899295784,1071.6989929578392
111.46,7.982,9.053643712040202,1071.6437120402018
111.47,7.983,9.053682562018912,1070.682562018912
111.48,7.983,9.053748270615515,1070.748270615515
111.49,7.984,9.05381397921212,1069.8139792121192
111.5,7.985,9.053879687808722,1068.8796878087219
111.51,7.985,9.053945396405327,1068.9453964053266
111.52,7.985,9.054007902416311,1069.0079024163106
111.53,7.986,9.053953231962396,1067.953231962396
111.54,7.986,9.05389856150848,1067.898561508481
111.55,7.986,9.053843891054568,1067.8438910545678
111.56,7.985,9.053789220600652,1068.7892206006522
111.57,7.984,9.053734550146737,1069.7345501467375
111.58,7.983,9.053707384674116,1070.7073846741162
111.59,7.981,9.053752659776725,1072.752659776725
111.6,7.982,9.053797934879334,1071.797934879334
111.61,7.982,9.053843209981943,1071.8432099819433
111.62,7.982,9.053888485084553,1071.8884850845525
111.63,7.981,9.053933760187162,1072.933760187162
111.64,7.98,9.053926376541947,1073.9263765419462
111.65,7.979,9.053871118540423,1074.8711185404227
111.66,7.978,9.053815860538899,1075.8158605388992
111.67,7.978,9.053760602537375,1075.7606025373755
111.68,7.978,9.053705344535853,1075.7053445358533
111.69,7.979,9.05365008653433,1074.6500865343291
111.7,7.979,9.053688018845005,1074.6880188450048
111.71,7.979,9.053753412643209,1074.7534126432088
111.72,7.98,9.053818806441413,1073.8188064414126
111.73,7.98,9.053884200239617,1073.8842002396166
111.74,7.98,9.053949594037821,1073.9495940378206
111.75,7.98,9.054012468366123,1074.0124683661224
111.76,7.98,9.053957807555731,1073.9578075557308
111.77,7.981,9.05390314674534,1072.9031467453397
111.78,7.982,9.05384848593495,1071.8484859349494
111.79,7.982,9.053793825124558,1071.7938251245575
111.8,7.983,9.053739164314166,1070.7391643141664
111.81,7.985,9.053711523155775,1068.7115231557743
111.82,7.987,9.053757090485634,1066.757090485634
111.83,7.989,9.053802657815496,1064.8026578154956
111.84,7.991,9.053848225145355,1062.8482251453554
111.85,7.992,9.053893792475215,1061.8937924752147
111.86,7.992,9.053939359805074,1061.9393598050744
111.87,7.992,9.053932693941151,1061.9326939411512
111.88,7.994,9.053877459425633,1059.8774594256338
111.89,7.995,9.053822224910116,1058.8222249101157
111.9,7.996,9.053766990394598,1057.7669903945975
111.91,7.998,9.05371175587908,1055.7117558790799
111.92,7.997,9.053656521363562,1056.6565213635624
111.93,7.995,9.053693538147565,1058.6935381475646
111.94,7.995,9.053758614817848,1058.7586148178482
111.95,7.995,9.053823691488132,1058.823691488132
111.96,7.997,9.053888768158416,1056.8887681584158
111.97,7.997,9.0539538448287,1056.9538448286994
111.98,7.996,9.054017081541117,1058.0170815411166
111.99,7.995,9.053962430767346,1058.9624307673455
112.0,7.995,9.053907779993576,1058.907779993576
112.01,7.996,9.053853129219807,1057.853129219806
112.02,7.996,9.053798478446037,1057.7984784460366
112.03,7.996,9.053743827672267,1057.7438276722671
112.04,7.996,9.053715708428129,1057.7157084281287
112.05,7.996,9.05376156982595,1057.7615698259492
112.06,7.996,9.053807431223769,1057.8074312237682
112.07,7.996,9.053853292621588,1057.8532926215871
112.08,7.997,9.053899154019408,1056.8991540194083
112.09,7.996,9.053945015417227,1057.9450154172268
112.1,7.997,9.053939071555886,1056.9390715558864
112.11,7.997,9.053883861120255,1056.883861120255
112.12,7.997,9.053828650684622,1056.828650684622
112.13,7.997,9.05377344024899,1056.7734402489907
112.14,7.997,9.053718229813358,1056.7182298133578
112.15,7.997,9.053663019377725,1056.6630193777246
112.16,7.997,9.053699122943524,1056.699122943524
112.17,7.997,9.053763880304187,1056.763880304187
112.18,7.997,9.053828637664848,1056.8286376648484
112.19,7.997,9.053893395025511,1056.8933950255114
112.2,7.997,9.053958152386173,1056.958152386173
112.21,7.997,9.054021745650214,1057.0217456502141
112.22,7.997,9.053967105329091,1056.9671053290915
112.23,7.997,9.053912465007967,1056.9124650079668
112.24,7.997,9.053857824686844,1056.8578246868442
112.25,7.997,9.05380318436572,1056.8031843657195
112.26,7.997,9.053748544044597,1056.7485440445967
112.27,7.996,9.053719944257999,1057.7199442579986
112.28,7.994,9.053766101373503,1059.766101373503
112.29,7.992,9.053812258489005,1061.812258489005
112.3,7.99,9.053858415604509,1063.8584156045088
112.31,7.987,9.053904572720011,1066.904572720011
112.32,7.986,9.053950729835515,1067.9507298355154
112.33,7.985,9.05394551213681,1068.9455121368096
112.34,7.984,9.053890326398447,1069.8903263984469
112.35,7.983,9.053835140660086,1070.835140660086
112.36,7.982,9.053779954921723,1071.7799549217225
112.37,7.981,9.053724769183361,1072.7247691833616
112.38,7.98,9.053669583444998,1073.669583444998
112.39,7.98,9.053704776285372,1073.7047762853713
112.4,7.98,9.05376921232913,1073.769212329129
112.41,7.98,9.053833648372885,1073.8336483728847
112.42,7.98,9.053898084416643,1073.8980844166424
112.43,7.98,9.0539625204604,1073.9625204604
112.44,7.981,9.054026464573585,1073.0264645735854
112.45,7.982,9.053971835144052,1071.9718351440522
112.46,7.984,9.053917205714521,1069.9172057145213
112.47,7.984,9.053862576284988,1069.8625762849883
112.48,7.985,9.053807946855457,1068.8079468554567
112.49,7.985,9.053753317425924,1068.7533174259238
112.5,7.986,9.053724234580654,1067.7242345806546
112.51,7.986,9.05377068884264,1067.77068884264
112.52,7.987,9.053817143104625,1066.8171431046253
112.53,7.987,9.053863597366613,1066.8635973666128
112.54,7.988,9.053910051628598,1065.910051628598
112.55,7.989,9.053956505890584,1064.9565058905841
112.56,7.989,9.05395201843316,1064.9520184331598
112.57,7.99,9.053896858032115,1063.8968580321143
112.58,7.991,9.053841697631068,1062.8416976310682
112.59,7.991,9.053786537230021,1062.7865372300214
112.6,7.991,9.053731376828976,1062.7313768289764
112.61,7.991,9.05367621642793,1062.6762164279296
112.62,7.992,9.053710501238044,1061.7105012380437
112.63,7.993,9.053774614160947,1060.7746141609464
112.64,7.993,9.05383872708385,1060.8387270838496
112.65,7.993,9.053902840006753,1060.9028400067525
112.66,7.993,9.053966952929656,1060.9669529296557
112.67,7.993,9.054031065852557,1061.031065852557
112.68,7.993,9.053976624275542,1060.9766242755416
112.69,7.992,9.053922006199207,1061.9220061992064
112.7,7.991,9.053867388122873,1062.867388122873
112.71,7.989,9.053812770046537,1064.8127700465375
112.72,7.989,9.053758151970204,1064.758151970204
112.73,7.987,9.053728583487839,1066.728583487839
112.74,7.986,9.053775336071837,1067.7753360718373
112.75,7.985,9.053822088655837,1068.8220886558363
112.76,7.985,9.053868841239835,1068.8688412398344
112.77,7.985,9.053915593823833,1068.9155938238323
112.78,7.985,9.05396234640783,1068.9623464078304
112.79,7.985,9.053958593166513,1068.9585931665126
112.8,7.985,9.05390345876424,1068.9034587642404
112.81,7.985,9.053848324361967,1068.8483243619667
112.82,7.986,9.053793189959693,1067.7931899596933
112.83,7.986,9.05373805555742,1067.7380555574193
112.84,7.987,9.053682921155145,1066.682921155145
112.85,7.987,9.053716300851393,1066.716300851393
112.86,7.988,9.053780089084023,1065.780089084023
112.87,7.99,9.053843877316652,1063.8438773166517
112.88,7.99,9.053907665549282,1063.9076655492818
112.89,7.99,9.05397145378191,1063.9714537819102
112.9,7.991,9.05403524201454,1063.035242014541
112.91,7.991,9.05398147693149,1062.9814769314905
112.92,7.99,9.053926870692068,1063.9268706920682
112.93,7.991,9.053872264452645,1062.8722644526451
112.94,7.991,9.053817658213221,1062.8176582132216
112.95,7.991,9.053763051973798,1062.7630519737982
112.96,7.992,9.053732995211123,1061.7329952111224
112.97,7.992,9.053780047004725,1061.7800470047252
112.98,7.992,9.053827098798326,1061.827098798326
112.99,7.992,9.053874150591929,1061.8741505919286
113.0,7.992,9.05392120238553,1061.9212023855296
113.01,7.992,9.053968254179132,1061.9682541791321
113.02,7.992,9.053965239000242,1061.9652390002416
113.03,7.992,9.053910131277885,1061.9101312778846
113.04,7.992,9.053855023555528,1061.8550235555279
113.05,7.992,9.053799915833173,1061.7999158331725
113.06,7.992,9.053744808110816,1061.7448081108157
113.07,7.991,9.053689700388459,1062.689700388459
113.08,7.989,9.053722178127886,1064.7221781278863
113.09,7.987,9.05378564036874,1066.7856403687406
113.1,7.985,9.053849102609595,1068.8491026095949
113.11,7.983,9.053912564850451,1070.9125648504516
113.12,7.982,9.053976027091306,1071.9760270913055
113.13,7.982,9.05403948933216,1072.03948933216
113.14,7.981,9.05398639744372,1072.9863974437208
113.15,7.98,9.053931803546151,1073.9318035461504
113.16,7.979,9.05387720964858,1074.8772096485793
113.17,7.977,9.05382261575101,1076.8226157510092
113.18,7.976,9.05376802185344,1077.7680218534397
113.19,7.976,9.053737474100041,1077.737474100041
113.2,7.976,9.053784825666051,1077.7848256660513
113.21,7.976,9.053832177232062,1077.832177232062
113.22,7.976,9.053879528798072,1077.8795287980722
113.23,7.976,9.053926880364083,1077.9268803640828
113.24,7.976,9.053974231930093,1077.974231930093
113.25,7.976,9.05397195850444,1077.9719585044393
113.26,7.977,9.053916878160592,1076.916878160592
113.27,7.976,9.053861797816744,1077.8617978167438
113.28,7.976,9.053806717472895,1077.8067174728951
113.29,7.976,9.053751637129048,1077.7516371290483
113.3,7.976,9.0536965567852,1077.6965567851996
113.31,7.976,9.053728135985288,1077.7281359852884
113.32,7.976,9.053791271236205,1077.7912712362054
113.33,7.976,9.053854406487122,1077.8544064871226
113.34,7.976,9.05391754173804,1077.9175417380395
113.35,7.976,9.053980676988957,1077.9806769889567
113.36,7.976,9.054043812239875,1078.0438122398755
113.37,7.976,9.053991390241423,1077.991390241423
113.38,7.976,9.053936809210636,1077.9368092106365
113.39,7.976,9.05388222817985,1077.88222817985
113.4,7.976,9.053827647149063,1077.8276471490633
113.41,7.976,9.053773066118277,1077.7730661182768
113.42,7.976,9.053742024594438,1077.7420245944381
113.43,7.976,9.053789676132094,1077.7896761320944
113.44,7.976,9.053837327669749,1077.837327669749
113.45,7.975,9.053884979207405,1078.8849792074054
113.46,7.975,9.05393263074506,1078.9326307450597
113.47,7.975,9.053980282282716,1078.980282282716
113.48,7.975,9.053978754116352,1078.9787541163528
113.49,7.975,9.053923701864235,1078.9237018642357
113.5,7.976,9.053868649612117,1077.8686496121165
113.51,7.975,9.05381359736,1078.81359736
113.52,7.974,9.05375854510788,1079.7585451078805
113.53,7.975,9.053703492855764,1078.7034928557641
113.54,7.975,9.0537341772143,1078.7341772143009
113.55,7.976,9.053796984817648,1077.796984817648
113.56,7.976,9.053859792420996,1077.8597924209955
113.57,7.977,9.053922600024343,1076.9226000243427
113.58,7.978,9.053985407627692,1075.9854076276927
113.59,7.978,9.05404821523104,1076.04821523104
113.6,7.978,9.053996459818359,1075.9964598183594
113.61,7.977,9.053941892197642,1076.9418921976417
113.62,7.976,9.053887324576923,1077.8873245769232
113.63,7.976,9.053832756956204,1077.8327569562043
113.64,7.975,9.053778189335485,1078.7781893354856
113.65,7.974,9.05374665119047,1079.7466511904706
113.66,7.974,9.053794602495058,1079.794602495058
113.67,7.974,9.053842553799646,1079.8425537996454
113.68,7.976,9.053890505104233,1077.8905051042332
113.69,7.978,9.053938456408819,1075.938456408819
113.7,7.979,9.053986407713406,1074.9864077134062
113.71,7.978,9.05398562809624,1075.985628096241
113.72,7.977,9.053930604660275,1076.9306046602746
113.73,7.978,9.05387558122431,1075.8755812243094
113.74,7.979,9.053820557788343,1074.8205577883434
113.75,7.98,9.053765534352376,1073.7655343523757
113.76,7.98,9.05371051091641,1073.7105109164097
113.77,7.981,9.053740304431098,1072.7403044310986
113.78,7.982,9.053802784108411,1071.802784108411
113.79,7.982,9.053865263785724,1071.8652637857238
113.8,7.983,9.053927743463037,1070.9277434630371
113.81,7.984,9.053990223140351,1069.9902231403512
113.82,7.985,9.054052702817664,1069.0527028176637
113.83,7.986,9.054001610693344,1068.0016106933444
113.84,7.987,9.05394705704229,1066.9470570422898
113.85,7.987,9.053892503391237,1066.8925033912374
113.86,7.988,9.053837949740185,1065.8379497401845
113.87,7.989,9.05378339608913,1064.7833960891307
113.88,7.99,9.053751358399989,1063.7513583999887
113.89,7.991,9.053799608821336,1062.7996088213365
113.9,7.992,9.053847859242682,1061.8478592426816
113.91,7.993,9.053896109664029,1060.8961096640287
113.92,7.993,9.053944360085376,1060.9443600853758
113.93,7.994,9.053992610506723,1059.9926105067236
113.94,7.995,9.053992582479173,1058.9925824791733
113.95,7.996,9.053937588590903,1057.937588590903
113.96,7.997,9.053882594702634,1056.8825947026337
113.97,7.998,9.053827600814362,1055.8276008143616
113.98,7.999,9.053772606926092,1054.7726069260923
113.99,8.0,9.053717613037822,1053.717613037822
114.0,8.001,9.053746520025214,1052.7465200252147
114.01,8.002,9.053808671916803,1051.8086719168025
114.02,8.003,9.05387082380839,1050.8708238083902
114.03,8.004,9.05393297569998,1049.9329756999796
114.04,8.005,9.053995127591566,1048.9951275915655
114.05,8.005,9.054057279483155,1049.0572794831544
114.06,8.007,9.054006847363757,1047.0068473637575
114.07,8.008,9.053952308255814,1045.9523082558153
114.08,8.009,9.053897769147873,1044.897769147873
114.09,8.01,9.053843230039933,1043.8432300399327
114.1,8.011,9.05378869093199,1042.7886909319905
114.11,8.012,9.053756150703013,1041.7561507030123
114.12,8.013,9.053804699103424,1040.8046991034237
114.13,8.014,9.053853247503834,1039.853247503835
114.14,8.014,9.053901795904247,1039.9017959042478
114.15,8.015,9.053950344304658,1038.9503443046574
114.16,8.016,9.05399889270507,1037.9988927050708
114.17,8.017,9.053999619023077,1036.999619023078
114.18,8.018,9.053944655416428,1035.9446554164276
114.19,8.018,9.053889691809777,1035.8896918097767
114.2,8.019,9.053834728203128,1034.834728203128
114.21,8.019,9.053779764596479,1034.7797645964788
114.22,8.02,9.053724800989828,1033.7248009898285
114.23,8.02,9.053752826103151,1033.7528261031518
114.24,8.021,9.053814650808118,1032.8146508081168
114.25,8.022,9.053876475513086,1031.8764755130853
114.26,8.024,9.053938300218052,1029.9383002180527
114.27,8.026,9.05400012492302,1028.00012492302
114.28,8.027,9.054061949627988,1027.0619496279885
114.29,8.027,9.054012174252021,1027.0121742520219
114.3,8.028,9.053957650271608,1025.9576502716072
114.31,8.029,9.053903126291194,1024.9031262911944
114.32,8.029,9.053848602310781,1024.8486023107812
114.33,8.03,9.05379407833037,1023.7940783303703
114.34,8.031,9.053761032493377,1022.761032493376
114.35,8.031,9.053809877205742,1022.8098772057415
114.36,8.032,9.053858721918107,1021.8587219181074
114.37,8.032,9.053907566630471,1021.9075666304711
114.38,8.033,9.053956411342837,1020.9564113428371
114.39,8.034,9.054005256055202,1020.0052560552014
114.4,8.034,9.05400673915398,1020.0067391539793
114.41,8.035,9.053951806559857,1018.9518065598567
114.42,8.035,9.053896873965734,1018.8968739657333
114.43,8.036,9.053841941371608,1017.8419413716089
114.44,8.036,9.053787008777485,1017.7870087774857
114.45,8.037,9.053732076183362,1016.7320761833612
114.46,8.036,9.05375922442867,1017.759224428671
114.47,8.035,9.053820723044653,1018.8207230446533
114.48,8.036,9.053882221660636,1017.8822216606367
114.49,8.038,9.053943720276619,1015.9437202766188
114.5,8.04,9.0540052188926,1014.005218892601
114.51,8.042,9.054066717508583,1012.0667175085831
114.52,8.044,9.05401759564529,1010.017595645289
114.53,8.046,9.053963087384515,1007.9630873845158
114.54,8.049,9.053908579123739,1004.9085791237395
114.55,8.05,9.053854070862965,1003.8540708629639
114.56,8.051,9.053799562602189,1002.7995626021884
114.57,8.052,9.0537660080178,1001.7660080177997
114.58,8.053,9.053815146804727,1000.8151468047259
114.59,8.053,9.053864285591654,1000.8642855916535
114.6,8.056,9.053913424378582,997.9134243785826
114.61,8.058,9.053962563165507,995.9625631655076
114.62,8.058,9.054011701952435,996.011701952435
114.63,8.058,9.054013943909483,996.0139439094835
114.64,8.059,9.05395904304974,994.9590430497412
114.65,8.059,9.053904142189998,994.9041421899984
114.66,8.06,9.053849241330253,993.8492413302527
114.67,8.06,9.05379434047051,993.7943404705098
114.68,8.061,9.053739439610768,992.7394396107676
114.69,8.061,9.05376571636089,992.7657163608892
114.7,8.062,9.053826890522691,991.8268905226917
114.71,8.061,9.053888064684493,992.8880646844931
114.72,8.06,9.053949238846295,993.9492388462945
114.73,8.061,9.054010413008097,993.010413008097
114.74,8.062,9.054071587169899,992.0715871698995
114.75,8.062,9.054023115628851,992.0231156288519
114.76,8.063,9.053968623683886,990.9686236838855
114.77,8.064,9.053914131738923,989.9141317389226
114.78,8.064,9.053859639793957,989.8596397939574
114.79,8.065,9.053805147848992,988.8051478489928
114.8,8.065,9.053771081309057,988.7710813090571
114.81,8.066,9.053820511324028,987.8205113240277
114.82,8.067,9.053869941339,986.8699413390001
114.83,8.068,9.053919371353972,985.9193713539725
114.84,8.068,9.053968801368946,985.9688013689461
114.85,8.068,9.054018231383917,986.0182313839179
114.86,8.069,9.054021233881912,985.0212338819109
114.87,8.07,9.053966365462752,983.9663654627522
114.88,8.071,9.053911497043593,982.9114970435935
114.89,8.072,9.053856628624436,981.8566286244366
114.9,8.073,9.053801760205276,980.8017602052761
114.91,8.074,9.053746891786117,979.7468917861174
114.92,8.075,9.053772302791751,978.7723027917518
114.93,8.076,9.053833154707954,977.8331547079536
114.94,8.076,9.053894006624159,977.8940066241581
114.95,8.076,9.053954858540363,977.9548585403628
114.96,8.076,9.054015710456566,978.0157104565657
114.97,8.076,9.05407656237277,978.0765623727702
114.98,8.076,9.05402873801426,978.0287380142596
114.99,8.077,9.053974262981413,976.9742629814128
115.0,8.077,9.053919787948566,976.9197879485656
115.01,8.077,9.053865312915718,976.8653129157183
115.02,8.076,9.053810837882871,977.8108378828705
115.03,8.076,9.053776256114256,977.7762561142556
115.04,8.076,9.053825973865925,977.8259738659241
115.05,8.077,9.053875691617591,976.8756916175913
115.06,8.078,9.053925409369258,975.9254093692587
115.07,8.079,9.053975127120927,974.9751271209259
115.08,8.079,9.054024844872593,975.0248448725927
115.09,8.079,9.054028609162925,975.0286091629246
115.1,8.079,9.053973773867826,974.9737738678252
115.11,8.078,9.053918938572725,975.9189385727254
115.12,8.078,9.053864103277625,975.8641032776261
115.13,8.077,9.053809267982526,976.8092679825262
115.14,8.077,9.053754432687427,976.7544326874269
115.15,8.076,9.05377898408477,977.77898408477
115.16,8.076,9.053839516571287,977.8395165712866
115.17,8.075,9.053900049057805,978.9000490578062
115.18,8.075,9.053960581544322,978.9605815443227
115.19,8.074,9.054021114030839,980.0211140308388
115.2,8.073,9.054081646517355,981.0816465173549
115.21,8.073,9.054034466263545,981.0344662635443
115.22,8.073,9.053980008735126,980.9800087351252
115.23,8.072,9.053925551206708,981.9255512067091
115.24,8.071,9.053871093678291,982.8710936782911
115.25,8.071,9.053816636149874,982.8166361498738
115.26,8.07,9.053781535819782,983.7815358197819
115.27,8.07,9.053831537140603,983.8315371406026
115.28,8.07,9.053881538461425,983.881538461425
115.29,8.069,9.053931539782248,984.9315397822469
115.3,8.068,9.05398154110307,985.9815411030705
115.31,8.067,9.05403154242389,987.0315424238906
115.32,8.067,9.054036069291715,987.0360692917153
115.33,8.066,9.053981267773999,987.9812677739981
115.34,8.066,9.05392646625628,987.9264662562797
115.35,8.065,9.053871664738562,988.8716647385625
115.36,8.064,9.053816863220845,989.8168632208453
115.37,8.064,9.053762061703127,989.7620617031268
115.38,8.065,9.05378576001742,988.7857600174196
115.39,8.065,9.053845976526866,988.845976526866
115.4,8.065,9.053906193036312,988.9061930363123
115.41,8.065,9.053966409545758,988.9664095457587
115.42,8.065,9.054026626055204,989.0266260552049
115.43,8.065,9.05408684256465,989.0868425646513
115.44,8.066,9.054040303411382,988.0403034113812
115.45,8.067,9.053985863971475,986.9858639714746
115.46,8.068,9.053931424531566,985.9314245315662
115.47,8.068,9.053876985091659,985.8769850916591
115.48,8.069,9.05382254565175,984.822545651749
115.49,8.07,9.053786923374732,983.7869233747316
115.5,8.071,9.053837203395261,982.8372033952614
115.51,8.071,9.05388748341579,982.8874834157908
115.52,8.072,9.053937763436318,981.9377634363188
115.53,8.073,9.053988043456847,980.988043456847
115.54,8.074,9.054038323477377,980.0383234773768
115.55,8.074,9.054043613209137,980.043613209137
115.56,8.073,9.053988846084364,980.9888460843634
115.57,8.072,9.05393407895959,981.9340789595916
115.58,8.071,9.053879311834818,982.879311834818
115.59,8.071,9.053824544710046,982.8245447100468
115.6,8.072,9.053769777585273,981.7697775852743
115.61,8.072,9.053792629729617,981.7926297296183
115.62,8.073,9.053852534375357,980.8525343753569
115.63,8.073,9.053912439021099,980.9124390210986
115.64,8.074,9.053972343666839,979.972343666839
115.65,8.075,9.054032248312579,979.0322483125796
115.66,8.075,9.054092152958319,979.0921529583194
115.67,8.076,9.054046251987517,978.0462519875161
115.68,8.076,9.05399183120776,977.9918312077598
115.69,8.077,9.053937410428002,976.9374104280022
115.7,8.077,9.053882989648246,976.8829896482458
115.71,8.078,9.053828568868488,975.8285688684882
115.72,8.078,9.053792421215284,975.7924212152851
115.73,8.079,9.053842974345399,974.8429743453979
115.74,8.079,9.053893527475513,974.893527475512
115.75,8.08,9.053944080605627,973.9440806056266
115.76,8.08,9.05399463373574,973.9946337357405
115.77,8.081,9.054045186865855,973.0451868658552
115.78,8.081,9.054051239220312,973.0512392203128
115.79,8.081,9.053996507058704,972.9965070587045
115.8,8.082,9.053941774897096,971.9417748970951
115.81,8.082,9.053887042735488,971.8870427354868
115.82,8.083,9.05383231057388,970.8323105738792
115.83,8.083,9.053777578412271,970.7775784122709
115.84,8.084,9.053799591681223,969.7995916812232
115.85,8.084,9.05385918925491,969.85918925491
115.86,8.084,9.053918786828595,969.918786828595
115.87,8.084,9.053978384402281,969.9783844022818
115.88,8.084,9.054037981975966,970.0379819759668
115.89,8.085,9.054097579549653,969.0975795496523
115.9,8.086,9.054052313942135,968.0523139421347
115.91,8.088,9.053997912377694,965.997912377695
115.92,8.089,9.053943510813255,964.9435108132546
115.93,8.089,9.053889109248814,964.8891092488138
115.94,8.089,9.053834707684375,964.8347076843748
115.95,8.089,9.053798031192706,964.7980311927054
115.96,8.09,9.053848851111082,963.8488511110826
115.97,8.091,9.053899671029457,962.899671029458
115.98,8.093,9.053950490947834,960.9504909478339
115.99,8.095,9.054001310866209,959.0013108662081
116.0,8.095,9.054052130784584,959.0521307845829
116.01,8.095,9.054058944968451,959.0589449684508
116.02,8.095,9.054004248287553,959.0042482875525
116.03,8.095,9.053949551606655,958.9495516066542
116.04,8.095,9.053894854925757,958.8948549257559
116.05,8.095,9.053840158244858,958.8401582448575
116.06,8.095,9.05378546156396,958.7854615639593
116.07,8.095,9.053806643621401,958.8066436214007
116.08,8.095,9.053865939602874,958.8659396028731
116.09,8.095,9.053925235584344,958.9252355843438
116.1,8.095,9.053984531565815,958.9845315658146
116.11,8.095,9.054043827547286,959.0438275472852
116.12,8.096,9.054103123528757,958.1031235287564
116.13,8.096,9.054058490577308,958.058490577308
116.14,8.096,9.054004108763166,958.0041087631663
116.15,8.096,9.053949726949023,957.9497269490229
116.16,8.096,9.05389534513488,957.8953451348796
116.17,8.096,9.053840963320738,957.8409633207378
116.18,8.097,9.05380375450808,956.8037545080799
116.19,8.097,9.053854834161099,956.8548341610992
116.2,8.097,9.053905913814116,956.9059138141167
116.21,8.098,9.053956993467134,955.9569934671331
116.22,8.098,9.054008073120153,956.0080731201524
116.23,8.097,9.05405915277317,957.0591527731711
116.24,8.096,9.054066727422407,958.0667274224073
116.25,8.096,9.05401206668026,958.0120666802596
116.26,8.096,9.053957405938114,957.9574059381138
116.27,8.096,9.053902745195966,957.9027451959661
116.28,8.097,9.05384808445382,956.8480844538208
116.29,8.097,9.053793423711673,956.7934237116731
116.3,8.097,9.053813782572659,956.8137825726594
116.31,8.097,9.053872783131174,956.8727831311747
116.32,8.096,9.05393178368969,957.9317836896895
116.33,8.095,9.053990784248207,958.990784248206
116.34,8.095,9.054049784806722,959.0497848067212
116.35,8.095,9.054108785365237,959.1087853652365
116.36,8.095,9.054064782487702,959.064782487701
116.37,8.096,9.054010420935416,958.010420935416
116.38,8.096,9.053956059383129,957.9560593831288
116.39,8.096,9.053901697830844,957.9016978308434
116.4,8.096,9.053847336278558,957.847336278558
116.41,8.096,9.053809591656892,957.8095916568916
116.42,8.096,9.053860923268013,957.8609232680133
116.43,8.096,9.053912254879135,957.912254879135
116.44,8.096,9.053963586490257,957.9635864902567
116.45,8.096,9.054014918101378,958.0149181013784
116.46,8.096,9.0540662497125,958.0662497125
116.47,8.096,9.054074582880302,958.0745828803022
116.48,8.096,9.05401995846939,958.0199584693894
116.49,8.096,9.053965334058477,957.9653340584766
116.5,8.096,9.053910709647564,957.9107096475639
116.51,8.097,9.05385608523665,956.8560852366498
116.52,8.098,9.053801460825737,955.801460825736
116.53,8.099,9.053821004832116,954.8210048321159
116.54,8.099,9.05387971681803,954.879716818029
116.55,8.1,9.053938428803942,953.9384288039425
116.56,8.102,9.053997140789855,951.9971407898548
116.57,8.104,9.054055852775768,950.0558527757689
116.58,8.106,9.054114564761681,948.1145647616813
116.59,8.109,9.054071189513822,945.071189513822
116.6,8.109,9.054016848708923,945.0168487089226
116.61,8.11,9.053962507904025,943.9625079040254
116.62,8.111,9.053908167099125,942.9081670991249
116.63,8.112,9.053853826294228,941.8538262942277
116.64,8.114,9.053815542386682,939.8155423866807
116.65,8.117,9.053867117477097,936.8671174770959
116.66,8.119,9.05391869256751,934.9186925675106
116.67,8.119,9.053970267657924,934.9702676579241
116.68,8.12,9.05402184274834,934.02184274834
116.69,8.121,9.054073417838753,933.0734178387523
116.7,8.121,9.054082506991165,933.0825069911643
116.71,8.122,9.054027919233375,932.0279192333753
116.72,8.123,9.053973331475586,930.9733314755864
116.73,8.123,9.053918743717796,930.9187437177968
116.74,8.124,9.053864155960007,929.8641559600061
116.75,8.124,9.053809568202219,929.8095682022183
116.76,8.125,9.053828305992056,928.8283059920559
116.77,8.126,9.053886736918262,927.8867369182624
116.78,8.126,9.053945167844466,927.9451678444666
116.79,8.127,9.054003598770672,927.0035987706713
116.8,8.127,9.054062029696878,927.0620296968773
116.81,8.128,9.054120460623082,926.120460623082
116.82,8.129,9.054077710710892,925.0777107108927
116.83,8.129,9.054023391111023,925.0233911110239
116.84,8.129,9.053969071511155,924.9690715111551
116.85,8.13,9.053914751911286,923.9147519112852
116.86,8.13,9.053860432311419,923.8604323114181
116.87,8.131,9.053821605670606,922.821605670606
116.88,8.131,9.053873415091658,922.873415091658
116.89,8.132,9.053925224512712,921.9252245127122
116.9,8.133,9.053977033933766,920.9770339337666
116.91,8.133,9.05402884335482,921.0288433548204
116.92,8.135,9.054080652775871,919.0806527758717
116.93,8.137,9.054090494795725,917.0904947957243
116.94,8.137,9.054035943938596,917.0359439385951
116.95,8.138,9.053981393081466,915.9813930814664
116.96,8.138,9.053926842224337,915.9268422243372
116.97,8.138,9.05387229136721,915.8722913672098
116.98,8.139,9.05381774051008,914.817740510081
116.99,8.14,9.053835680981068,913.8356809810678
117.0,8.14,9.053893838993814,913.8938389938129
117.01,8.141,9.053951997006559,912.9519970065587
117.02,8.141,9.054010155019306,913.0101550193057
117.03,8.14,9.054068313032051,914.0683130320504
117.04,8.139,9.054126471044798,915.1264710447986
117.05,8.138,9.054084344335958,916.0843443359586
117.06,8.139,9.054030046369862,915.0300463698624
117.07,8.138,9.053975748403765,915.9757484037651
117.08,8.138,9.053921450437668,915.9214504376685
117.09,8.138,9.053867152471572,915.8671524715718
117.1,8.139,9.053827779699372,914.8277796993725
117.11,8.139,9.053879813676918,914.8798136769187
117.12,8.139,9.053931847654464,914.931847654465
117.13,8.138,9.05398388163201,915.9838816320107
117.14,8.137,9.054035915609557,917.0359156095565
117.15,8.136,9.054087949587101,918.0879495871021
117.16,8.137,9.054098540786844,917.098540786844
117.17,8.137,9.054044027001261,917.0440270012605
117.18,8.138,9.053989513215676,915.9895132156759
117.19,8.138,9.053934999430092,915.9349994300925
117.2,8.139,9.053880485644509,914.8804856445097
117.21,8.14,9.053825971858924,913.8259718589233
117.22,8.141,9.053843124126194,912.8431241261943
117.23,8.141,9.053901017965174,912.901017965174
117.24,8.142,9.053958911804152,911.9589118041524
117.25,8.143,9.054016805643132,911.016805643131
117.26,8.144,9.05407469948211,910.0746994821094
117.27,8.145,9.05413259332109,909.1325933210896
117.28,8.148,9.054091087855202,906.0910878552022
117.29,8.151,9.054036811922591,903.0368119225916
117.3,8.153,9.053982535989979,900.9825359899786
117.31,8.156,9.053928260057369,897.9282600573679
117.32,8.157,9.053873984124756,896.8739841247561
117.33,8.158,9.053834061893163,895.8340618931633
117.34,8.158,9.053886310083575,895.8863100835756
117.35,8.157,9.053938558273988,896.9385582739875
117.36,8.156,9.053990806464398,897.9908064643976
117.37,8.156,9.05404305465481,898.0430546548099
117.38,8.155,9.054095302845223,899.0953028452235
117.39,8.155,9.054106638988864,899.1066389888651
117.4,8.156,9.05405216236837,898.0521623683693
117.41,8.156,9.053997685747875,897.9976857478746
117.42,8.156,9.05394320912738,897.94320912738
117.43,8.155,9.053888732506886,898.8887325068866
117.44,8.154,9.05383425588639,899.8342558863897
117.45,8.152,9.05385062923537,901.850629235371
117.46,8.153,9.053908268183338,900.908268183338
117.47,8.153,9.053965907131309,900.9659071313081
117.48,8.152,9.054023546079279,902.0235460792794
117.49,8.151,9.054081185027249,903.0811850272489
117.5,8.151,9.054138823975217,903.1388239752172
117.51,8.15,9.054097937972447,904.0979379724465
117.52,8.15,9.054043684444785,904.043684444785
117.53,8.149,9.053989430917122,904.989430917123
117.54,8.149,9.05393517738946,904.9351773894614
117.55,8.148,9.053880923861799,905.8809238617993
117.56,8.148,9.053840448934388,905.8404489343878
117.57,8.146,9.053892900491531,907.8929004915306
117.58,8.144,9.053945352048677,909.9453520486769
117.59,8.142,9.05399780360582,911.9978036058214
117.6,8.141,9.054050255162966,913.0502551629664
117.61,8.141,9.05410270672011,913.1027067201103
117.62,8.141,9.054114783054217,913.1147830542172
117.63,8.14,9.054060343616019,914.0603436160184
117.64,8.139,9.05400590417782,915.0059041778213
117.65,8.138,9.05395146473962,915.9514647396207
117.66,8.136,9.053897025301422,917.8970253014231
117.67,8.135,9.053842585863224,918.8425858632243
117.68,8.135,9.053858189698344,918.8581896983443
117.69,8.137,9.053915583520896,916.9155835208951
117.7,8.138,9.053972977343447,915.972977343447
117.71,8.139,9.054030371166,915.0303711660008
117.72,8.14,9.054087764988552,914.087764988551
117.73,8.141,9.054145158811103,913.145158811103
117.74,8.143,9.054104890678902,911.1048906789013
117.75,8.144,9.054050659901014,910.0506599010139
117.76,8.143,9.053996429123128,910.9964291231272
117.77,8.143,9.05394219834524,910.9421983452393
117.78,8.142,9.053887967567354,911.8879675673544
117.79,8.142,9.053846936820841,911.846936820842
117.8,8.142,9.053899580472896,911.8995804728964
117.81,8.142,9.05395222412495,911.9522241249509
117.82,8.142,9.054004867777005,912.0048677770054
117.83,8.141,9.054057511429061,913.0575114290612
117.84,8.141,9.054110155081116,913.1101550811156
117.85,8.141,9.054122966374461,913.1229663744609
117.86,8.142,9.054068564062117,912.0685640621175
117.87,8.142,9.054014161749773,912.0141617497736
117.88,8.141,9.053959759437431,912.959759437431
117.89,8.141,9.053905357125087,912.9053571250871
117.9,8.141,9.053850954812745,912.850954812745
117.91,8.141,9.053865798602999,912.8657986029989
117.92,8.141,9.053922957479456,912.9229574794557
117.93,8.141,9.05398011635591,912.9801163559108
117.94,8.141,9.054037275232366,913.0372752323659
117.95,8.141,9.054094434108823,913.0944341088227
117.96,8.14,9.054151592985278,914.1515929852773
117.97,8.14,9.054111941322846,914.1119413228456
117.98,8.14,9.054057733615277,914.0577336152767
117.99,8.14,9.054003525907708,914.0035259077077
118.0,8.14,9.05394931820014,913.9493182001388
118.01,8.14,9.053895110492572,913.8951104925717
118.02,8.14,9.053853520937901,913.8535209379004
118.03,8.139,9.053906345072475,914.9063450724757
118.04,8.139,9.053959169207051,914.9591692070516
118.05,8.139,9.054011993341625,915.0119933416256
118.06,8.139,9.0540648174762,915.0648174762015
118.07,8.139,9.054117641610775,915.1176416107755
118.08,8.14,9.054131182201933,914.1311822019329
118.09,8.142,9.054076816889646,912.0768168896465
118.1,8.143,9.054022451577358,911.0224515773577
118.11,8.144,9.05396808626507,909.9680862650707
118.12,8.144,9.053913720952783,909.9137209527833
118.13,8.144,9.053859355640496,909.8593556404957
118.14,8.144,9.053873448862989,909.8734488629887
118.15,8.144,9.053930383309737,909.930383309737
118.16,8.144,9.053987317756484,909.9873177564834
118.17,8.145,9.054044252203232,909.0442522032323
118.18,8.144,9.05410118664998,910.1011866499799
118.19,8.142,9.054158121096728,912.1581210967289
118.2,8.14,9.054119084696943,914.1190846969423
118.21,8.139,9.05406490035889,915.0649003588907
118.22,8.137,9.054010716020835,917.0107160208349
118.23,8.136,9.053956531682783,917.9565316827834
118.24,8.134,9.05390234734473,919.9023473447294
118.25,8.134,9.053860196147053,919.8601961470523
118.26,8.134,9.05391318890274,919.9131889027399
118.27,8.134,9.05396618165843,919.9661816584293
118.28,8.134,9.054019174414117,920.0191744141168
118.29,8.134,9.054072167169807,920.0721671698062
118.3,8.134,9.054125159925494,920.1251599254938
118.31,8.134,9.054139423777324,920.1394237773233
118.32,8.134,9.05408509527566,920.0850952756596
118.33,8.134,9.054030766773998,920.0307667739978
118.34,8.135,9.053976438272336,918.9764382723364
118.35,8.135,9.053922109770674,918.9221097706745
118.36,8.135,9.05386778126901,918.867781269011
118.37,8.135,9.05388113335171,918.8811333517108
118.38,8.135,9.053937854139594,918.9378541395943
118.39,8.135,9.05399457492748,918.9945749274794
118.4,8.135,9.054051295715363,919.0512957153629
118.41,8.135,9.054108016503246,919.1080165032464
118.42,8.135,9.054164737291131,919.1647372911316
118.43,8.136,9.054126315139731,918.1263151397321
118.44,8.136,9.054072154452369,918.0721544523695
118.45,8.136,9.054017993765008,918.0179937650088
118.46,8.136,9.053963833077646,917.9638330776463
118.47,8.136,9.053909672390285,917.9096723902856
118.48,8.136,9.05386695688728,917.8669568872806
118.49,8.136,9.053920106249471,917.9201062494719
118.5,8.137,9.053973255611664,916.9732556116638
118.51,8.138,9.054026404973857,916.0264049738576
118.52,8.14,9.054079554336049,914.0795543360482
118.53,8.138,9.054132703698242,916.132703698242
118.54,8.137,9.054147684457956,917.1476844579552
118.55,8.137,9.054093392520796,917.0933925207958
118.56,8.137,9.054039100583635,917.0391005836346
118.57,8.138,9.053984808646474,915.9848086464741
118.58,8.138,9.053930516709313,915.930516709313
118.59,8.136,9.053876224772152,917.8762247721526
118.6,8.136,9.053888845037115,917.8888450371154
118.61,8.136,9.053945363104704,917.9453631047049
118.62,8.138,9.054001881172294,916.0018811722939
118.63,8.139,9.054058399239883,915.058399239884
118.64,8.141,9.054114917307473,913.1149173074729
118.65,8.142,9.054171435375062,912.171435375063
118.66,8.144,9.05413362664696,910.1336266469602
118.67,8.144,9.054079489876953,910.0794898769528
118.68,8.144,9.054025353106946,910.0253531069455
118.69,8.144,9.053971216336938,909.9712163369383
118.7,8.144,9.053917079566933,909.9170795669327
118.71,8.145,9.053873797284865,908.8737972848655
118.72,8.147,9.05392709118351,906.9270911835101
118.73,8.147,9.053980385082156,906.9803850821554
118.74,8.147,9.054033678980801,907.0336789808007
118.75,8.147,9.054086972879448,907.0869728794478
118.76,8.147,9.054140266778093,907.1402667780931
118.77,8.147,9.05415595784142,907.1559578414199
118.78,8.147,9.05410170217379,907.1017021737902
118.79,8.147,9.054047446506162,907.0474465061623
118.8,8.147,9.053993190838533,906.9931908385324
118.81,8.147,9.053938935170903,906.9389351709027
118.82,8.147,9.053884679503273,906.884679503273
118.83,8.147,9.05389657711161,906.8965771116098
118.84,8.147,9.05395290347635,906.9529034763501
118.85,8.147,9.054009229841093,907.0092298410923
118.86,8.147,9.054065556205833,907.0655562058328
118.87,8.147,9.054121882570575,907.1218825705749
118.88,8.147,9.054178208935316,907.1782089353153
118.89,8.147,9.054141012988012,907.1410129880118
118.9,8.147,9.054086900390969,907.0869003909685
118.91,8.148,9.054032787793924,906.0327877939241
118.92,8.148,9.05397867519688,905.9786751968808
118.93,8.148,9.053924562599835,905.9245625998358
118.94,8.148,9.053880711266896,905.8807112668958
118.95,8.148,9.053934137673803,905.9341376738032
118.96,8.148,9.053987564080709,905.9875640807089
118.97,8.148,9.054040990487614,906.0409904876145
118.98,8.148,9.05409441689452,906.0944168945202
118.99,8.148,9.054147843301426,906.1478433014258
119.0,8.148,9.054164237879192,906.1642378791923
119.01,8.148,9.054110018145725,906.1100181457249
119.02,8.148,9.054055798412257,906.0557984122574
119.03,8.148,9.054001578678788,906.0015786787883
119.04,8.148,9.05394735894532,905.9473589453208
119.05,8.148,9.053893139211853,905.8931392118534
119.06,8.148,9.053904323111597,905.9043231115975
119.07,8.148,9.053960468780897,905.9604687808971
119.08,8.148,9.054016614450196,906.0166144501967
119.09,8.148,9.054072760119496,906.0727601194963
119.1,8.148,9.054128905788795,906.1289057887958
119.11,8.148,9.054185051458095,906.1850514580954
119.12,8.148,9.054148467822282,906.1484678222822
119.13,8.148,9.054094379645958,906.0943796459586
119.14,8.148,9.054040291469637,906.0402914696368
119.15,8.147,9.053986203293313,906.9862032933127
119.16,8.147,9.053932115116991,906.9321151169909
119.17,8.147,9.053887692673504,906.8876926735037
119.18,8.147,9.053941239696837,906.9412396968364
119.19,8.147,9.053994786720168,906.9947867201673
119.2,8.147,9.0540483337435,907.0483337435
119.21,8.147,9.054101880766833,907.1018807668328
119.22,8.147,9.054155427790166,907.1554277901655
119.23,8.147,9.05417251897561,907.1725189756102
119.24,8.147,9.054118334809235,907.1183348092351
119.25,8.147,9.054064150642862,907.0641506428618
119.26,8.147,9.054009966476487,907.0099664764869
119.27,8.147,9.053955782310114,906.9557823101136
119.28,8.146,9.053901598143739,907.9015981437379
119.29,8.146,9.053912077021735,907.9120770217344
119.3,8.146,9.053968052906022,907.9680529060213
119.31,8.146,9.054024028790307,908.0240287903063
119.32,8.146,9.054080004674594,908.0800046745932
119.33,8.144,9.05413598055888,910.1359805588806
119.34,8.143,9.054191956443168,911.191956443167
119.35,8.143,9.05415598481069,911.1559848106889
119.36,8.143,9.054101921297766,911.1019212977656
119.37,8.144,9.054047857784843,910.0478577848428
119.38,8.142,9.05399379427192,911.99379427192
119.39,8.141,9.053939730758994,912.9397307589944
119.4,8.139,9.053894735363942,914.8947353639425
119.41,8.138,9.053948391334028,915.9483913340285
119.42,8.138,9.054002047304117,916.0020473041168
119.43,8.138,9.054055703274203,916.0557032742033
119.44,8.138,9.054109359244292,916.1093592442917
119.45,8.138,9.054163015214378,916.1630152143782
119.46,8.14,9.054180796047305,914.1807960473045
119.47,8.141,9.05412664705865,913.1266470586503
119.48,8.141,9.054072498069996,913.0724980699956
119.49,8.141,9.05401834908134,913.0183490813408
119.5,8.141,9.053964200092686,912.964200092686
119.51,8.142,9.053910051104031,911.9100511040319
119.52,8.142,9.053919833338014,911.9198333380148
119.53,8.142,9.053975650159037,911.9756501590377
119.54,8.142,9.05403146698006,912.0314669800607
119.55,8.144,9.054087283801081,910.0872838010812
119.56,8.146,9.054143100622104,908.1431006221035
119.57,8.146,9.054198917443127,908.1989174431264
119.58,8.146,9.054163557653123,908.163557653122
119.59,8.146,9.05410951904576,908.1095190457588
119.6,8.147,9.054055480438398,907.0554804383981
119.61,8.147,9.054001441831035,907.001441831035
119.62,8.147,9.053947403223674,906.9474032236737
119.63,8.147,9.053901833260465,906.9018332604646
119.64,8.148,9.053955586814748,905.9555868147484
119.65,8.148,9.054009340369031,906.0093403690316
119.66,8.148,9.054063093923315,906.0630939233149
119.67,8.148,9.054116847477598,906.1168474775982
119.68,8.148,9.054170601031883,906.1706010318833
119.69,8.149,9.054189064564486,905.1890645644871
119.7,8.149,9.05413495035157,905.1349503515702
119.71,8.15,9.054080836138652,904.0808361386521
119.72,8.152,9.054026721925737,902.0267219257381
119.73,8.152,9.05397260771282,901.9726077128212
119.74,8.152,9.053918493499904,901.9184934999042
119.75,8.152,9.053927587150673,901.9275871506736
119.76,8.152,9.053983255414263,901.9832554142635
119.77,8.152,9.054038923677853,902.0389236778534
119.78,8.152,9.054094591941443,902.0945919414434
119.79,8.153,9.054150260205033,901.150260205032
119.8,8.153,9.054205928468622,901.205928468622
119.81,8.153,9.05417118049225,901.1711804922502
119.82,8.153,9.054117167024511,901.1171670245109
119.83,8.152,9.05406315355677,902.0631535567709
119.84,8.15,9.05400914008903,904.0091400890304
119.85,8.15,9.05395512662129,903.9551266212893
119.86,8.15,9.053908980691851,903.9089806918507
119.87,8.15,9.053962820885,903.962820884999
119.88,8.151,9.05401666107815,903.0166610781496
119.89,8.15,9.054070501271298,904.0705012712973
119.9,8.15,9.054124341464446,904.1243414644455
119.91,8.15,9.054178181657596,904.1781816575956
119.92,8.15,9.054197321034078,904.1973210340775
119.93,8.15,9.05414324117523,904.1432411752304
119.94,8.151,9.054089161316384,903.0891613163839
119.95,8.152,9.054035081457537,902.0350814575373
119.96,8.152,9.053981001598691,901.981001598692
119.97,8.153,9.053926921739844,900.9269217398437
119.98,8.154,9.053935334450134,899.9353344501344
119.99,8.155,9.05399086426615,898.9908642661514
120.0,8.155,9.054046394082167,899.046394082168
120.01,8.156,9.054101923898184,898.1019238981834
120.02,8.158,9.0541574537142,896.157453714201
120.03,8.159,9.054212983530217,895.2129835302163
120.04,8.16,9.054178847442637,894.1788474426371
120.05,8.161,9.054124859351816,893.1248593518167
120.06,8.162,9.054070871260993,892.0708712609926
120.07,8.162,9.05401688317017,892.0168831701698
120.08,8.161,9.05396289507935,892.96289507935
120.09,8.162,9.053916172003225,891.9161720032242
120.1,8.163,9.053970088278732,890.9700882787313
120.11,8.163,9.054024004554238,891.0240045542376
120.12,8.164,9.054077920829744,890.0779208297447
120.13,8.165,9.054131837105253,889.1318371052535
120.14,8.165,9.054185753380759,889.1857533807599
120.15,8.166,9.054205561838593,888.2055618385926
120.16,8.166,9.054151515926897,888.1515159268964
120.17,8.167,9.0540974700152,887.0974700152008
120.18,8.168,9.054043424103503,886.0434241035033
120.19,8.169,9.053989378191806,884.9893781918059
120.2,8.169,9.053935332280108,884.9353322801079
120.21,8.17,9.05394307132582,883.9430713258203
120.22,8.171,9.053998472457364,882.9984724573645
120.23,8.17,9.054053873588908,884.0538735889077
120.24,8.169,9.054109274720453,885.1092747204525
120.25,8.168,9.054164675851997,886.1646758519975
120.26,8.167,9.05422007698354,887.2200769835406
120.27,8.166,9.054186552964062,888.1865529640613
120.28,8.165,9.054132590490601,889.1325904906022
120.29,8.166,9.054078628017143,888.0786280171425
120.3,8.167,9.054024665543682,887.0246655436827
120.31,8.167,9.053970703070224,886.9707030702241
120.32,8.168,9.053923401884784,885.923401884785
120.33,8.168,9.053977384220063,885.9773842200642
120.34,8.169,9.054031366555341,885.0313665553405
120.35,8.17,9.054085348890618,884.0853488906184
120.36,8.17,9.054139331225898,884.1393312258976
120.37,8.171,9.054193313561175,883.1933135611756
120.38,8.171,9.054213784534054,883.2137845340551
120.39,8.172,9.054159772159489,882.159772159488
120.4,8.172,9.054105759784925,882.105759784924
120.41,8.173,9.054051747410359,881.0517474103588
120.42,8.173,9.053997735035793,880.997735035793
120.43,8.173,9.053943722661229,880.9437226612289
120.44,8.173,9.053950794897357,880.9507948973571
120.45,8.173,9.05400607666357,881.0060766635708
120.46,8.173,9.054061358429784,881.0613584297844
120.47,8.172,9.054116640195998,882.1166401959974
120.48,8.172,9.054171921962212,882.1719219622111
120.49,8.172,9.054227203728427,882.2272037284265
120.5,8.172,9.054194292021695,882.1942920216941
120.51,8.171,9.054140355394033,883.1403553940333
120.52,8.169,9.054086418766369,885.0864187663685
120.53,8.168,9.054032482138707,886.0324821387078
120.54,8.167,9.053978545511043,886.9785455110435
120.55,8.166,9.053930665445804,887.9306654458042
120.56,8.166,9.05398470436207,887.9847043620704
120.57,8.166,9.054038743278337,888.0387432783366
120.58,8.167,9.054092782194603,887.0927821946033
120.59,8.167,9.054146821110871,887.1468211108713
120.6,8.167,9.054200860027137,887.2008600271375
120.61,8.166,9.054221987177437,888.2219871774364
120.62,8.165,9.05416800797129,889.1680079712909
120.63,8.165,9.054114028765145,889.114028765146
120.64,8.164,9.054060049558998,890.0600495589988
120.65,8.163,9.054006070352854,891.0060703528533
120.66,8.163,9.053952091146707,890.9520911467066
120.67,8.162,9.053958503011282,891.9585030112813
120.68,8.16,9.054013674240707,894.013674240707
120.69,8.159,9.05406884547013,895.0688454701296
120.7,8.158,9.054124016699555,896.1240166995559
120.71,8.158,9.054179187928979,896.1791879289791
120.72,8.157,9.054234359158404,897.2343591584035
120.73,8.157,9.05420206009188,897.20206009188
120.74,8.156,9.05414814957186,898.1481495718597
120.75,8.156,9.054094239051839,898.0942390518383
120.76,8.155,9.05404032853182,899.0403285318198
120.77,8.154,9.0539864180118,899.9864180117995
120.78,8.154,9.05393795852,899.9379585200007
120.79,8.153,9.05399204510096,900.9920451009599
120.8,8.153,9.05404613168192,901.0461316819196
120.81,8.153,9.05410021826288,901.1002182628794
120.82,8.152,9.05415430484384,902.1543048438402
120.83,8.152,9.0542083914248,902.2083914248001
120.84,8.152,9.054230168641201,902.2301686412018
120.85,8.151,9.054176222186575,903.1762221865752
120.86,8.151,9.05412227573195,903.1222757319508
120.87,8.151,9.054068329277325,903.0683292773247
120.88,8.15,9.0540143828227,904.0143828226999
120.89,8.15,9.053960436368074,903.9604363680737
120.9,8.149,9.053966193840395,904.9661938403962
120.91,8.149,9.054021262846815,905.021262846816
120.92,8.149,9.054076331853233,905.076331853234
120.93,8.148,9.054131400859653,906.1314008596532
120.94,8.148,9.054186469866071,906.1864698660713
120.95,8.147,9.05424153887249,907.2415388724905
120.96,8.147,9.054209852765759,907.2098527657583
120.97,8.146,9.05415596855572,908.1559685557199
120.98,8.146,9.054102084345681,908.1020843456802
120.99,8.145,9.054048200135643,909.0482001356435
121.0,8.144,9.053994315925603,909.9943159256032
121.01,8.143,9.053945276585663,910.9452765856627
121.02,8.143,9.053999402524202,910.999402524201
121.03,8.142,9.05405352846274,912.0535284627405
121.04,8.142,9.054107654401276,912.1076544012769
121.05,8.141,9.054161780339815,913.1617803398146
121.06,8.14,9.054215906278353,914.2159062783523
121.07,8.14,9.054238327754108,914.2383277541076
121.08,8.139,9.054184413693413,915.1844136934137
121.09,8.139,9.054130499632718,915.1304996327187
121.1,8.138,9.054076585572025,916.076585572025
121.11,8.138,9.05402267151133,916.02267151133
121.12,8.137,9.053968757450635,916.9687574506345
121.13,8.136,9.053973866098605,917.9738660986061
121.14,8.136,9.054028840658193,918.0288406581933
121.15,8.135,9.05408381521778,919.08381521778
121.16,8.135,9.054138789777367,919.1387897773673
121.17,8.134,9.054193764336954,920.193764336954
121.18,8.133,9.05424873889654,921.2487388965407
121.19,8.133,9.054217666115372,921.217666115373
121.2,8.132,9.054163808445509,922.1638084455091
121.21,8.131,9.054109950775644,923.1099507756433
121.22,8.131,9.05405609310578,923.0560931057798
121.23,8.132,9.054002235435915,922.0022354359152
121.24,8.132,9.053952616018858,921.9526160188583
121.25,8.131,9.05400677357919,923.0067735791891
121.26,8.131,9.054060931139523,923.0609311395224
121.27,8.131,9.054115088699854,923.1150886998538
121.28,8.131,9.054169246260187,923.169246260187
121.29,8.131,9.054223403820519,923.2234038205185
121.3,8.131,9.054246464028338,923.2464640283382
121.31,8.131,9.054192582026777,923.1925820267772
121.32,8.133,9.054138700025215,921.1387000252156
121.33,8.134,9.054084818023654,920.0848180236534
121.34,8.134,9.054030936022091,920.0309360220906
121.35,8.134,9.05397705402053,919.9770540205296
121.36,8.134,9.05398151897347,919.9815189734703
121.37,8.135,9.054036406280671,919.0364062806715
121.38,8.135,9.05409129358787,919.0912935878704
121.39,8.135,9.05414618089507,919.146180895071
121.4,8.135,9.05420106820227,919.2010682022698
121.41,8.135,9.054255955509468,919.2559555094685
121.42,8.135,9.054225496422896,919.2254964228965
121.43,8.133,9.054171665524848,921.1716655248488
121.44,8.132,9.054117834626801,922.1178346268015
121.45,8.132,9.054064003728753,922.064003728753
121.46,8.132,9.054010172830706,922.0101728307064
121.47,8.132,9.053959973265906,921.9599732659062
121.48,8.132,9.054014155387272,922.0141553872718
121.49,8.132,9.054068337508637,922.0683375086373
121.5,8.132,9.054122519630003,922.1225196300029
121.51,8.132,9.054176701751368,922.1767017513685
121.52,8.132,9.054230883872732,922.2308838727322
121.53,8.132,9.054254577649052,922.2545776490527
121.54,8.132,9.054200727385801,922.2007273858015
121.55,8.131,9.054146877122552,923.1468771225515
121.56,8.131,9.054093026859302,923.0930268593021
121.57,8.131,9.054039176596051,923.0391765960509
121.58,8.131,9.053985326332802,922.9853263328014
121.59,8.131,9.053989152330818,922.9891523308175
121.6,8.131,9.054043959073542,923.0439590735422
121.61,8.131,9.054098765816267,923.0987658162668
121.62,8.131,9.054153572558992,923.1535725589914
121.63,8.13,9.054208379301716,924.2083793017155
121.64,8.13,9.05426318604444,924.2631860444384
121.65,8.13,9.054233341007444,924.2333410074436
121.66,8.13,9.054179537087622,924.1795370876212
121.67,8.13,9.0541257331678,924.1257331677986
121.68,8.13,9.054071929247977,924.071929247976
121.69,8.129,9.054018125328154,925.0181253281546
121.7,8.129,9.053967345658645,924.9673456586454
121.71,8.129,9.054021545825709,925.0215458257092
121.72,8.129,9.054075745992773,925.075745992773
121.73,8.129,9.054129946159836,925.1299461598368
121.74,8.129,9.0541841463269,925.1841463269006
121.75,8.129,9.054238346493964,925.2383464939644
121.76,8.129,9.054262668961528,925.262668961528
121.77,8.129,9.054208850135085,925.2088501350854
121.78,8.129,9.054155031308643,925.155031308643
121.79,8.129,9.054101212482198,925.1012124821987
121.8,8.129,9.054047393655756,925.0473936557562
121.81,8.128,9.053993574829313,925.993574829313
121.82,8.128,9.053996766191325,925.9967661913252
121.83,8.129,9.05405149846298,925.0514984629809
121.84,8.129,9.054106230734634,925.1062307346344
121.85,8.129,9.05416096300629,925.1609630062898
121.86,8.129,9.054215695277945,925.2156952779451
121.87,8.129,9.054270427549598,925.2704275495987
121.88,8.129,9.054241196888638,925.2411968886385
121.89,8.129,9.054187420149209,925.187420149209
121.9,8.129,9.054133643409779,925.1336434097794
121.91,8.129,9.05407986667035,925.0798666703499
121.92,8.13,9.05402608993092,924.0260899309192
121.93,8.13,9.053974730322219,923.9747303222181
121.94,8.13,9.054028942615581,924.0289426155801
121.95,8.13,9.054083154908943,924.0831549089421
121.96,8.131,9.054137367202305,923.1373672023046
121.97,8.132,9.054191579495667,922.1915794956672
121.98,8.132,9.054245791789029,922.2457917890292
121.99,8.131,9.054270738407054,923.2707384070533
122.0,8.13,9.05421695074084,924.2169507408385
122.01,8.129,9.054163163074625,925.1631630746253
122.02,8.129,9.05410937540841,925.109375408411
122.03,8.131,9.054055587742196,923.0555877421959
122.04,8.132,9.054001800075982,922.0018000759821
122.05,8.133,9.05400436074853,921.0043607485314
122.06,8.131,9.054059024110213,923.0590241102128
122.07,8.133,9.054113687471897,921.1136874718982
122.08,8.133,9.054168350833582,921.1683508335824
122.09,8.134,9.054223014195264,920.2230141952637
122.1,8.134,9.054277677556948,920.2776775569479
122.11,8.134,9.05424906156571,920.2490615657091
122.12,8.135,9.054195312197567,919.1953121975675
122.13,8.137,9.054141562829425,917.1415628294249
122.14,8.138,9.054087813461283,916.0878134612833
122.15,8.14,9.05403406409314,914.0340640931388
122.16,8.14,9.053982124812384,913.9821248123834
122.17,8.14,9.054036343881199,914.0363438811985
122.18,8.139,9.054090562950014,915.0905629500148
122.19,8.138,9.05414478201883,916.1447820188293
122.2,8.138,9.054199001087644,916.1990010876444
122.21,8.138,9.05425322015646,916.2532201564595
122.22,8.138,9.054278786704446,916.2787867044458
122.23,8.137,9.054225029913244,917.2250299132436
122.24,8.135,9.05417127312204,919.1712731220409
122.25,8.135,9.054117516330837,919.1175163308376
122.26,8.135,9.054063759539634,919.0637595396342
122.27,8.135,9.054010002748432,919.0100027484327
122.28,8.135,9.054011936308411,919.0119363084115
122.29,8.135,9.054066535801626,919.0665358016261
122.3,8.136,9.05412113529484,918.1211352948413
122.31,8.136,9.054175734788053,918.1757347880541
122.32,8.135,9.054230334281268,919.2303342812683
122.33,8.134,9.05428493377448,920.2849337744805
122.34,8.136,9.054256932684865,918.2569326848658
122.35,8.137,9.054203210840981,917.2032108409809
122.36,8.139,9.054149488997098,915.1494889970984
122.37,8.14,9.054095767153212,914.0957671532117
122.38,8.142,9.054042045309329,912.0420453093292
122.39,8.142,9.053989526685697,911.9895266856979
122.4,8.142,9.054043747729562,912.0437477295625
122.41,8.142,9.054097968773426,912.0979687734269
122.42,8.142,9.054152189817291,912.1521898172915
122.43,8.144,9.054206410861156,910.2064108611554
122.44,8.145,9.054260631905018,909.2606319050187
122.45,8.147,9.054286814508174,907.2868145081738
122.46,8.147,9.054233088397678,907.2330883976782
122.47,8.147,9.054179362287181,907.1793622871809
122.48,8.148,9.054125636176684,906.1256361766841
122.49,8.149,9.054071910066188,905.071910066189
122.5,8.149,9.05401818395569,905.0181839556917
122.51,8.15,9.054019493675986,904.0194936759854
122.52,8.151,9.054074033832853,903.0740338328532
122.53,8.152,9.054128573989718,902.1285739897191
122.54,8.152,9.054183114146586,902.1831141465864
122.55,8.152,9.054237654303451,902.2376543034518
122.56,8.152,9.054292194460318,902.292194460319
122.57,8.154,9.054264808491538,900.2648084915386
122.58,8.155,9.054211114362843,899.2111143628439
122.59,8.157,9.054157420234148,897.1574202341479
122.6,8.158,9.054103726105453,896.1037261054532
122.61,8.158,9.054050031976757,896.050031976758
122.62,8.158,9.053996934463402,895.9969344634029
122.63,8.158,9.05405115317708,896.0511531770799
122.64,8.159,9.054105371890758,895.1053718907574
122.65,8.16,9.054159590604435,894.1595906044348
122.66,8.162,9.054213809318114,892.2138093181129
122.67,8.163,9.054268028031792,891.2680280317921
122.68,8.164,9.054294823098118,890.2948230981185
122.69,8.164,9.05424112743899,890.2411274389906
122.7,8.164,9.054187431779862,890.1874317798625
122.71,8.164,9.054133736120733,890.1337361207329
122.72,8.163,9.054080040461605,891.0800404616044
122.73,8.163,9.054026344802477,891.0263448024764
122.74,8.162,9.054027033618139,892.0270336181381
122.75,8.163,9.054081518491893,891.0815184918928
122.76,8.163,9.054136003365645,891.136003365645
122.77,8.164,9.0541904882394,890.1904882393997
122.78,8.165,9.054244973113153,889.2449731131542
122.79,8.165,9.054299457986907,889.2994579869082
122.8,8.165,9.054272687273796,889.272687273797
122.81,8.165,9.05421902100003,889.2190210000308
122.82,8.165,9.054165354726262,889.1653547262628
122.83,8.165,9.054111688452496,889.1116884524965
122.84,8.165,9.054058022178728,889.0580221787285
122.85,8.165,9.054004355904961,889.0043559049623
122.86,8.165,9.054058558815985,889.0585588159859
122.87,8.164,9.05411277137863,890.1127713786306
122.88,8.164,9.054166983941274,890.166983941274
122.89,8.164,9.054221196503919,890.2211965039193
122.9,8.165,9.054275409066564,889.2754090665651
122.91,8.165,9.054302813307512,889.3028133075127
122.92,8.165,9.05424914790312,889.2491479031204
122.93,8.165,9.054195482498727,889.1954824987281
122.94,8.164,9.054141817094333,890.1418170943334
122.95,8.164,9.05408815168994,890.088151689941
122.96,8.164,9.054034486285548,890.0344862855487
122.97,8.164,9.054034556854107,890.0345568541077
122.98,8.164,9.054088990051815,890.0889900518152
122.99,8.164,9.054143423249522,890.1434232495227
123.0,8.164,9.05419785644723,890.1978564472302
123.01,8.164,9.054252289644937,890.2522896449376
123.02,8.164,9.054306722842645,890.3067228426451
123.03,8.164,9.054280567468656,890.2805674686558
123.04,8.164,9.054226929184358,890.2269291843581
123.05,8.165,9.05417329090006,889.1732909000609
123.06,8.165,9.054119652615762,889.1196526157632
123.07,8.165,9.054066014331465,889.0660143314655
123.08,8.165,9.054012376047167,889.0123760471678
123.09,8.166,9.05406596356557,888.0659635655696
123.1,8.166,9.054120166600415,888.1201666004141
123.11,8.166,9.05417436963526,888.1743696352604
123.12,8.166,9.054228572670105,888.2285726701049
123.13,8.166,9.05428277570495,888.2827757049494
123.14,8.167,9.054310786111827,887.3107861118275
123.15,8.167,9.054257150784995,887.2571507849951
123.16,8.167,9.054203515458163,887.2035154581628
123.17,8.167,9.05414988013133,887.1498801313304
123.18,8.169,9.054096244804498,885.0962448044975
123.19,8.169,9.054042609477667,885.0426094776669
123.2,8.17,9.054042064197453,884.0420641974536
123.21,8.171,9.054096448909108,883.0964489091091
123.22,8.172,9.054150833620763,882.1508336207628
123.23,8.173,9.054205218332418,881.2052183324183
123.24,8.174,9.054259603044073,880.2596030440739
123.25,8.172,9.054313987755728,882.3139877557278
123.26,8.171,9.05428844774382,883.2884477438209
123.27,8.17,9.054234837569197,884.2348375691973
123.28,8.17,9.054181227394572,884.1812273945724
123.29,8.169,9.05412761721995,885.1276172199487
123.3,8.168,9.054074007045324,886.0740070453251
123.31,8.167,9.054020396870701,887.0203968707013
123.32,8.166,9.054073366485662,888.0733664856617
123.33,8.165,9.054127557025362,889.127557025363
123.34,8.164,9.05418174756506,890.1817475650606
123.35,8.162,9.054235938104759,892.2359381047578
123.36,8.162,9.054290128644457,892.290128644456
123.37,8.161,9.054318742470988,893.3187424709886
123.38,8.161,9.054265137061678,893.2651370616788
123.39,8.16,9.054211531652367,894.2115316523668
123.4,8.16,9.054157926243057,894.1579262430572
123.41,8.159,9.054104320833748,895.104320833747
123.42,8.158,9.054050715424438,896.0507154244386
123.43,8.158,9.054049556459178,896.0495564591788
123.44,8.157,9.054103895490591,897.1038954905914
123.45,8.157,9.054158234522003,897.1582345220029
123.46,8.156,9.054212573553414,898.2125735534137
123.47,8.156,9.054266912584827,898.2669125848269
123.48,8.155,9.054321251616239,899.3212516162395
123.49,8.155,9.054296326928942,899.2963269289422
123.5,8.154,9.054242744970365,900.2427449703649
123.51,8.154,9.054189163011786,900.1891630117864
123.52,8.153,9.05413558105321,901.1355810532091
123.53,8.154,9.054081999094633,900.0819990946329
123.54,8.155,9.054028417136054,899.0284171360549
123.55,8.154,9.054080766756577,900.0807667565773
123.56,8.154,9.054134942208146,900.1349422081457
123.57,8.154,9.054189117659714,900.1891176597142
123.58,8.153,9.054243293111282,901.2432931112819
123.59,8.154,9.05429746856285,900.2974685628509
123.6,8.154,9.05432668330675,900.3266833067496
123.61,8.155,9.054273107670735,899.2731076707354
123.62,8.155,9.05421953203472,899.2195320347207
123.63,8.154,9.054165956398705,900.1659563987055
123.64,8.154,9.05411238076269,900.1123807626907
123.65,8.153,9.054058805126676,901.0588051266755
123.66,8.152,9.054057034429555,902.0570344295553
123.67,8.152,9.054111330235099,902.1113302350993
123.68,8.151,9.054165626040644,903.1656260406446
123.69,8.151,9.054219921846189,903.2199218461888
123.7,8.15,9.054274217651734,904.274217651734
123.71,8.149,9.054328513457278,905.3285134572793
123.72,8.149,9.054304203997484,905.3042039974848
123.73,8.148,9.054250650347825,906.2506503478254
123.74,8.147,9.054197096698166,907.197096698166
123.75,8.145,9.054143543048509,909.1435430485095
123.76,8.143,9.05408998939885,911.0899893988495
123.77,8.143,9.054036435749191,911.0364357491907
123.78,8.142,9.054088163661332,912.0881636613323
123.79,8.141,9.054142321771312,913.1423217713124
123.8,8.141,9.054196479881293,913.196479881293
123.81,8.14,9.054250637991274,914.2506379912732
123.82,8.139,9.054304796101254,915.3047961012551
123.83,8.139,9.054334609484995,915.3346094849954
123.84,8.138,9.054281063492425,916.2810634924252
123.85,8.137,9.054227517499855,917.227517499855
123.86,8.137,9.054173971507288,917.1739715072871
123.87,8.136,9.054120425514718,918.1204255147186
123.88,8.135,9.054066879522148,919.0668795221484
123.89,8.135,9.054064498858715,919.0644988587148
123.9,8.134,9.05411875357381,920.11875357381
123.91,8.133,9.054173008288904,921.1730082889052
123.92,8.133,9.054227263004,921.2272630040009
123.93,8.132,9.054281517719096,922.281517719096
123.94,8.131,9.05433577243419,923.3357724341893
123.95,8.13,9.054312078046966,924.3120780469649
123.96,8.13,9.054258552786179,924.2585527861777
123.97,8.129,9.054205027525393,925.2050275253936
123.98,8.128,9.054151502264606,926.1515022646058
123.99,8.127,9.054097977003819,927.0979770038182
124.0,8.127,9.054044451743032,927.044451743031
124.01,8.126,9.05409555656923,928.0955565692306
124.02,8.125,9.054149695389983,929.1496953899828
124.03,8.124,9.054203834210735,930.2038342107348
124.04,8.124,9.054257973031486,930.2579730314857
124.05,8.121,9.054312111852239,933.3121118522386
124.06,8.119,9.054342521803804,935.3425218038041
124.07,8.118,9.054289005337948,936.2890053379474
124.08,8.116,9.054235488872093,938.2354888720936
124.09,8.116,9.054181972406237,938.1819724062375
124.1,8.116,9.054128455940381,938.1284559403813
124.11,8.116,9.054074939474527,938.0749394745269
124.12,8.115,9.054071950444435,939.0719504444345
124.13,8.114,9.054126165917333,940.1261659173325
124.14,8.112,9.054180381390232,942.1803813902319
124.15,8.111,9.054234596863129,943.2345968631282
124.16,8.111,9.054288812336027,943.2888123360268
124.17,8.111,9.054343027808926,943.3430278089254
124.18,8.111,9.054319948284235,943.319948284234
124.19,8.111,9.054266451480204,943.2664514802038
124.2,8.111,9.054212954676172,943.2129546761719
124.21,8.111,9.054159457872142,943.1594578721416
124.22,8.111,9.054105961068112,943.1059610681114
124.23,8.111,9.054052464264082,943.0524642640812
124.24,8.111,9.054102944924951,943.1029449249504
124.25,8.111,9.05415706278249,943.1570627824897
124.26,8.111,9.054211180640031,943.2111806400308
124.27,8.111,9.05426529849757,943.26529849757
124.28,8.111,9.05431941635511,943.3194163551093
124.29,8.111,9.054350420989072,943.3504209890717
124.3,8.112,9.054296933945189,942.2969339451886
124.31,8.112,9.054243446901307,942.2434469013066
124.32,8.112,9.054189959857423,942.1899598574228
124.33,8.114,9.05413647281354,940.1364728135384
124.34,8.115,9.054082985769657,939.082985769657
124.35,8.115,9.054079389826976,939.0793898269756
124.36,8.115,9.054133567649345,939.1335676493444
124.37,8.115,9.054187745471713,939.1877454717132
124.38,8.117,9.05424192329408,937.2419232940796
124.39,8.118,9.05429610111645,936.296101116449
124.4,8.12,9.054350278938816,934.3502789388172
124.41,8.12,9.054327814014822,934.3278140148233
124.42,8.119,9.054274345724336,935.274345724336
124.43,8.117,9.054220877433847,937.2208774338465
124.44,8.116,9.05416740914336,938.1674091433609
124.45,8.117,9.054113940852874,937.113940852873
124.46,8.117,9.054060472562385,937.0604725623846
124.47,8.117,9.05411032824113,937.1103282411291
124.48,8.117,9.054164423704728,937.1644237047274
124.49,8.117,9.054218519168328,937.2185191683276
124.5,8.117,9.054272614631927,937.2726146319259
124.51,8.117,9.054326710095527,937.3267100955261
124.52,8.117,9.054358307694665,937.3583076946641
124.53,8.117,9.054304849978912,937.3048499789114
124.54,8.118,9.054251392263158,936.2513922631574
124.55,8.118,9.054197934547405,936.1979345474048
124.56,8.118,9.054144476831652,936.144476831652
124.57,8.118,9.054091019115898,936.0910191158976
124.58,8.118,9.054086817587798,936.0868175877979
124.59,8.118,9.054140959123643,936.1409591236427
124.6,8.118,9.054195100659488,936.1951006594875
124.61,8.118,9.054249242195333,936.2492421953324
124.62,8.118,9.054303383731177,936.3033837311772
124.63,8.117,9.054357525267022,937.3575252670214
124.64,8.115,9.05433567463377,939.3356746337691
124.65,8.114,9.0542822349035,940.2822349034991
124.66,8.113,9.05422879517323,941.228795173231
124.67,8.113,9.054175355442963,941.1753554429633
124.68,8.113,9.054121915712694,941.121915712694
124.69,8.113,9.054068475982424,941.0684759824246
124.7,8.112,9.05411770609198,942.1177060919792
124.71,8.11,9.054171777945706,944.1717779457068
124.72,8.109,9.054225849799431,945.2258497994314
124.73,8.108,9.054279921653157,946.2799216531561
124.74,8.108,9.054333993506882,946.3339935068813
124.75,8.108,9.054366182504513,946.3661825045122
124.76,8.108,9.054312754032868,946.3127540328671
124.77,8.108,9.054259325561224,946.2593255612237
124.78,8.108,9.054205897089581,946.2058970895804
124.79,8.108,9.054152468617938,946.152468617937
124.8,8.108,9.054099040146294,946.0990401462936
124.81,8.107,9.054094234250034,947.0942342500343
124.82,8.107,9.054148340662717,947.1483406627179
124.83,8.107,9.054202447075403,947.2024470754033
124.84,8.109,9.054256553488088,945.2565534880879
124.85,8.11,9.054310659900773,944.3106599007738
124.86,8.109,9.054364766313459,945.3647663134585
124.87,8.108,9.054343529616743,946.3435296167422
124.88,8.107,9.054290118484218,947.2901184842186
124.89,8.107,9.054236707351691,947.2367073516921
124.9,8.106,9.054183296219167,948.1832962191668
124.91,8.106,9.054129885086642,948.1298850866419
124.92,8.105,9.054076473954117,949.0764739541166
124.93,8.104,9.054125078107125,950.125078107126
124.94,8.104,9.05417912532347,950.179125323471
124.95,8.103,9.054233172539817,951.2331725398174
124.96,8.102,9.054287219756162,952.2872197561618
124.97,8.102,9.054341266972509,952.3412669725086
124.98,8.101,9.054374045935736,953.3740459357354
124.99,8.101,9.054320646632965,953.3206466329638
125.0,8.1,9.054267247330193,954.2672473301934
125.01,8.1,9.054213848027421,954.2138480274218
125.02,8.099,9.05416044872465,955.1604487246497
125.03,8.098,9.054107049421878,956.1070494218775
125.04,8.097,9.054101640280102,957.1016402801025
125.05,8.097,9.05415571255731,957.1557125573112
125.06,8.096,9.05420978483452,958.2097848345193
125.07,8.097,9.054263857111728,957.2638571117285
125.08,8.098,9.054317929388937,956.3179293889359
125.09,8.097,9.054372001666145,957.3720016661458
125.1,8.096,9.054351378511468,958.3513785114679
125.11,8.096,9.054297996006001,958.2979960060012
125.12,8.095,9.054244613500535,959.2446135005339
125.13,8.095,9.05419123099507,959.191230995069
125.14,8.094,9.054137848489603,960.1378484896035
125.15,8.093,9.054084465984136,961.0844659841362
125.16,8.092,9.054132443965734,962.132443965734
125.17,8.092,9.05418646568145,962.1864656814498
125.18,8.091,9.054240487397166,963.2404873971669
125.19,8.09,9.05429450911288,964.2945091128805
125.2,8.089,9.054348530828596,965.3485308285958
125.21,8.089,9.054381898442644,965.3818984426437
125.22,8.088,9.054328528241307,966.3285282413075
125.23,8.089,9.054275158039971,965.2751580399705
125.24,8.089,9.054221787838634,965.2217878386331
125.25,8.09,9.054168417637298,964.168417637298
125.26,8.091,9.05411504743596,963.1150474359611
125.27,8.091,9.054109036090374,963.1090360903745
125.28,8.092,9.054163075066954,962.1630750669539
125.29,8.092,9.054217114043533,962.2171140435328
125.3,8.091,9.054271153020112,963.2711530201128
125.31,8.09,9.054325191996693,964.3251919966929
125.32,8.089,9.054379230973272,965.3792309732712
125.33,8.088,9.054359220929793,966.3592209297942
125.34,8.087,9.054305867073394,967.3058670733941
125.35,8.087,9.054252513216992,967.2525132169927
125.36,8.087,9.054199159360591,967.1991593605914
125.37,8.087,9.054145805504191,967.1458055041917
125.38,8.087,9.05409245164779,967.0924516477903
125.39,8.087,9.05413980339121,967.1398033912109
125.4,8.087,9.05419379888535,967.1937988853507
125.41,8.087,9.05424779437949,967.2477943794906
125.42,8.087,9.054301789873632,967.3017898736323
125.43,8.087,9.054355785367772,967.3557853677721
125.44,8.087,9.054389740421469,967.3897404214689
125.45,8.087,9.054336399261022,967.336399261022
125.46,8.087,9.054283058100575,967.2830581005751
125.47,8.087,9.054229716940128,967.2297169401282
125.48,8.087,9.05417637577968,967.1763757796796
125.49,8.087,9.054123034619233,967.1230346192327
125.5,8.088,9.054116422042707,966.1164220427079
125.51,8.089,9.054170428421374,965.1704284213736
125.52,8.09,9.054224434800043,964.2244348000428
125.53,8.092,9.05427844117871,962.278441178709
125.54,8.093,9.054332447557378,961.3324475573784
125.55,8.094,9.054386453936045,960.3864539360459
125.56,8.096,9.05436705654046,958.3670565404602
125.57,8.097,9.054313731348689,957.3137313486892
125.58,8.098,9.054260406156917,956.2604061569165
125.59,8.098,9.054207080965146,956.2070809651449
125.6,8.098,9.054153755773374,956.1537557733733
125.61,8.097,9.054100430581602,957.1004305816028
125.62,8.098,9.054147156146442,956.1471561464411
125.63,8.099,9.054201124820615,955.201124820615
125.64,8.1,9.054255093494788,954.2550934947886
125.65,8.1,9.054309062168961,954.3090621689619
125.66,8.101,9.054363030843135,953.3630308431337
125.67,8.102,9.054397572215638,952.3975722156379
125.68,8.104,9.054344260041589,950.3442600415895
125.69,8.106,9.054290947867537,948.2909478675374
125.7,8.107,9.054237635693488,947.2376356934884
125.71,8.108,9.054184323519438,946.1843235194376
125.72,8.108,9.054131011345387,946.1310113453862
125.73,8.109,9.054123798452602,945.1237984526024
125.74,8.11,9.054177772822554,944.1777728225542
125.75,8.11,9.054231747192505,944.2317471925055
125.76,8.11,9.054285721562454,944.2857215624549
125.77,8.109,9.054339695932406,945.3396959324057
125.78,8.109,9.054393670302355,945.3936703023551
125.79,8.108,9.05437488506259,946.3748850625891
125.8,8.109,9.054321588545376,945.3215885453758
125.81,8.109,9.054268292028162,945.2682920281621
125.82,8.11,9.05421499551095,944.2149955109506
125.83,8.111,9.054161698993736,943.1616989937357
125.84,8.111,9.054108402476523,943.108402476522
125.85,8.112,9.054154502029556,942.154502029556
125.86,8.113,9.054208443390285,941.2084433902859
125.87,8.113,9.054262384751013,941.2623847510133
125.88,8.114,9.054316326111742,940.3163261117413
125.89,8.115,9.054370267472471,939.3702674724711
125.9,8.115,9.054405394121206,939.4053941212057
125.91,8.116,9.054352110884352,938.3521108843524
125.92,8.116,9.0542988276475,938.2988276475004
125.93,8.117,9.054245544410648,937.2455444106471
125.94,8.117,9.054192261173794,937.1922611737933
125.95,8.116,9.054138977936942,938.1389779369424
125.96,8.117,9.054131165593667,937.1311655936659
125.97,8.117,9.054185108447145,937.1851084471441
125.98,8.118,9.054239051300623,936.2390513006229
125.99,8.118,9.054292994154101,936.2929941541012
126.0,8.119,9.05434693700758,935.34693700758
126.01,8.119,9.054400879861058,935.4008798610582
126.02,8.119,9.054382706259775,935.3827062597749
126.03,8.12,9.054329438422158,934.329438422159
126.04,8.12,9.054276170584542,934.2761705845426
126.05,8.12,9.054222902746925,934.2229027469263
126.06,8.12,9.054169634909309,934.1696349093098
126.07,8.119,9.054116367071693,935.1163670716928
126.08,8.118,9.05416184087006,936.16184087006
126.09,8.119,9.054215754513164,935.2157545131643
126.1,8.12,9.054269668156268,934.2696681562686
126.11,8.121,9.054323581799373,933.3235817993728
126.12,8.121,9.054377495442477,933.3774954424765
126.13,8.122,9.054413206392288,932.4132063922885
126.14,8.122,9.054359952048033,932.3599520480333
126.15,8.123,9.05430669770378,931.3066977037803
126.16,8.123,9.054253443359524,931.253443359525
126.17,8.124,9.05420018901527,930.2001890152702
126.18,8.125,9.054146934671017,929.1469346710173
126.19,8.126,9.054138523702123,928.1385237021241
126.2,8.126,9.05419243544906,928.1924354490609
126.21,8.127,9.054246347195996,927.2463471959949
126.22,8.128,9.054300258942932,926.3002589429324
126.23,8.128,9.05435417068987,926.3541706898693
126.24,8.129,9.054408082436805,925.408082436805
126.25,8.13,9.054390519934667,924.3905199346667
126.26,8.131,9.054337280777476,923.337280777476
126.27,8.131,9.054284041620285,923.2840416202848
126.28,8.13,9.054230802463092,924.2308024630912
126.29,8.13,9.0541775633059,924.1775633059
126.3,8.13,9.05412432414871,924.1243241487088
126.31,8.13,9.05416917252528,924.1691725252786
126.32,8.13,9.054223058122139,924.2230581221378
126.33,8.13,9.054276943718996,924.2769437189953
126.34,8.13,9.054330829315855,924.3308293158545
126.35,8.13,9.054384714912713,924.3847149127121
126.36,8.129,9.054421009246191,925.4210092461914
126.37,8.128,9.054367783753909,926.3677837539088
126.38,8.127,9.054314558261627,927.3145582616262
126.39,8.127,9.054261332769345,927.2613327693442
126.4,8.126,9.054208107277063,928.2081072770634
126.41,8.125,9.05415488178478,929.1548817847807
126.42,8.124,9.05414587298113,930.1458729811287
126.43,8.125,9.054199753961973,929.1997539619725
126.44,8.126,9.054253634942816,928.2536349428163
126.45,8.125,9.054307515923659,929.307515923659
126.46,8.124,9.054361396904504,930.3613969045035
126.47,8.123,9.054415277885347,931.4152778853479
126.48,8.123,9.054398325924002,931.3983259240022
126.49,8.122,9.054345115444459,932.3451154444591
126.5,8.121,9.054291904964915,933.2919049649142
126.51,8.12,9.054238694485372,934.2386944853729
126.52,8.119,9.05418548400583,935.1854840058298
126.53,8.118,9.054132273526287,936.1322735262867
126.54,8.118,9.05417649687701,936.1764968770103
126.55,8.117,9.054230354162579,937.2303541625779
126.56,8.116,9.054284211448149,938.2842114481491
126.57,8.116,9.054338068733717,938.3380687337173
126.58,8.115,9.054391926019285,939.3919260192849
126.59,8.114,9.054428802868197,940.4288028681957
126.6,8.113,9.054375606190675,941.3756061906753
126.61,8.113,9.054322409513151,941.3224095131518
126.62,8.112,9.054269212835628,942.2692128356279
126.63,8.111,9.054216016158106,943.2160161581056
126.64,8.111,9.054162819480583,943.1628194805821
126.65,8.109,9.054153213604886,945.1532136048861
126.66,8.108,9.054207064101764,946.2070641017633
126.67,8.107,9.054260914598643,947.2609145986439
126.68,8.107,9.054314765095521,947.3147650955216
126.69,8.107,9.0543686155924,947.368615592401
126.7,8.106,9.054422466089278,948.4224660892781
126.71,8.106,9.054406124094076,948.4061240940757
126.72,8.105,9.054352942286343,949.3529422863425
126.73,8.104,9.054299760478608,950.2997604786092
126.74,8.102,9.054246578670876,952.2465786708754
126.75,8.1,9.054193396863143,954.1933968631433
126.76,8.098,9.05414021505541,956.1402150554095
126.77,8.098,9.054183813828471,956.1838138284706
126.78,8.097,9.054237642590897,957.237642590897
126.79,8.097,9.05429147135332,957.2914713533205
126.8,8.096,9.054345300115745,958.3453001157452
126.81,8.096,9.054399128878169,958.3991288781685
126.82,8.095,9.05443658741594,959.43658741594
126.83,8.095,9.05438341951888,959.383419518879
126.84,8.094,9.054330251621817,960.3302516218175
126.85,8.094,9.054277083724754,960.2770837247547
126.86,8.093,9.054223915827691,961.2239158276914
126.87,8.092,9.054170747930629,962.1707479306281
126.88,8.092,9.05416054572241,962.1605457224102
126.89,8.091,9.054214365968773,963.2143659687742
126.9,8.091,9.054268186215136,963.2681862151369
126.91,8.09,9.054322006461499,964.322006461499
126.92,8.09,9.05437582670786,964.3758267078599
126.93,8.089,9.054429646954222,965.4296469542221
126.94,8.089,9.054413914336658,965.4139143366579
126.95,8.088,9.054360761192312,966.3607611923126
126.96,8.088,9.054307608047967,966.307608047968
126.97,8.087,9.05425445490362,967.2544549036211
126.98,8.088,9.054201301759274,966.2013017592752
126.99,8.089,9.054148148614928,965.1481486149275
127.0,8.09,9.054191123301496,964.1911233014966
127.01,8.091,9.054244923373174,963.2449233731747
127.02,8.091,9.054298723444852,963.2987234448525
127.03,8.091,9.05435252351653,963.3525235165301
127.04,8.091,9.054406323588205,963.406323588206
127.05,8.093,9.054444363023368,961.4443630233679
127.06,8.094,9.054391223874942,960.3912238749431
127.07,8.094,9.054338084726519,960.3380847265192
127.08,8.094,9.054284945578095,960.2849455780955
127.09,8.094,9.054231806429671,960.2318064296718
127.1,8.094,9.054178667281247,960.178667281248
127.11,8.094,9.054167869461015,960.1678694610154
127.12,8.095,9.054221659649901,959.2216596499004
127.13,8.095,9.054275449838787,959.2754498387866
127.14,8.095,9.054329240027672,959.329240027671
127.15,8.095,9.054383030216558,959.3830302165571
127.16,8.095,9.054436820405444,959.4368204054433
127.17,8.096,9.05442169656533,958.4216965653294
127.18,8.097,9.05436857207378,957.368572073781
127.19,8.099,9.054315447582232,955.3154475822314
127.2,8.099,9.054262323090681,955.2623230906808
127.21,8.099,9.054209198599132,955.2091985991318
127.22,8.099,9.054156074107581,955.156074107581
127.23,8.101,9.054198425233977,953.1984252339764
127.24,8.102,9.054252196483915,952.252196483915
127.25,8.103,9.054305967733855,951.3059677338554
127.26,8.103,9.054359738983795,951.3597389837951
127.27,8.103,9.054413510233733,951.4135102337331
127.28,8.103,9.054452129804243,951.4521298042436
127.29,8.103,9.05439901937473,951.3990193747297
127.3,8.103,9.054345908945216,951.3459089452159
127.31,8.104,9.054292798515702,950.2927985157025
127.32,8.104,9.054239688086188,950.2396880861887
127.33,8.106,9.054186577656672,948.1865776566725
127.34,8.106,9.054175184929395,948.1751849293953
127.35,8.107,9.054228945220482,947.2289452204823
127.36,8.107,9.054282705511566,947.2827055115669
127.37,8.107,9.054336465802653,947.3364658026533
127.38,8.107,9.054390226093739,947.3902260937397
127.39,8.107,9.054443986384824,947.4439863848243
127.4,8.107,9.054429470712206,947.4294707122066
127.41,8.107,9.054376374861057,947.3763748610579
127.42,8.108,9.05432327900991,946.3232790099098
127.43,8.107,9.054270183158762,947.2701831587624
127.44,8.108,9.054217087307615,946.2170873076143
127.45,8.108,9.054163991456468,946.1639914564674
127.46,8.108,9.054205719577572,946.2057195775717
127.47,8.108,9.054259461904909,946.2594619049084
127.48,8.108,9.054313204232244,946.3132042322435
127.49,8.108,9.05436694655958,946.3669465595804
127.5,8.108,9.054420688886918,946.4206888869171
127.51,8.108,9.054459887855291,946.4598878552906
127.52,8.108,9.054406806116717,946.4068061167161
127.53,8.108,9.054353724378142,946.3537243781417
127.54,8.107,9.054300642639568,947.3006426395684
127.55,8.107,9.054247560900993,947.247560900994
127.56,8.107,9.054194479162419,947.1944791624196
127.57,8.107,9.054182492220415,947.1824922204153
127.58,8.107,9.054236222745976,947.2362227459765
127.59,8.107,9.054289953271537,947.2899532715378
127.6,8.107,9.054343683797098,947.343683797099
127.61,8.107,9.05439741432266,947.3974143226602
127.62,8.107,9.05445114484822,947.4511448482215
127.63,8.107,9.054437236725052,947.4372367250528
127.64,8.107,9.054384169500418,947.3841695004186
127.65,8.107,9.054331102275784,947.3311022757845
127.66,8.107,9.054278035051151,947.2780350511521
127.67,8.107,9.054224967826517,947.2249678265179
127.68,8.107,9.054171900601883,947.1719006018837
127.69,8.106,9.054213006295639,948.2130062956387
127.7,8.106,9.05426671962416,948.2667196241597
127.71,8.106,9.054320432952679,948.3204329526789
127.72,8.107,9.0543741462812,947.3741462812004
127.73,8.107,9.05442785960972,947.4278596097214
127.74,8.108,9.05446763725887,946.4676372588699
127.75,8.108,9.054414584184737,946.4145841847369
127.76,8.108,9.054361531110606,946.3615311106057
127.77,8.108,9.054308478036475,946.3084780364745
127.78,8.109,9.054255424962342,945.2554249623422
127.79,8.109,9.054202371888211,945.202371888211
127.8,8.109,9.054189791413522,945.1897914135224
127.81,8.11,9.054243492283451,944.2434922834515
127.82,8.11,9.05429719315338,944.2971931533801
127.83,8.111,9.054350894023308,943.3508940233075
127.84,8.111,9.054404594893237,943.4045948932361
127.85,8.111,9.054458295763164,943.4582957631629
127.86,8.111,9.054444994564758,943.4449945647572
127.87,8.112,9.054391955951525,942.3919559515248
127.88,8.111,9.054338917338292,943.3389173382914
127.89,8.112,9.054285878725059,942.285878725059
127.9,8.111,9.054232840111826,943.2328401118255
127.91,8.111,9.054179801498595,943.1798014985943
127.92,8.111,9.054220285361422,943.2202853614218
127.93,8.112,9.054273969634979,942.2739696349787
127.94,8.112,9.054327653908535,942.327653908535
127.95,8.112,9.054381338182091,942.3813381820913
127.96,8.113,9.054435022455648,941.4350224556482
127.97,8.113,9.054475378085362,941.4753780853626
127.98,8.113,9.054422353650404,941.4223536504043
127.99,8.114,9.054369329215445,940.3693292154447
128.0,8.114,9.054316304780487,940.3163047804863
128.01,8.115,9.054263280345529,939.2632803455285
128.02,8.115,9.05421025591057,939.2102559105701
128.03,8.115,9.054197082576918,939.1970825769179
128.04,8.115,9.054250753882911,939.2507538829111
128.05,8.115,9.054304425188906,939.3044251889062
128.06,8.115,9.054358096494902,939.3580964949014
128.07,8.115,9.054411767800897,939.4117678008964
128.08,8.115,9.05446543910689,939.4654391068898
128.09,8.115,9.054452744203171,939.4527442031713
128.1,8.116,9.054399734185228,938.3997341852286
128.11,8.116,9.054346724167285,938.3467241672854
128.12,8.116,9.054293714149342,938.2937141493421
128.13,8.117,9.054240704131399,937.2407041313977
128.14,8.117,9.054187694113455,937.1876941134544
128.15,8.117,9.05422755675648,937.2275567564792
128.16,8.117,9.054281211935164,937.2812119351632
128.17,8.118,9.054334867113846,936.334867113846
128.18,8.118,9.05438852229253,936.3885222925301
128.19,8.12,9.054442177471214,934.4421774712152
128.2,8.12,9.054483110395184,934.4831103951847
128.21,8.12,9.054430114575148,934.4301145751483
128.22,8.12,9.05437711875511,934.3771187551102
128.23,8.12,9.054324122935073,934.3241229350738
128.24,8.12,9.054271127115035,934.2711271150357
128.25,8.121,9.054218131294999,933.2181312949981
128.26,8.122,9.05420436576936,932.2043657693602
128.27,8.122,9.054258007588409,932.2580075884091
128.28,8.123,9.054311649407456,931.3116494074567
128.29,8.123,9.054365291226503,931.3652912265038
128.3,8.124,9.054418933045552,930.4189330455515
128.31,8.125,9.054472574864599,929.4725748645991
128.32,8.125,9.05446048562117,929.4604856211706
128.33,8.126,9.054407504181599,928.4075041815995
128.34,8.126,9.054354522742026,928.3545227420262
128.35,8.128,9.054301541302452,926.3015413024523
128.36,8.128,9.05424855986288,926.2485598628807
128.37,8.128,9.054195578423307,926.1955784233073
128.38,8.129,9.054234820469258,925.2348204692585
128.39,8.13,9.054288446526236,924.2884465262354
128.4,8.131,9.054342072583214,923.342072583214
128.41,8.132,9.054395698640192,922.3956986401927
128.42,8.132,9.05444932469717,922.4493246971708
128.43,8.133,9.054490834240509,921.4908342405099
128.44,8.134,9.054437867011986,920.4378670119855
128.45,8.135,9.054384899783463,919.3848997834629
128.46,8.135,9.05433193255494,919.3319325549396
128.47,8.136,9.054278965326414,918.2789653264151
128.48,8.137,9.054225998097891,917.2259980978907
128.49,8.138,9.054211641041793,916.2116410417926
128.5,8.138,9.054265253439047,916.2652534390468
128.51,8.139,9.054318865836299,915.3188658362997
128.52,8.14,9.054372478233551,914.3724782335507
128.53,8.141,9.054426090630804,913.4260906308036
128.54,8.142,9.054479703028056,912.4797030280565
128.55,8.142,9.054468218807102,912.4682188071027
128.56,8.141,9.054415265928332,913.4152659283324
128.57,8.141,9.054362313049563,913.3623130495625
128.58,8.141,9.054309360170793,913.3093601707926
128.59,8.141,9.054256407292023,913.2564072920228
128.6,8.142,9.054203454413255,912.2034544132554
128.61,8.142,9.054242076493932,912.242076493932
128.62,8.142,9.05429567341284,912.2956734128404
128.63,8.142,9.054349270331747,912.3492703317471
128.64,8.142,9.054402867250653,912.4028672506537
128.65,8.143,9.054456464169562,911.4564641695608
128.66,8.143,9.054498549666736,911.4985496667351
128.67,8.143,9.05444561100701,911.445611007009
128.68,8.143,9.054392672347285,911.3926723472847
128.69,8.143,9.054339733687561,911.3397336875604
128.7,8.143,9.054286795027837,911.2867950278361
128.71,8.143,9.054233856368112,911.2338563681117
128.72,8.143,9.05421890843865,911.2189084386487
128.73,8.143,9.054272491469781,911.2724914697808
128.74,8.143,9.054326074500912,911.3260745009111
128.75,8.144,9.054379657532044,910.3796575320438
128.76,8.145,9.054433240563174,909.4332405631746
128.77,8.144,9.054486823594306,910.4868235943062
128.78,8.144,9.054475943755351,910.4759437553512
128.79,8.143,9.054423019419307,911.4230194193062
128.8,8.143,9.054370095083263,911.370095083262
128.81,8.142,9.05431717074722,912.3171707472206
128.82,8.142,9.054264246411176,912.2642464111764
128.83,8.142,9.054211322075131,912.211322075132
128.84,8.142,9.05424932482936,912.2493248293608
128.85,8.142,9.054302892602168,912.3028926021685
128.86,8.142,9.054356460374976,912.3564603749763
128.87,8.142,9.054410028147784,912.410028147784
128.88,8.143,9.054463595920591,911.4635959205906
128.89,8.142,9.054506256713713,912.5062567137139
128.9,8.142,9.05445334660065,912.4533466006496
128.91,8.142,9.054400436487583,912.4004364875838
128.92,8.142,9.054347526374517,912.3475263745178
128.93,8.142,9.054294616261451,912.2946162614518
128.94,8.143,9.054241706148387,911.2417061483864
128.95,8.143,9.054226167999058,911.2261679990575
128.96,8.143,9.05427972171219,911.279721712189
128.97,8.143,9.054333275425321,911.3332754253207
128.98,8.143,9.054386829138453,911.3868291384524
128.99,8.143,9.054440382851586,911.4403828515858
129.0,8.143,9.054493936564718,911.4939365647174
129.01,8.143,9.054483660465268,911.483660465267
129.02,8.143,9.054430764653466,911.4307646534652
129.03,8.144,9.054377868841666,910.3778688416658
129.04,8.144,9.054324973029866,910.3249730298658
129.05,8.146,9.054272077218064,908.2720772180633
129.06,8.148,9.054219181406264,906.2191814062644
129.07,8.15,9.054256565478234,904.2565654782333
129.08,8.153,9.054310104103513,901.3101041035121
129.09,8.153,9.054363642728791,901.363642728791
129.1,8.153,9.05441718135407,901.41718135407
129.11,8.153,9.054470719979351,901.4707199793506
129.12,8.154,9.054513955416782,900.5139554167822
129.13,8.156,9.054461073828707,898.461073828706
129.14,8.157,9.05440819224063,897.4081922406292
129.15,8.159,9.054355310652554,895.3553106525529
129.16,8.16,9.054302429064476,894.3024290644761
129.17,8.16,9.0542495474764,894.2495474764005
129.18,8.16,9.054233419757757,894.2334197577572
129.19,8.161,9.05428694419502,893.2869441950206
129.2,8.161,9.054340468632283,893.3404686322834
129.21,8.161,9.054393993069546,893.3939930695462
129.22,8.162,9.05444751750681,892.4475175068096
129.23,8.162,9.054501041944073,892.5010419440724
129.24,8.163,9.054491368940134,891.4913689401338
129.25,8.163,9.054438501633784,891.4385016337842
129.26,8.163,9.054385634327433,891.3856343274329
129.27,8.163,9.054332767021084,891.3327670210833
129.28,8.164,9.054279899714732,890.2798997147326
129.29,8.164,9.054227032408383,890.2270324083829
129.3,8.164,9.054263798446328,890.2637984463287
129.31,8.165,9.05431730792785,889.3173079278505
129.32,8.165,9.05437081740937,889.3708174093717
129.33,8.165,9.054424326890892,889.424326890893
129.34,8.165,9.054477836372413,889.4778363724142
129.35,8.165,9.054521645807613,889.5216458076138
129.36,8.165,9.054468792723245,889.4687927232461
129.37,8.166,9.054415939638877,888.4159396388771
129.38,8.166,9.05436308655451,888.3630865545093
129.39,8.166,9.054310233470142,888.3102334701416
129.4,8.166,9.054257380385774,888.2573803857738
129.41,8.167,9.054240663745942,887.240663745942
129.42,8.169,9.054294158944735,885.2941589447347
129.43,8.17,9.05434765414353,884.3476541435305
129.44,8.172,9.054401149342326,882.401149342325
129.45,8.172,9.054454644541119,882.4546445411183
129.46,8.173,9.054508139739914,881.508139739914
129.47,8.173,9.05449906918644,881.4990691864396
129.48,8.173,9.05444623036651,881.4462303665102
129.49,8.172,9.054393391546581,882.3933915465805
129.5,8.172,9.05434055272665,882.3405527266494
129.51,8.171,9.05428771390672,883.2877139067215
129.52,8.171,9.054234875086792,883.2348750867923
129.53,8.17,9.054271023741935,884.2710237419346
129.54,8.17,9.054324504087534,884.3245040875338
129.55,8.169,9.054377984433133,885.3779844331324
129.56,8.169,9.054431464778732,885.4314647787315
129.57,8.168,9.054484945124331,886.484945124332
129.58,8.168,9.054529327914928,886.5293279149284
129.59,8.167,9.054476503313305,887.4765033133052
129.6,8.167,9.054423678711684,887.4236787116843
129.61,8.166,9.054370854110063,888.3708541100627
129.62,8.166,9.05431802950844,888.3180295084401
129.63,8.167,9.05426520490682,887.2652049068197
129.64,8.168,9.054247899991905,886.2478999919059
129.65,8.169,9.054301365985912,885.301365985912
129.66,8.169,9.05435483197992,885.3548319799191
129.67,8.168,9.054408297973927,886.4082979739276
129.68,8.168,9.054461763967936,886.4617639679366
129.69,8.167,9.054515229961943,887.5152299619433
129.7,8.168,9.054506761213178,886.5067612131785
129.71,8.169,9.054453950860465,885.4539508604641
129.72,8.17,9.05440114050775,884.4011405077499
129.73,8.171,9.054348330155035,883.3483301550356
129.74,8.171,9.05429551980232,883.2955198023207
129.75,8.17,9.054242709449605,884.2427094496053
129.76,8.17,9.054278241375314,884.2782413753146
129.77,8.17,9.054331692595994,884.3316925959944
129.78,8.168,9.054385143816674,886.3851438166748
129.79,8.167,9.054438595037354,887.438595037354
129.8,8.167,9.054492046258034,887.4920462580338
129.81,8.167,9.054537001765075,887.5370017650753
129.82,8.167,9.054484205625505,887.4842056255047
129.83,8.166,9.054431409485934,888.4314094859338
129.84,8.166,9.054378613346364,888.3786133463634
129.85,8.166,9.054325817206793,888.325817206793
129.86,8.167,9.054273021067221,887.2730210672213
129.87,8.167,9.054255128521632,887.2551285216322
129.88,8.167,9.05430856534162,887.3085653416197
129.89,8.167,9.054362002161607,887.3620021616073
129.9,8.167,9.054415438981595,887.4154389815949
129.91,8.167,9.054468875801582,887.4688758015825
129.92,8.167,9.05452231262157,887.5223126215701
129.93,8.167,9.054514445031348,887.5144450313481
129.94,8.167,9.054461663126515,887.4616631265155
129.95,8.167,9.054408881221683,887.4088812216829
129.96,8.167,9.054356099316852,887.3560993168521
129.97,8.167,9.05430331741202,887.3033174120195
129.98,8.167,9.054250535507187,887.2505355071869
129.99,8.167,9.054285451358322,887.2854513583217
130.0,8.167,9.05433887346753,887.3388734675309
130.01,8.167,9.05439229557674,887.3922955767401
130.02,8.167,9.054445717685951,887.4457176859512
130.03,8.167,9.05449913979516,887.4991397951603
130.04,8.168,9.054544667382508,886.544667382509
130.05,8.168,9.054491899684512,886.491899684513
130.06,8.168,9.054439131986515,886.4391319865152
130.07,8.169,9.054386364288519,885.386364288518
130.08,8.169,9.05433359659052,885.3335965905203
130.09,8.17,9.054280828892525,884.2808288925248
130.1,8.171,9.054262349359211,883.262349359212
130.11,8.172,9.054315757033672,882.3157570336715
130.12,8.172,9.054369164708133,882.3691647081322
130.13,8.173,9.054422572382594,881.4225723825934
130.14,8.174,9.054475980057054,880.4759800570547
130.15,8.175,9.054529387731515,879.5293877315142
130.16,8.175,9.054522120653488,879.5221206534869
130.17,8.177,9.054469367177118,877.4693671771186
130.18,8.177,9.054416613700747,877.4166137007473
130.19,8.178,9.054363860224376,876.3638602243749
130.2,8.179,9.054311106748006,875.311106748006
130.21,8.18,9.054258353271635,874.2583532716353
130.22,8.181,9.054292653704028,873.2926537040289
130.23,8.182,9.054346046717097,872.3460467170962
130.24,8.183,9.054399439730165,871.3994397301655
130.25,8.184,9.054452832743232,870.4528327432329
130.26,8.185,9.0545062257563,869.5062257563002
130.27,8.186,9.054552324790155,868.552324790155
130.28,8.187,9.054499585513442,867.4995855134426
130.29,8.188,9.05444684623673,866.4468462367286
130.3,8.188,9.054394106960014,866.3941069600138
130.31,8.189,9.054341367683302,865.3413676833015
130.32,8.191,9.054288628406587,863.2886284065862
130.33,8.192,9.054269562527244,862.2695625272438
130.34,8.193,9.054322941082901,861.3229410829017
130.35,8.194,9.054376319638559,860.3763196385579
130.36,8.194,9.054429698194218,860.429698194217
130.37,8.194,9.054483076749875,860.4830767498744
130.38,8.195,9.054536455305533,859.5364553055323
130.39,8.195,9.05452978809336,859.5297880933597
130.4,8.196,9.054477063025972,858.4770630259726
130.41,8.196,9.054424337958586,858.4243379585868
130.42,8.196,9.0543716128912,858.3716128912009
130.43,8.197,9.054318887823815,857.3188878238157
130.44,8.197,9.054266162756429,857.2661627564297
130.45,8.197,9.054299848426481,857.2998484264822
130.46,8.197,9.054353212360171,857.3532123601719
130.47,8.198,9.054406576293859,856.4065762938586
130.48,8.198,9.054459940227549,856.4599402275484
130.49,8.198,9.054513304161238,856.513304161238
130.5,8.198,9.05455997400975,856.55997400975
130.51,8.197,9.054507263134182,857.507263134183
130.52,8.197,9.054454552258616,857.4545522586163
130.53,8.196,9.054401841383049,858.4018413830493
130.54,8.196,9.054349130507482,858.3491305074826
130.55,8.195,9.054296419631916,859.2964196319155
130.56,8.195,9.054276768047123,859.2767680471222
130.57,8.195,9.054330117509327,859.3301175093267
130.58,8.194,9.05438346697153,860.3834669715287
130.59,8.194,9.054436816433734,860.436816433733
130.6,8.195,9.054490165895938,859.4901658959379
130.61,8.196,9.054543515358143,858.5435153581429
130.62,8.195,9.054537447365641,859.537447365641
130.63,8.195,9.054484750687733,859.4847506877326
130.64,8.194,9.054432054009826,860.4320540098254
130.65,8.194,9.054379357331918,860.3793573319169
130.66,8.193,9.05432666065401,861.3266606540097
130.67,8.193,9.054273963976101,861.2739639761013
130.68,8.192,9.054307035540477,862.3070355404767
130.69,8.192,9.05436037041263,862.3603704126292
130.7,8.191,9.054413705284782,863.4137052847813
130.71,8.191,9.054467040156934,863.4670401569338
130.72,8.19,9.054520375029089,864.5203750290893
130.73,8.19,9.054567615062057,864.5676150620574
130.74,8.189,9.054514932567635,865.5149325676348
130.75,8.189,9.054462250073213,865.4622500732128
130.76,8.19,9.054409567578793,864.409567578793
130.77,8.191,9.05435688508437,863.3568850843698
130.78,8.192,9.054304202589949,862.3042025899483
130.79,8.193,9.054283965939286,861.2839659392862
130.8,8.192,9.054337286332323,862.3372863323233
130.81,8.192,9.05439060672536,862.3906067253592
130.82,8.191,9.054443927118397,863.4439271183965
130.83,8.191,9.054497247511435,863.4972475114342
130.84,8.19,9.054550567904473,864.5505679044732
130.85,8.19,9.054545098485738,864.5450984857383
130.86,8.189,9.054492430177786,865.4924301777864
130.87,8.189,9.054439761869837,865.4397618698368
130.88,8.188,9.054387093561886,866.387093561885
130.89,8.188,9.054334425253936,866.3344252539354
130.9,8.188,9.054281756945985,866.281756945984
130.91,8.187,9.054314215061362,867.3142150613628
130.92,8.187,9.054367520890635,867.3675208906353
130.93,8.186,9.054420826719905,868.4208267199053
130.94,8.187,9.054474132549178,867.4741325491784
130.95,8.188,9.054527438378448,866.5274383784479
130.96,8.187,9.054575247967087,867.5752479670873
130.97,8.187,9.054522593833925,867.5225938339253
130.98,8.186,9.054469939700763,868.4699397007627
130.99,8.186,9.054417285567599,868.4172855675989
131.0,8.186,9.054364631434437,868.3646314344369
131.01,8.186,9.054311977301275,868.3119773012749
131.02,8.185,9.054291156223409,869.291156223408
131.03,8.185,9.054344447570742,869.3444475707413
131.04,8.185,9.054397738918075,869.3977389180745
131.05,8.185,9.054451030265408,869.4510302654077
131.06,8.185,9.054504321612741,869.5043216127409
131.07,8.186,9.054557612960075,868.5576129600747
131.08,8.188,9.054552741469568,866.5527414695671
131.09,8.188,9.05450010151206,866.5001015120595
131.1,8.188,9.054447461554552,866.4474615545519
131.11,8.188,9.054394821597045,866.3948215970443
131.12,8.188,9.054342181639537,866.3421816395366
131.13,8.188,9.05428954168203,866.289541682029
131.14,8.188,9.054321387004928,866.3213870049269
131.15,8.188,9.054374663810572,866.3746638105714
131.16,8.189,9.054427940616216,865.4279406162165
131.17,8.188,9.054481217421861,866.4812174218604
131.18,8.188,9.054534494227505,866.5344942275049
131.19,8.187,9.054582872744252,867.5828727442525
131.2,8.187,9.054530246952563,867.5302469525636
131.21,8.186,9.054477621160872,868.4776211608724
131.22,8.186,9.054424995369182,868.4249953691818
131.23,8.185,9.054372369577493,869.3723695774925
131.24,8.184,9.054319743785802,870.319743785803
131.25,8.184,9.054298338918553,870.2983389185537
131.26,8.183,9.054351601243004,871.3516012430044
131.27,8.183,9.054404863567457,871.4048635674576
131.28,8.183,9.05445812589191,871.4581258919108
131.29,8.182,9.054511388216364,872.5113882163633
131.3,8.181,9.054564650540815,873.5646505408159
131.31,8.181,9.054560376333441,873.560376333442
131.32,8.18,9.054507764706875,874.507764706875
131.33,8.18,9.05445515308031,874.4551530803104
131.34,8.179,9.054402541453745,875.4025414537452
131.35,8.179,9.054349929827179,875.3499298271787
131.36,8.179,9.054297318200614,875.2973182006141
131.37,8.18,9.054328551387245,874.3285513872454
131.38,8.18,9.054381799188956,874.3817991889564
131.39,8.18,9.054435046990665,874.4350469906657
131.4,8.18,9.054488294792376,874.4882947923767
131.41,8.18,9.054541542594087,874.5415425940877
131.42,8.181,9.054590489412464,873.5904894124644
131.43,8.181,9.054537891942552,873.5378919425525
131.44,8.182,9.05448529447264,872.4852944726393
131.45,8.182,9.05443269700273,872.4326970027291
131.46,8.182,9.054380099532818,872.3800995328172
131.47,8.182,9.054327502062906,872.3275020629053
131.48,8.182,9.054305514043293,872.3055140432923
131.49,8.182,9.054358747367194,872.3587473671942
131.5,8.182,9.054411980691095,872.4119806910942
131.51,8.183,9.054465214014995,871.4652140149948
131.52,8.182,9.054518447338896,872.5184473388961
131.53,8.182,9.054571680662796,872.5716806627961
131.54,8.182,9.054568003093955,872.5680030939546
131.55,8.182,9.054515419778859,872.5154197788587
131.56,8.182,9.054462836463761,872.462836463761
131.57,8.183,9.054410253148665,871.4102531486656
131.58,8.183,9.05435766983357,871.3576698335696
131.59,8.183,9.054305086518472,871.305086518472
131.6,8.184,9.054335708224643,870.3357082246441
131.61,8.184,9.054388927042424,870.3889270424252
131.62,8.184,9.054442145860207,870.442145860208
131.63,8.185,9.054495364677988,869.4953646779879
131.64,8.185,9.05454858349577,869.548583495769
131.65,8.187,9.054598097990267,867.5980979902675
131.66,8.188,9.054545528822521,866.5455288225203
131.67,8.188,9.054492959654773,866.4929596547726
131.68,8.188,9.054440390487027,866.4403904870265
131.69,8.188,9.054387821319281,866.3878213192806
131.7,8.188,9.054335252151535,866.3352521515346
131.71,8.189,9.054312681615821,865.312681615821
131.72,8.189,9.054365885961111,865.3658859611113
131.73,8.189,9.0544190903064,865.4190903063999
131.74,8.191,9.05447229465169,863.4722946516895
131.75,8.193,9.054525498996979,861.5254989969792
131.76,8.194,9.054578703342269,860.5787033422682
131.77,8.194,9.054575621767903,860.5756217679019
131.78,8.195,9.054523066744832,859.5230667448312
131.79,8.195,9.054470511721762,859.4705117217618
131.8,8.195,9.054417956698693,859.4179566986924
131.81,8.196,9.054365401675621,858.3654016756217
131.82,8.196,9.054312846652552,858.3128466525523
131.83,8.196,9.05434285753358,858.3428575335805
131.84,8.196,9.05439604738766,858.3960473876608
131.85,8.196,9.05444923724174,858.4492372417394
131.86,8.197,9.054502427095818,857.5024270958185
131.87,8.197,9.054555616949898,857.5556169498988
131.88,8.197,9.054605698495887,857.6056984958882
131.89,8.197,9.05455315761077,857.55315761077
131.9,8.197,9.05450061672565,857.50061672565
131.91,8.197,9.054448075840531,857.4480758405318
131.92,8.198,9.054395534955411,856.3955349554107
131.93,8.198,9.054342994070293,856.3429940702924
131.94,8.198,9.054319841654012,856.3198416540114
131.95,8.198,9.054373017042327,856.3730170423263
131.96,8.198,9.054426192430643,856.4261924306429
131.97,8.198,9.05447936781896,856.4793678189595
131.98,8.198,9.054532543207277,856.5325432072761
131.99,8.198,9.054585718595591,856.585718595591
132.0,8.199,9.054583232372217,855.5832323722168
132.01,8.198,9.054530705621769,856.5307056217683
132.02,8.198,9.054478178871321,856.4781788713206
132.03,8.197,9.054425652120873,857.4256521208738
132.04,8.196,9.054373125370425,858.3731253704254
132.05,8.196,9.054320598619977,858.3205986199775
132.06,8.196,9.054349999330636,858.3499993306365
132.07,8.195,9.054403160241385,859.403160241385
132.08,8.195,9.054456321152134,859.456321152134
132.09,8.195,9.054509482062885,859.5094820628848
132.1,8.195,9.054562642973634,859.5626429736338
132.11,8.195,9.054613290947307,859.6132909473066
132.12,8.195,9.054560778325346,859.5607783253456
132.13,8.195,9.054508265703387,859.5082657033863
132.14,8.195,9.054455753081426,859.4557530814253
132.15,8.195,9.054403240459466,859.403240459466
132.16,8.195,9.054350727837505,859.350727837505
132.17,8.195,9.05432699417548,859.3269941754791
132.18,8.195,9.054380140628218,859.3801406282182
132.19,8.195,9.054433287080956,859.4332870809556
132.2,8.195,9.054486433533693,859.4864335336929
132.21,8.195,9.05453957998643,859.5395799864302
132.22,8.195,9.054592726439168,859.5927264391676
132.23,8.195,9.054590834923898,859.5908349238979
132.24,8.195,9.054538336426711,859.5383364267111
132.25,8.195,9.054485837929523,859.4858379295225
132.26,8.195,9.054433339432334,859.4333394323339
132.27,8.195,9.054380840935147,859.3808409351471
132.28,8.195,9.054328342437959,859.3283424379586
132.29,8.195,9.05435713363243,859.3571336324306
132.3,8.195,9.054410265620318,859.4102656203173
132.31,8.195,9.054463397608204,859.463397608204
132.32,8.195,9.054516529596091,859.5165295960907
132.33,8.195,9.054569661583978,859.5696615839774
132.34,8.194,9.054620875362287,860.6208753622866
132.35,8.194,9.054568390984084,860.5683909840831
132.36,8.194,9.05451590660588,860.5159066058796
132.37,8.194,9.054463422227677,860.4634222276761
132.38,8.194,9.054410937849475,860.4109378494744
132.39,8.194,9.054358453471272,860.3584534712709
132.4,8.193,9.054334139197632,861.3341391976323
132.41,8.193,9.054387256735994,861.3872567359948
132.42,8.193,9.054440374274357,861.4403742743573
132.43,8.193,9.054493491812721,861.4934918127215
132.44,8.193,9.054546609351084,861.5466093510839
132.45,8.193,9.054599726889446,861.5997268894464
132.46,8.193,9.054598429440011,861.5984294400114
132.47,8.192,9.054545959176766,862.5459591767655
132.48,8.192,9.054493488913522,862.4934889135218
132.49,8.191,9.054441018650277,863.4410186502759
132.5,8.19,9.054388548387033,864.3885483870336
132.51,8.189,9.054336078123788,865.3360781237875
132.52,8.189,9.054364260455637,865.3642604556371
132.53,8.188,9.05441736354118,866.4173635411796
132.54,8.189,9.054470466626723,865.4704666267232
132.55,8.188,9.054523569712266,866.5235697122657
132.56,8.188,9.05457667279781,866.5766727978088
132.57,8.188,9.054628451758434,866.6284517584337
132.58,8.188,9.05457599560465,866.5759956046486
132.59,8.189,9.054523539450864,865.5235394508641
132.6,8.189,9.054471083297079,865.4710832970788
132.61,8.189,9.054418627143292,865.418627143292
132.62,8.189,9.054366170989507,865.3661709895068
132.63,8.189,9.054341276737706,865.3412767377056
132.64,8.19,9.054394365382738,864.3943653827382
132.65,8.19,9.054447454027768,864.4474540277685
132.66,8.19,9.0545005426728,864.5005426728005
132.67,8.19,9.05455363131783,864.5536313178308
132.68,8.189,9.05460671996286,865.6067199628606
132.69,8.19,9.05460601593762,864.6060159376212
132.7,8.19,9.054553573889049,864.5535738890491
132.71,8.191,9.054501131840476,863.5011318404758
132.72,8.191,9.054448689791904,863.4486897919036
132.73,8.191,9.054396247743332,863.3962477433315
132.74,8.191,9.05434380569476,863.3438056947593
132.75,8.192,9.054371379816907,862.3713798169064
132.76,8.192,9.05442445402065,862.4244540206494
132.77,8.191,9.05447752822439,863.4775282243901
132.78,8.191,9.054530602428134,863.5306024281331
132.79,8.191,9.054583676631875,863.5836766318743
132.8,8.191,9.05463602015319,863.636020153189
132.81,8.192,9.054583592204544,862.583592204544
132.82,8.192,9.054531164255897,862.5311642558966
132.83,8.192,9.054478736307251,862.478736307251
132.84,8.192,9.054426308358606,862.4263083586054
132.85,8.193,9.054373880409958,861.3738804099587
132.86,8.193,9.054348406812778,861.3484068127785
132.87,8.193,9.05440146658539,861.4014665853897
132.88,8.194,9.054454526358,860.4545263579997
132.89,8.194,9.054507586130612,860.5075861306109
132.9,8.194,9.054560645903223,860.560645903222
132.91,8.195,9.054613705675834,859.6137056758337
132.92,8.195,9.054613594433786,859.6135944337852
132.93,8.195,9.054561180580665,859.5611805806644
132.94,8.195,9.054508766727544,859.5087667275436
132.95,8.195,9.054456352874423,859.4563528744228
132.96,8.196,9.054403939021302,858.4039390213026
132.97,8.196,9.054351525168181,858.3515251681818
132.98,8.196,9.054378491732889,858.3784917328892
132.99,8.195,9.054431537075374,859.4315370753734
133.0,8.195,9.054484582417858,859.4845824178581
133.01,8.196,9.054537627760343,858.5376277603434
133.02,8.196,9.054590673102828,858.5906731028281
133.03,8.198,9.054643580563878,856.6435805638779
133.04,8.199,9.05459118080115,855.5911808011505
133.05,8.199,9.054538781038422,855.5387810384225
133.06,8.2,9.054486381275694,854.4863812756951
133.07,8.201,9.054433981512966,853.4339815129659
133.08,8.202,9.054381581750237,852.3815817502367
133.09,8.203,9.054355529439798,851.3555294397985
133.1,8.203,9.05440856036079,851.4085603607899
133.11,8.204,9.05446159128178,850.4615912817801
133.12,8.205,9.05451462220277,849.5146222027703
133.13,8.205,9.054567653123762,849.5676531237617
133.14,8.206,9.054620684044753,848.6206840447537
133.15,8.206,9.05462116494554,848.6211649455413
133.16,8.207,9.054568779268699,847.5687792686983
133.17,8.208,9.05451639359186,846.5163935918589
133.18,8.209,9.054464007915017,845.4640079150178
133.19,8.21,9.054411622238176,844.4116222381748
133.2,8.21,9.054359236561336,844.3592365613348
133.21,8.211,9.054385596220197,843.3855962201964
133.22,8.212,9.05443861272195,842.438612721951
133.23,8.212,9.054491629223705,842.491629223705
133.24,8.213,9.054544645725459,841.5446457254596
133.25,8.214,9.054597662227211,840.5976622272107
133.26,8.215,9.054650678728965,839.6506787289652
133.27,8.216,9.054598761411723,838.5987614117241
133.28,8.216,9.054546389815751,838.5463898157521
133.29,8.217,9.05449401821978,837.494018219779
133.3,8.217,9.054441646623808,837.4416466238071
133.31,8.218,9.054389275027836,836.3892750278357
133.32,8.219,9.054362644635603,835.3626446356035
133.33,8.22,9.054415646725676,834.4156467256756
133.34,8.22,9.05446864881575,834.4686488157489
133.35,8.221,9.054521650905825,833.5216509058246
133.36,8.221,9.054574652995898,833.5746529958978
133.37,8.222,9.054627655085971,832.6276550859717
133.38,8.222,9.054628727489886,832.6287274898867
133.39,8.222,9.054576369970206,832.5763699702069
133.4,8.222,9.054524012450525,832.5240124505253
133.41,8.222,9.054471654930843,832.4716549308438
133.42,8.222,9.054419297411163,832.4192974111639
133.43,8.222,9.054366939891482,832.3669398914824
133.44,8.222,9.054392693295412,832.3926932954126
133.45,8.222,9.054445680976936,832.445680976937
133.46,8.221,9.05449866865846,833.4986686584607
133.47,8.221,9.054551656339983,833.5516563399832
133.48,8.22,9.054604644021508,834.6046440215069
133.49,8.219,9.05465763170303,835.6576317030307
133.5,8.218,9.054606334053444,836.6063340534442
133.51,8.217,9.05455399060512,837.5539906051195
133.52,8.216,9.054501647156796,838.5016471567965
133.53,8.216,9.054449303708472,838.4493037084724
133.54,8.215,9.05439696026015,839.3969602601494
133.55,8.215,9.054369752416939,839.369752416939
133.56,8.215,9.05442272569671,839.4227256967106
133.57,8.215,9.054475698976482,839.4756989764822
133.58,8.215,9.054528672256254,839.5286722562538
133.59,8.214,9.054581645536025,840.5816455360249
133.6,8.214,9.054634618815797,840.6346188157964
133.61,8.214,9.054636282083782,840.636282083782
133.62,8.214,9.054583952702194,840.5839527021932
133.63,8.214,9.054531623320603,840.5316233206026
133.64,8.214,9.054479293939012,840.479293939012
133.65,8.214,9.054426964557422,840.4269645574213
133.66,8.214,9.054374635175831,840.3746351758308
133.67,8.214,9.054399782975068,840.3997829750675
133.68,8.214,9.054452741856826,840.4527418568257
133.69,8.214,9.05450570073858,840.5057007385803
133.7,8.214,9.054558659620337,840.5586596203367
133.71,8.214,9.054611618502094,840.611618502093
133.72,8.214,9.05466457738385,840.6645773838495
133.73,8.214,9.054613898743373,840.6138987433725
133.74,8.214,9.054561583423647,840.5615834236464
133.75,8.215,9.054509268103919,839.5092681039191
133.76,8.216,9.054456952784193,838.4569527841936
133.77,8.216,9.054404637464465,838.4046374644658
133.78,8.217,9.054376852800447,837.3768528004462
133.79,8.217,9.054429797290451,837.4297972904508
133.8,8.218,9.054482741780456,836.4827417804559
133.81,8.218,9.05453568627046,836.5356862704605
133.82,8.218,9.054588630760465,836.5886307604651
133.83,8.218,9.05464157525047,836.6415752504697
133.84,8.219,9.054643828744126,835.6438287441268
133.85,8.219,9.054591527481609,835.5915274816094
133.86,8.219,9.054539226219093,835.539226219094
133.87,8.219,9.054486924956576,835.4869249565766
133.88,8.219,9.054434623694059,835.4346236940593
133.89,8.219,9.054382322431543,835.3823224315438
133.9,8.22,9.054406865275638,834.4068652756373
133.91,8.221,9.054459795378047,833.4597953780474
133.92,8.22,9.054512725480459,834.5127254804581
133.93,8.22,9.054565655582868,834.5656555828675
133.94,8.22,9.054618585685278,834.618585685277
133.95,8.22,9.054671515787687,834.6715157876865
133.96,8.22,9.054621455498493,834.6214554984925
133.97,8.22,9.054569168288365,834.5691682883647
133.98,8.221,9.054516881078236,833.5168810782357
133.99,8.221,9.054464593868108,833.4645938681078
134.0,8.221,9.05441230665798,833.4123066579799
134.01,8.222,9.054383945802684,832.3839458026843
134.02,8.222,9.054436861523385,832.4368615233855
134.03,8.222,9.054489777244088,832.4897772440885
134.04,8.222,9.05454269296479,832.5426929647897
134.05,8.222,9.05459560868549,832.5956086854909
134.06,8.221,9.054648524406193,833.6485244061932
134.07,8.22,9.054651367487768,834.6513674877674
134.08,8.219,9.05459909432536,835.5990943253602
134.09,8.219,9.054546821162951,835.5468211629518
134.1,8.218,9.054494548000543,836.4945480005427
134.11,8.217,9.054442274838134,837.4422748381338
134.12,8.217,9.054390001675726,837.3900016757254
134.13,8.217,9.054413940213548,837.4139402135477
134.14,8.216,9.054466841556984,838.4668415569845
134.15,8.215,9.05451974290042,839.5197429004195
134.16,8.214,9.054572644243855,840.5726442438546
134.17,8.214,9.054625545587292,840.625545587292
134.18,8.213,9.054678446930728,841.6784469307288
134.19,8.212,9.054629004335705,842.6290043357056
134.2,8.212,9.054576745216233,842.5767452162329
134.21,8.212,9.054524486096762,842.524486096762
134.22,8.212,9.054472226977289,842.4722269772893
134.23,8.211,9.054419967857818,843.4199678578178
134.24,8.211,9.054391031440131,843.391031440131
134.25,8.21,9.054443918411925,844.4439184119243
134.26,8.21,9.054496805383717,844.4968053837165
134.27,8.21,9.05454969235551,844.5496923555087
134.28,8.21,9.054602579327304,844.6025793273027
134.29,8.209,9.054655466299096,845.655466299096
134.3,8.208,9.05465889833149,846.6588983314907
134.31,8.208,9.054606653250278,846.6066532502783
134.32,8.209,9.054554408169066,845.5544081690665
134.33,8.208,9.054502163087854,846.5021630878535
134.34,8.209,9.05444991800664,845.4499180066399
134.35,8.209,9.054397672925427,845.3976729254275
134.36,8.209,9.054421007805157,845.4210078051574
134.37,8.209,9.054473880409942,845.4738804099425
134.38,8.209,9.054526753014727,845.5267530147274
134.39,8.209,9.054579625619512,845.5796256195125
134.4,8.209,9.054632498224299,845.6324982242993
134.41,8.209,9.054685370829084,845.6853708290844
134.42,8.21,9.054636545271833,844.6365452718326
134.43,8.21,9.054584314224128,844.584314224127
134.44,8.209,9.05453208317642,845.5320831764208
134.45,8.209,9.054479852128715,845.4798521287153
134.46,8.209,9.05442762108101,845.4276210810096
134.47,8.209,9.054398109729188,845.3981097291887
134.48,8.209,9.054450967972402,845.4509679724023
134.49,8.209,9.054503826215615,845.5038262156158
134.5,8.209,9.054556684458827,845.5566844588276
134.51,8.209,9.05460954270204,845.6095427020412
134.52,8.209,9.054662400945254,845.6624009452547
134.53,8.209,9.054666421292026,845.6664212920266
134.54,8.209,9.054614204273149,845.614204273149
134.55,8.209,9.05456198725427,845.5619872542712
134.56,8.209,9.054509770235393,845.5097702353935
134.57,8.209,9.054457553216514,845.457553216514
134.58,8.209,9.054405336197636,845.4053361976364
134.59,8.209,9.054428068066773,845.4280680667737
134.6,8.208,9.054480911953178,846.4809119531775
134.61,8.208,9.054533755839582,846.533755839582
134.62,8.208,9.054586599725987,846.5865997259865
134.63,8.208,9.054639443612391,846.639443612391
134.64,8.209,9.054692287498796,845.692287498796
134.65,8.209,9.05464407832363,845.6440783236303
134.66,8.208,9.054591875328853,846.591875328853
134.67,8.208,9.054539672334075,846.5396723340746
134.68,8.209,9.054487469339298,845.4874693392984
134.69,8.208,9.05443526634452,846.4352663445194
134.7,8.208,9.054405180686187,846.4051806861868
134.71,8.208,9.054458010221087,846.4580102210864
134.72,8.208,9.054510839755984,846.5108397559842
134.73,8.207,9.054563669290884,847.5636692908832
134.74,8.207,9.054616498825782,847.616498825781
134.75,8.207,9.05466932836068,847.6693283606788
134.76,8.206,9.054673936386031,848.6739363860316
134.77,8.205,9.054621747410678,849.6217474106782
134.78,8.206,9.054569558435325,848.5695584353259
134.79,8.206,9.054517369459974,848.5173694599748
134.8,8.206,9.054465180484621,848.4651804846219
134.81,8.206,9.054412991509269,848.4129915092691
134.82,8.206,9.054435121014627,848.435121014628
134.83,8.206,9.054487936202866,848.4879362028668
134.84,8.206,9.054540751391105,848.5407513911057
134.85,8.206,9.054593566579344,848.5935665793445
134.86,8.206,9.054646381767583,848.6463817675833
134.87,8.206,9.054699196955823,848.6991969558239
134.88,8.205,9.054651603507759,849.6516035077591
134.89,8.206,9.054599428547126,848.5994285471268
134.9,8.205,9.054547253586492,849.5472535864916
134.91,8.205,9.054495078625859,849.4950786258588
134.92,8.206,9.054442903665226,848.4429036652266
134.93,8.206,9.054412244327374,848.4122443273741
134.94,8.206,9.054465045174162,848.4650451741622
134.95,8.206,9.05451784602095,848.5178460209504
134.96,8.206,9.054570646867738,848.5706468677386
134.97,8.206,9.054623447714524,848.6234477145249
134.98,8.206,9.054676248561313,848.6762485613131
134.99,8.206,9.054681443630098,848.6814436300989
135.0,8.207,9.054629282679514,847.6292826795132
135.01,8.207,9.05457712172893,847.5771217289285
135.02,8.207,9.054524960778345,847.5249607783439
135.03,8.207,9.05447279982776,847.4727998277593
135.04,8.208,9.054420638877176,846.4206388771753
135.05,8.208,9.054442166664893,846.4421666648932
135.06,8.209,9.054494953175128,845.4949531751286
135.07,8.209,9.054547739685363,845.5477396853635
135.08,8.209,9.054600526195598,845.6005261955984
135.09,8.209,9.054653312705833,845.6533127058332
135.1,8.209,9.054706099216068,845.7060992160681
135.11,8.209,9.05465912084083,845.6591208408302
135.12,8.21,9.05460697389561,844.6069738956083
135.13,8.21,9.054554826950387,844.554826950386
135.14,8.21,9.054502680005164,844.5026800051636
135.15,8.21,9.054450533059944,844.450533059943
135.16,8.209,9.054419300668936,845.4193006689366
135.17,8.208,9.054472072847757,846.4720728477566
135.18,8.207,9.054524845026577,847.5248450265767
135.19,8.207,9.054577617205398,847.5776172053972
135.2,8.206,9.054630389384219,848.6303893842191
135.21,8.206,9.054683161563041,848.6831615630415
135.22,8.205,9.054688943040757,849.6889430407571
135.23,8.205,9.054636810096238,849.6368100962375
135.24,8.204,9.054584677151718,850.5846771517174
135.25,8.203,9.054532544207197,851.5325442071972
135.26,8.203,9.054480411262677,851.4804112626778
135.27,8.202,9.054428278318158,852.4282783181576
135.28,8.202,9.05444920503369,852.4492050336896
135.29,8.201,9.054501962886023,853.501962886023
135.3,8.201,9.05455472073836,853.5547207383587
135.31,8.2,9.054607478590695,854.6074785906957
135.32,8.199,9.05466023644303,855.6602364430308
135.33,8.199,9.054712994295365,855.7129942953648
135.34,8.198,9.054666630339378,856.6666303393778
135.35,8.198,9.054614511390888,856.6145113908874
135.36,8.197,9.054562392442397,857.5623924423983
135.37,8.197,9.054510273493907,857.510273493908
135.38,8.196,9.054458154545417,858.4581545454171
135.39,8.195,9.054426349726995,859.4263497269949
135.4,8.194,9.054479093257932,860.4790932579309
135.41,8.193,9.05453183678887,861.5318367888705
135.42,8.193,9.054584580319808,861.5845803198088
135.43,8.192,9.054637323850745,862.6373238507448
135.44,8.191,9.054690067381683,863.6900673816825
135.45,8.191,9.054696434634478,863.6964346344769
135.46,8.19,9.054644329677366,864.6443296773665
135.47,8.189,9.054592224720256,865.5922247202561
135.48,8.188,9.054540119763146,866.5401197631458
135.49,8.188,9.054488014806035,866.4880148060341
135.5,8.188,9.054435909848925,866.4359098489242
135.51,8.188,9.05445623613705,866.4562361370489
135.52,8.188,9.054508965351534,866.5089653515334
135.53,8.188,9.054561694566019,866.561694566018
135.54,8.188,9.054614423780503,866.6144237805024
135.55,8.188,9.054667152994988,866.667152994987
135.56,8.189,9.054719882209474,865.7198822094738
135.57,8.188,9.054674132019858,866.6741320198579
135.58,8.188,9.054622041049472,866.6220410494709
135.59,8.189,9.054569950079085,865.5699500790845
135.6,8.189,9.054517859108698,865.5178591086976
135.61,8.188,9.05446576813831,866.4657681383101
135.62,8.188,9.054433391517591,866.4333915175906
135.63,8.188,9.054486106420672,866.4861064206715
135.64,8.188,9.054538821323751,866.5388213237507
135.65,8.188,9.054591536226832,866.5915362268315
135.66,8.188,9.054644251129913,866.6442511299124
135.67,8.188,9.054696966032992,866.6969660329916
135.68,8.188,9.054703918427649,866.703918427648
135.69,8.188,9.054651841439346,866.6518414393458
135.7,8.188,9.054599764451044,866.5997644510437
135.71,8.188,9.05454768746274,866.5476874627398
135.72,8.188,9.054495610474438,866.4956104744376
135.73,8.188,9.054443533486136,866.4435334861356
135.74,8.188,9.054463259990959,866.463259990958
135.75,8.188,9.054515960587585,866.5159605875842
135.76,8.188,9.054568661184211,866.5686611842104
135.77,8.188,9.054621361780839,866.6213617808385
135.78,8.188,9.054674062377465,866.6740623774647
135.79,8.188,9.054726762974092,866.7267629740909
135.8,8.188,9.054681625898672,866.6816258986714
135.81,8.188,9.054629562887811,866.6295628878107
135.82,8.188,9.054577499876952,866.5774998769517
135.83,8.188,9.054525436866092,866.525436866091
135.84,8.188,9.054473373855233,866.4733738552321
135.85,8.188,9.054440426056717,866.440426056716
135.86,8.188,9.054493112351906,866.4931123519058
135.87,8.187,9.054545798647096,867.5457986470967
135.88,8.188,9.054598484942288,866.598484942287
135.89,8.188,9.054651171237477,866.6511712374767
135.9,8.187,9.054703857532667,867.7038575326676
135.91,8.187,9.054711394436612,867.7113944366131
135.92,8.187,9.054659345398568,867.6593453985681
135.93,8.187,9.05460729636052,867.6072963605214
135.94,8.186,9.054555247322476,868.555247322476
135.95,8.186,9.054503198284431,868.5031982844312
135.96,8.186,9.054451149246384,868.4511492463845
135.97,8.186,9.054470276611337,868.4702766113368
135.98,8.185,9.054522948610042,869.522948610042
135.99,8.186,9.054575620608746,868.5756206087465
136.0,8.186,9.054628292607452,868.6282926074522
136.01,8.187,9.054680964606156,867.6809646061567
136.02,8.187,9.054733636604862,867.7336366048625
136.03,8.188,9.054689111992149,866.689111992148
136.04,8.189,9.054637076922289,865.6370769222885
136.05,8.19,9.05458504185243,864.5850418524308
136.06,8.19,9.054533006782572,864.5330067825726
136.07,8.191,9.054480971712714,863.480971712713
136.08,8.191,9.054447453360279,863.447453360278
136.09,8.191,9.054500111067489,863.5001110674878
136.1,8.191,9.0545527687747,863.5527687746993
136.11,8.192,9.05460542648191,862.6054264819096
136.12,8.191,9.054658084189121,863.6580841891206
136.13,8.191,9.054710741896333,863.7107418963321
136.14,8.191,9.054718862677632,863.7188626776311
136.15,8.191,9.054666841571343,863.6668415713426
136.16,8.192,9.054614820465055,862.6148204650548
136.17,8.191,9.054562799358767,863.5627993587658
136.18,8.191,9.054510778252478,863.5107782524774
136.19,8.192,9.05445875714619,862.4587571461894
136.2,8.192,9.054477286014034,862.477286014034
136.21,8.191,9.054529929434697,863.5299294346961
136.22,8.191,9.05458257285536,863.5825728553588
136.23,8.191,9.054635216276022,863.6352162760214
136.24,8.192,9.054687859696685,862.6878596966847
136.25,8.192,9.054740503117348,862.7405031173474
136.26,8.192,9.054696590316546,862.6965903165456
136.27,8.192,9.054644583169214,862.6445831692138
136.28,8.192,9.054592576021882,862.592576021882
136.29,8.192,9.05454056887455,862.5405688745502
136.3,8.192,9.054488561727219,862.4885617272184
136.31,8.193,9.054454473444132,861.4544734441321
136.32,8.193,9.054507102583216,861.5071025832161
136.33,8.193,9.0545597317223,861.5597317223003
136.34,8.193,9.054612360861384,861.6123608613843
136.35,8.193,9.054664990000468,861.6649900004685
136.36,8.193,9.054717619139552,861.7176191395525
136.37,8.193,9.054726323166905,861.7263231669057
136.38,8.193,9.054674329973926,861.6743299739262
136.39,8.194,9.054622336780948,860.6223367809473
136.4,8.194,9.054570343587969,860.570343587968
136.41,8.194,9.05451835039499,860.5183503949885
136.42,8.194,9.05446635720201,860.466357202009
136.43,8.194,9.05448428821484,860.48428821484
136.44,8.194,9.054536903077285,860.5369030772838
136.45,8.194,9.054589517939728,860.5895179397276
136.46,8.194,9.054642132802172,860.6421328021714
136.47,8.195,9.054694747664616,859.6947476646158
136.48,8.195,9.054747362527058,859.7473625270577
136.49,8.196,9.054704060888062,858.704060888062
136.5,8.196,9.054652081644834,858.6520816448342
136.51,8.197,9.054600102401606,857.6001024016069
136.52,8.197,9.054548123158378,857.548123158379
136.53,8.198,9.05449614391515,856.4961439151499
136.54,8.198,9.054461486324062,856.4614863240614
136.55,8.199,9.054514086914816,855.5140869148161
136.56,8.199,9.05456668750557,855.5666875055703
136.57,8.199,9.054619288096324,855.6192880963245
136.58,8.199,9.054671888687077,855.671888687077
136.59,8.199,9.054724489277831,855.724489277831
136.6,8.199,9.054733775920573,855.733775920573
136.61,8.199,9.054681810622505,855.6818106225048
136.62,8.2,9.054629845324436,854.6298453244372
136.63,8.2,9.054577880026368,854.577880026369
136.64,8.2,9.0545259147283,854.5259147283009
136.65,8.2,9.054473949430232,854.4739494302327
136.66,8.199,9.054491283229478,855.4912832294779
136.67,8.199,9.05454386955347,855.54386955347
136.68,8.199,9.054596455877462,855.5964558774623
136.69,8.2,9.054649042201454,854.649042201455
136.7,8.2,9.054701628525446,854.7016285254472
136.71,8.199,9.054754214849439,855.7542148494388
136.72,8.199,9.054711523722824,855.7115237228245
136.73,8.199,9.054659572365328,855.6595723653278
136.74,8.199,9.054607621007829,855.6076210078292
136.75,8.199,9.054555669650332,855.5556696503323
136.76,8.2,9.054503718292837,854.5037182928379
136.77,8.2,9.05446849201579,854.4684920157906
136.78,8.199,9.054521064077953,855.5210640779532
136.79,8.199,9.054573636140118,855.5736361401181
136.8,8.199,9.054626208202281,855.6262082022812
136.81,8.199,9.054678780264444,855.6787802644443
136.82,8.199,9.054731352326607,855.7313523266075
136.83,8.199,9.054741220954702,855.7412209547017
136.84,8.2,9.054689283533197,854.6892835331973
136.85,8.2,9.054637346111694,854.6373461116943
136.86,8.199,9.054585408690189,855.5854086901888
136.87,8.199,9.054533471268686,855.5334712686857
136.88,8.199,9.05448153384718,855.4815338471808
136.89,8.199,9.054498271073609,855.4982710736087
136.9,8.199,9.05455082887886,855.5508288788598
136.91,8.199,9.054603386684112,855.6033866841126
136.92,8.199,9.054655944489364,855.6559444893637
136.93,8.199,9.054708502294615,855.7085022946147
136.94,8.199,9.054761060099866,855.7610600998657
136.95,8.199,9.054718978836897,855.7189788368973
136.96,8.199,9.05466705534681,855.6670553468102
136.97,8.199,9.054615131856721,855.6151318567213
136.98,8.198,9.054563208366634,856.5632083666337
136.99,8.198,9.054511284876547,856.5112848765466
137.0,8.197,9.054475490534974,857.4754905349753
137.01,8.196,9.054528034088232,858.5280340882324
137.02,8.196,9.05458057764149,858.5805776414901
137.03,8.195,9.054633121194748,859.6331211947472
137.04,8.195,9.054685664748005,859.6856647480049
137.05,8.194,9.054738208301263,860.738208301262
137.06,8.194,9.054748658285302,860.748658285301
137.07,8.194,9.054696748722064,860.6967487220629
137.08,8.194,9.054644839158826,860.6448391588249
137.09,8.193,9.054592929595588,861.592929595588
137.1,8.192,9.05454102003235,862.5410200323494
137.11,8.191,9.054489110469111,863.4891104691108
137.12,8.19,9.054505251762828,864.5052517628287
137.13,8.19,9.054557781068995,864.5577810689957
137.14,8.189,9.054610310375162,865.6103103751623
137.15,8.188,9.05466283968133,866.6628396813287
137.16,8.187,9.054715368987496,867.715368987497
137.17,8.186,9.054767898293663,868.7678982936635
137.18,8.185,9.054726426246283,869.7264262462827
137.19,8.185,9.054674530605332,869.6745306053319
137.2,8.184,9.054622634964383,870.6226349643841
137.21,8.184,9.054570739323433,870.5707393234334
137.22,8.183,9.054518843682482,871.5188436824822
137.23,8.182,9.054482481897214,872.4824818972135
137.24,8.182,9.054534996961193,872.5349969611926
137.25,8.181,9.05458751202517,873.5875120251712
137.26,8.18,9.05464002708915,874.64002708915
137.27,8.18,9.054692542153129,874.6925421531291
137.28,8.179,9.054745057217108,875.7450572171077
137.29,8.179,9.054756087928311,875.7560879283109
137.3,8.178,9.054704206205093,876.7042062050923
137.31,8.177,9.054652324481875,877.6523244818754
137.32,8.177,9.054600442758659,877.6004427586593
137.33,8.176,9.05454856103544,878.5485610354407
137.34,8.175,9.054496679312223,879.4966793122221
137.35,8.175,9.054512225312676,879.5122253126752
137.36,8.175,9.05456472613936,879.5647261393586
137.37,8.174,9.054617226966041,880.6172269660415
137.38,8.173,9.054669727792724,881.6697277927243
137.39,8.173,9.054722228619406,881.722228619406
137.4,8.173,9.05477472944609,881.7747294460894
137.41,8.172,9.054733865966918,882.7338659669177
137.42,8.172,9.054681998156884,882.6819981568832
137.43,8.171,9.05463013034685,883.6301303468499
137.44,8.171,9.054578262536815,883.5782625368154
137.45,8.17,9.05452639472678,884.5263947267803
137.46,8.17,9.054489466118037,884.489466118037
137.47,8.17,9.05454195271231,884.5419527123095
137.48,8.17,9.054594439306582,884.5944393065821
137.49,8.171,9.054646925900855,883.6469259008552
137.5,8.172,9.054699412495129,882.6994124951284
137.51,8.172,9.054751899089402,882.751899089401
137.52,8.171,9.054763509899614,883.7635098996142
137.53,8.172,9.054711655998219,882.711655998218
137.54,8.172,9.054659802096825,882.6598020968248
137.55,8.172,9.05460794819543,882.6079481954299
137.56,8.172,9.054556094294036,882.5560942940349
137.57,8.173,9.05450424039264,881.5042403926406
137.58,8.173,9.054519191738624,881.519191738624
137.59,8.173,9.054571664105367,881.5716641053673
137.6,8.173,9.054624136472109,881.6241364721087
137.61,8.173,9.05467660883885,881.6766088388501
137.62,8.173,9.054729081205593,881.7290812055934
137.63,8.172,9.054781553572335,882.7815535723342
137.64,8.172,9.05474129801467,882.7412980146701
137.65,8.173,9.05468945801738,881.6894580173802
137.66,8.173,9.054637618020088,881.637618020088
137.67,8.173,9.054585778022798,881.5857780227976
137.68,8.173,9.054533938025505,881.5339380255054
137.69,8.174,9.05449644321291,880.4964432129108
137.7,8.174,9.054548901356995,880.5489013569954
137.71,8.174,9.05460135950108,880.60135950108
137.72,8.174,9.054653817645164,880.6538176451646
137.73,8.174,9.054706275789249,880.7062757892492
137.74,8.174,9.054758733933335,880.7587339333356
137.75,8.174,9.054770924215022,880.7709242150228
137.76,8.174,9.054719098117303,880.7190981173037
137.77,8.174,9.054667272019584,880.6672720195845
137.78,8.174,9.054615445921865,880.6154459218653
137.79,8.174,9.054563619824146,880.5636198241463
137.8,8.174,9.054511793726427,880.5117937264271
137.81,8.174,9.05452615105608,880.5261510560811
137.82,8.174,9.054578594982372,880.5785949823726
137.83,8.174,9.054631038908665,880.6310389086658
137.84,8.174,9.054683482834957,880.6834828349572
137.85,8.174,9.054735926761248,880.7359267612487
137.86,8.174,9.05478837068754,880.7883706875401
137.87,8.174,9.054748722405352,880.748722405352
137.88,8.174,9.054696910202681,880.6969102026816
137.89,8.174,9.05464509800001,880.6450980000111
137.9,8.174,9.054593285797338,880.5932857973389
137.91,8.174,9.054541473594668,880.5414735946683
137.92,8.174,9.054503413197242,880.5034131972427
137.93,8.175,9.0545558429106,879.5558429105998
137.94,8.175,9.054608272623959,879.6082726239582
137.95,8.175,9.054660702337317,879.6607023373166
137.96,8.174,9.054713132050676,880.7131320506762
137.97,8.174,9.054765561764034,880.7655617640346
137.98,8.174,9.054778330890281,880.7783308902817
137.99,8.175,9.05472653257814,879.7265325781395
138.0,8.175,9.054674734266001,879.6747342660005
138.01,8.174,9.05462293595386,880.6229359538609
138.02,8.174,9.054571137641721,880.5711376417217
138.03,8.173,9.05451933932958,881.5193393295804
138.04,8.172,9.054533103280395,882.5331032803945
138.05,8.171,9.054585518785672,883.5855187856723
138.06,8.17,9.054637934290948,884.6379342909482
138.07,8.169,9.054690349796225,885.6903497962243
138.08,8.169,9.054742765301501,885.7427653015009
138.09,8.168,9.054795180806776,886.7951808067769
138.1,8.167,9.054756139154705,887.7561391547051
138.11,8.167,9.054704354728582,887.7043547285818
138.12,8.166,9.05465257030246,888.6525703024599
138.13,8.165,9.054600785876339,889.6007858763397
138.14,8.164,9.054549001450216,890.549001450216
138.15,8.163,9.054510376086387,891.5103760863872
138.16,8.163,9.054562777388426,891.5627773884261
138.17,8.162,9.054615178690463,892.6151786904626
138.18,8.161,9.054667579992504,893.6675799925044
138.19,8.16,9.054719981294541,894.719981294541
138.2,8.159,9.05477238259658,895.7723825965793
138.21,8.158,9.054785729941091,896.785729941092
138.22,8.157,9.054733959396481,897.733959396481
138.23,8.156,9.054682188851872,898.6821888518718
138.24,8.156,9.054630418307262,898.6304183072615
138.25,8.155,9.054578647762652,899.5786477626524
138.26,8.154,9.054526877218043,900.5268772180433
138.27,8.153,9.05454004842686,901.5400484268596
138.28,8.152,9.0545924355305,902.5924355305008
138.29,8.151,9.05464482263414,903.6448226341403
138.3,8.15,9.05469720973778,904.6972097377796
138.31,8.15,9.05474959684142,904.7495968414196
138.32,8.148,9.05480198394506,906.8019839450603
138.33,8.148,9.054763548278414,906.7635482784144
138.34,8.147,9.054711791610817,907.7117916108168
138.35,8.146,9.054660034943218,908.6600349432174
138.36,8.145,9.054608278275621,909.6082782756216
138.37,8.145,9.054556521608024,909.5565216080246
138.38,8.144,9.054517331895621,910.5173318956208
138.39,8.144,9.054569704805694,910.5697048056935
138.4,8.142,9.054622077715766,912.622077715767
138.41,8.142,9.054674450625837,912.674450625838
138.42,8.141,9.05472682353591,913.7268235359102
138.43,8.14,9.054779196445983,914.7791964459824
138.44,8.14,9.054793121383073,914.793121383072
138.45,8.14,9.054741378587995,914.7413785879941
138.46,8.139,9.054689635792917,915.6896357929174
138.47,8.139,9.054637892997839,915.6378929978395
138.48,8.139,9.054586150202761,915.5861502027616
138.49,8.14,9.054534407407683,914.5344074076825
138.5,8.14,9.054546986510697,914.5469865106968
138.51,8.14,9.054599345232027,914.599345232027
138.52,8.14,9.054651703953358,914.651703953357
138.53,8.14,9.054704062674688,914.7040626746872
138.54,8.14,9.054756421396016,914.7564213960155
138.55,8.141,9.054808780117346,913.8087801173463
138.56,8.141,9.054770949792099,913.7709497920987
138.57,8.141,9.054719220865053,913.7192208650529
138.58,8.141,9.054667491938007,913.6674919380071
138.59,8.142,9.05461576301096,912.6157630109599
138.6,8.142,9.054564034083914,912.5640340839141
138.61,8.142,9.054524280640175,912.5242806401754
138.62,8.142,9.054576625177578,912.5766251775786
138.63,8.142,9.054628969714983,912.6289697149837
138.64,8.143,9.054681314252386,911.6813142523856
138.65,8.143,9.054733658789791,911.7336587897906
138.66,8.143,9.054786003327195,911.7860033271938
138.67,8.143,9.054800505231794,911.8005052317936
138.68,8.144,9.054748790168299,910.7487901682987
138.69,8.144,9.054697075104803,910.6970751048032
138.7,8.144,9.054645360041306,910.6453600413058
138.71,8.144,9.05459364497781,910.5936449778103
138.72,8.144,9.054541929914315,910.5419299143147
138.73,8.144,9.05455391754708,910.5539175470802
138.74,8.145,9.05460624790537,909.606247905371
138.75,8.145,9.05465857826366,909.6585782636613
138.76,8.145,9.054710908621951,909.7109086219515
138.77,8.145,9.054763238980241,909.7632389802417
138.78,8.145,9.054815569338531,909.8155693385319
138.79,8.145,9.054778343711321,909.7783437113218
138.8,8.145,9.0547266425069,909.7266425069001
138.81,8.146,9.05467494130248,908.674941302479
138.82,8.146,9.054623240098058,908.6232400980574
138.83,8.146,9.054571538893637,908.5715388936358
138.84,8.146,9.054531222335209,908.531222335208
138.85,8.146,9.05458353851919,908.5835385191886
138.86,8.146,9.05463585470317,908.635854703169
138.87,8.146,9.05468817088715,908.6881708871495
138.88,8.146,9.05474048707113,908.74048707113
138.89,8.146,9.054792803255111,908.7928032551105
138.9,8.146,9.054807881502763,908.8078815027618
138.91,8.146,9.054756194152947,908.7561941529465
138.92,8.146,9.054704506803132,908.7045068031312
138.93,8.146,9.054652819453317,908.6528194533159
138.94,8.146,9.054601132103501,908.6011321035006
138.95,8.146,9.054549444753686,908.5494447536853
138.96,8.147,9.054560841551114,907.5608415511134
138.97,8.147,9.05461314356558,907.6131435655803
138.98,8.147,9.05466544558005,907.665445580049
138.99,8.148,9.054717747594516,906.7177475945165
139.0,8.149,9.054770049608983,905.770049608984
139.01,8.149,9.05482235162345,905.8223516234509
139.02,8.15,9.054785730051575,904.7857300515751
139.03,8.151,9.054734056551903,903.7340565519028
139.04,8.152,9.054682383052231,902.6823830522321
139.05,8.151,9.054630709552558,903.6307095525586
139.06,8.151,9.054579036052885,903.5790360528857
139.07,8.15,9.054538156995827,904.5381569958266
139.08,8.15,9.054590444845573,904.5904448455726
139.09,8.149,9.054642732695319,905.6427326953199
139.1,8.148,9.054695020545065,906.6950205450653
139.11,8.149,9.054747308394811,905.7473083948117
139.12,8.149,9.054799596244557,905.7995962445577
139.13,8.148,9.05481525021141,906.8152502114107
139.14,8.148,9.054763590557423,906.7635905574232
139.15,8.148,9.054711930903435,906.7119309034357
139.16,8.148,9.054660271249448,906.6602712494482
139.17,8.148,9.05460861159546,906.6086115954608
139.18,8.148,9.054556951941473,906.5569519414734
139.19,8.148,9.054567758537836,906.567758537836
139.2,8.148,9.054620032227644,906.6200322276447
139.21,8.147,9.054672305917453,907.672305917453
139.22,8.146,9.054724579607262,908.7245796072611
139.23,8.146,9.05477685329707,908.7768532970699
139.24,8.145,9.054829126986878,909.8291269868781
139.25,8.145,9.054793108828296,909.7931088282962
139.26,8.144,9.054741463015544,910.7414630155439
139.27,8.144,9.054689817202792,910.6898172027921
139.28,8.143,9.05463817139004,911.6381713900399
139.29,8.143,9.054586525577287,911.5865255772864
139.3,8.143,9.054545084637073,911.5450846370727
139.31,8.142,9.05459734417172,912.5973441717204
139.32,8.141,9.054649603706368,913.649603706368
139.33,8.14,9.054701863241016,914.7018632410155
139.34,8.14,9.054754122775664,914.7541227756637
139.35,8.139,9.054806382310312,915.8063823103131
139.36,8.138,9.05482261137312,916.8226113731208
139.37,8.137,9.054770979397158,917.770979397158
139.38,8.136,9.054719347421196,918.719347421197
139.39,8.135,9.054667715445234,919.6677154452342
139.4,8.135,9.054616083469272,919.6160834692719
139.41,8.134,9.05456445149331,920.5644514933091
139.42,8.133,9.054574668522246,921.5746685222471
139.43,8.132,9.054626913906505,922.6269139065053
139.44,8.132,9.054679159290764,922.6791592907641
139.45,8.131,9.054731404675023,923.7314046750224
139.46,8.13,9.054783650059282,924.7836500592807
139.47,8.129,9.05483589544354,925.8358954435408
139.48,8.13,9.054800480056864,924.800480056863
139.49,8.13,9.054748861913252,924.7488619132512
139.5,8.13,9.05469724376964,924.6972437696393
139.51,8.129,9.05464562562603,925.6456256260303
139.52,8.129,9.054594007482418,925.5940074824185
139.53,8.129,9.054552005273935,925.5520052739357
139.54,8.129,9.054604236512569,925.6042365125694
139.55,8.129,9.054656467751203,925.6564677512031
139.56,8.129,9.054708698989836,925.7086989898369
139.57,8.129,9.05476093022847,925.7609302284707
139.58,8.129,9.054813161467104,925.8131614671044
139.59,8.129,9.054829965003226,925.829965003226
139.6,8.129,9.054778360687532,925.7783606875325
139.61,8.13,9.054726756371839,924.7267563718377
139.62,8.13,9.054675152056145,924.6751520561443
139.63,8.13,9.054623547740452,924.6235477404507
139.64,8.13,9.054571943424758,924.5719434247573
139.65,8.13,9.05458157151927,924.5815715192691
139.66,8.13,9.054633788617036,924.6337886170348
139.67,8.13,9.054686005714801,924.6860057148006
139.68,8.13,9.054738222812567,924.7382228125663
139.69,8.13,9.054790439910333,924.790439910332
139.7,8.131,9.054842657008098,923.8426570080982
139.71,8.131,9.054807843752593,923.8078437525932
139.72,8.131,9.05475625326039,923.7562532603896
139.73,8.13,9.054704662768188,924.7046627681872
139.74,8.13,9.054653072275986,924.6530722759853
139.75,8.129,9.054601481783783,925.601481783783
139.76,8.129,9.054558918921336,925.558918921336
139.77,8.13,9.054611121882985,924.6111218829842
139.78,8.13,9.054663324844634,924.6633248446336
139.79,8.13,9.054715527806282,924.7155278062813
139.8,8.13,9.054767730767932,924.7677307679307
139.81,8.13,9.054819933729581,924.8199337295802
139.82,8.13,9.054837311116978,924.8373111169776
139.83,8.13,9.054785734443847,924.7857344438462
139.84,8.13,9.054734157770714,924.7341577707128
139.85,8.131,9.054682581097582,923.682581097582
139.86,8.131,9.05463100442445,923.6310044244505
139.87,8.131,9.054579427751317,923.5794277513172
139.88,8.131,9.054588467543777,923.5884675437767
139.89,8.131,9.054640656374053,923.6406563740527
139.9,8.132,9.054692845204329,922.6928452043293
139.91,8.131,9.054745034034603,923.7450340346029
139.92,8.132,9.05479722286488,922.7972228648796
139.93,8.132,9.054849411695153,922.8494116951538
139.94,8.132,9.054815199930736,922.8151999307368
139.95,8.132,9.05476363707226,922.7636370722596
139.96,8.132,9.054712074213782,922.7120742137824
139.97,8.132,9.054660511355305,922.6605113553053
139.98,8.132,9.05460894849683,922.6089484968298
139.99,8.133,9.054565825594146,921.565825594147
140.0,8.133,9.054618000297786,921.6180002977871
140.01,8.132,9.054670175001426,922.6701750014267
140.02,8.133,9.054722349705067,921.7223497050675
140.03,8.134,9.054774524408707,920.7745244087064
140.04,8.133,9.054826699112347,921.8266991123478
140.05,8.133,9.05484464972958,921.8446497295805
140.06,8.133,9.054793100681348,921.7931006813487
140.07,8.134,9.054741551633118,920.7415516331174
140.08,8.133,9.054690002584886,921.6900025848869
140.09,8.133,9.054638453536656,921.6384535366568
140.1,8.133,9.054586904488424,921.586904488425
140.11,8.133,9.054595356610575,921.5953566105757
140.12,8.133,9.054647517192311,921.6475171923122
140.13,8.133,9.054699677774046,921.6996777740469
140.14,8.133,9.054751838355783,921.7518383557834
140.15,8.133,9.054803998937519,921.80399893752
140.16,8.134,9.054856159519254,920.8561595192534
140.17,8.133,9.05482254860649,921.8225486064906
140.18,8.133,9.054771013364103,921.7710133641042
140.19,8.133,9.054719478121717,921.7194781217178
140.2,8.133,9.054667942879329,921.6679428793295
140.21,8.133,9.054616407636942,921.6164076369431
140.22,8.132,9.054572725307173,922.5727253071732
140.23,8.132,9.054624871771729,922.6248717717293
140.24,8.132,9.054677018236283,922.6770182362837
140.25,8.132,9.05472916470084,922.72916470084
140.26,8.131,9.054781311165394,923.7813111653938
140.27,8.131,9.054833457629949,923.8334576299483
140.28,8.131,9.054851980856174,923.851980856174
140.29,8.131,9.054800459415233,923.8004594152329
140.3,8.131,9.054748937974292,923.7489379742918
140.31,8.13,9.054697416533351,924.6974165333502
140.32,8.13,9.05464589509241,924.645895092409
140.33,8.13,9.054594373651469,924.5943736514679
140.34,8.13,9.054602238734425,924.6022387344244
140.35,8.129,9.054654371086517,925.6543710865177
140.36,8.129,9.054706503438611,925.7065034386117
140.37,8.128,9.054758635790703,926.7586357907031
140.38,8.127,9.054810768142795,927.8107681427947
140.39,8.127,9.05486290049489,927.8629004948887
140.4,8.126,9.054829889794991,928.8298897949918
140.41,8.125,9.054778382151106,929.7783821511061
140.42,8.124,9.054726874507221,930.7268745072204
140.43,8.123,9.054675366863336,931.6753668633364
140.44,8.124,9.05462385921945,930.62385921945
140.45,8.123,9.054579618075168,931.579618075169
140.46,8.123,9.054631736319509,931.6317363195096
140.47,8.123,9.054683854563851,931.6838545638522
140.48,8.122,9.054735972808192,932.7359728081923
140.49,8.123,9.054788091052535,931.7880910525354
140.5,8.122,9.054840209296875,932.8402092968755
140.51,8.122,9.054859304511846,932.8593045118456
140.52,8.122,9.05480781066063,932.8078106606306
140.53,8.122,9.054756316809414,932.7563168094138
140.54,8.122,9.054704822958199,932.7048229581986
140.55,8.121,9.054653329106982,933.6533291069813
140.56,8.121,9.054601835255767,933.6018352557662
140.57,8.121,9.054609113930018,933.609113930018
140.58,8.121,9.054661218071313,933.6612180713129
140.59,8.121,9.054713322212608,933.7133222126077
140.6,8.121,9.054765426353905,933.7654263539043
140.61,8.121,9.0548175304952,933.8175304951992
140.62,8.121,9.054869634636495,933.8696346364941
140.63,8.121,9.05483722351132,933.8372235113202
140.64,8.122,9.054785743448395,932.7857434483952
140.65,8.122,9.05473426338547,932.7342633854698
140.66,8.122,9.054682783322544,932.6827833225444
140.67,8.122,9.05463130325962,932.6313032596207
140.68,8.122,9.054586503912825,932.5865039128249
140.69,8.122,9.05463859395577,932.6385939557706
140.7,8.122,9.054690683998716,932.6906839987164
140.71,8.122,9.054742774041664,932.7427740416638
140.72,8.122,9.05479486408461,932.7948640846096
140.73,8.123,9.054846954127557,931.8469541275576
140.74,8.122,9.054866620711618,932.8666207116179
140.75,8.122,9.05481515443261,932.8151544326104
140.76,8.122,9.054763688153603,932.763688153603
140.77,8.122,9.054712221874594,932.7122218745938
140.78,8.122,9.054660755595586,932.6607555955864
140.79,8.123,9.054609289316579,931.6092893165795
140.8,8.123,9.054615982211997,931.6159822119978
140.81,8.123,9.054668058161287,931.6680581612875
140.82,8.123,9.054720134110577,931.7201341105772
140.83,8.123,9.054772210059866,931.7722100598669
140.84,8.123,9.054824286009156,931.8242860091566
140.85,8.123,9.054876361958446,931.8763619584463
140.86,8.124,9.054844549770491,930.8445497704909
140.87,8.124,9.054793097271034,930.7930972710334
140.88,8.124,9.054741644771577,930.7416447715759
140.89,8.124,9.054690192272119,930.6901922721185
140.9,8.124,9.054638739772662,930.638739772661
140.91,8.124,9.054593382834781,930.5933828347808
140.92,8.124,9.0546454446951,930.6454446950987
140.93,8.124,9.054697506555417,930.6975065554166
140.94,8.125,9.054749568415735,929.7495684157351
140.95,8.126,9.054801630276053,928.8016302760535
140.96,8.126,9.054853692136371,928.8536921363715
140.97,8.126,9.054873929470459,928.8739294704591
140.98,8.126,9.05482249074619,928.8224907461906
140.99,8.126,9.05477105202192,928.7710520219204
141.0,8.126,9.054719613297651,928.7196132976519
141.01,8.125,9.054668174573381,929.6681745733811
141.02,8.125,9.054616735849113,929.6167358491125
141.03,8.124,9.054622843594943,930.6228435949429
141.04,8.124,9.054674891370967,930.6748913709662
141.05,8.123,9.054726939146992,931.7269391469924
141.06,8.123,9.054778986923017,931.7789869230176
141.07,8.123,9.05483103469904,931.8310346990409
141.08,8.123,9.054883082475065,931.8830824750659
141.09,8.123,9.05485186858747,931.8518685874703
141.1,8.123,9.054800443634033,931.8004436340335
141.11,8.123,9.054749018680596,931.7490186805966
141.12,8.123,9.054697593727159,931.6975937271596
141.13,8.122,9.054646168773722,932.6461687737221
141.14,8.121,9.054600254855615,933.6002548556141
141.15,8.121,9.054652288552019,933.6522885520183
141.16,8.12,9.054704322248421,934.7043222484217
141.17,8.12,9.054756355944825,934.7563559448257
141.18,8.12,9.054808389641229,934.8083896412298
141.19,8.12,9.054860423337631,934.860423337632
141.2,8.12,9.05488123080327,934.8812308032706
141.21,8.121,9.054829819616316,933.8298196163155
141.22,8.121,9.054778408429362,933.7784084293617
141.23,8.121,9.054726997242408,933.7269972424078
141.24,8.121,9.054675586055454,933.675586055454
141.25,8.12,9.0546241748685,934.6241748685013
141.26,8.12,9.054629698093377,934.6296980933779
141.27,8.12,9.054681717714827,934.6817177148274
141.28,8.12,9.054733737336274,934.7337373362752
141.29,8.12,9.054785756957722,934.7857569577229
141.3,8.12,9.05483777657917,934.8377765791706
141.31,8.12,9.05488979620062,934.8897962006201
141.32,8.12,9.054859179977155,934.8591799771561
141.33,8.119,9.054807782552341,935.8077825523417
141.34,8.119,9.054756385127526,935.7563851275258
141.35,8.119,9.054704987702712,935.704987702712
141.36,8.119,9.054653590277896,935.6535902778962
141.37,8.119,9.054607119989855,935.6071199898555
141.38,8.119,9.054659125541008,935.659125541008
141.39,8.118,9.05471113109216,936.71113109216
141.4,8.117,9.054763136643313,937.7631366433121
141.41,8.117,9.054815142194466,937.8151421944647
141.42,8.117,9.054867147745618,937.8671477456173
141.43,8.116,9.05488852472492,938.8885247249199
141.44,8.116,9.054837141057904,938.8371410579044
141.45,8.116,9.05478575739089,938.7857573908907
141.46,8.117,9.054734373723875,937.7343737238739
141.47,8.116,9.054682990056861,938.6829900568614
141.48,8.116,9.054631606389846,938.6316063898458
141.49,8.116,9.054636545721783,938.6365457217831
141.5,8.116,9.05468853720729,938.6885372072911
141.51,8.116,9.0547405286928,938.7405286928008
141.52,8.116,9.054792520178308,938.7925201783087
141.53,8.116,9.054844511663818,938.8445116638185
141.54,8.116,9.054896503149326,938.8965031493263
141.55,8.115,9.054866483954404,939.866483954404
141.56,8.115,9.054815114040858,939.8151140408579
141.57,8.115,9.054763744127312,939.7637441273118
141.58,8.115,9.054712374213766,939.7123742137659
141.59,8.115,9.054661004300218,939.661004300218
141.6,8.115,9.054613978251972,939.6139782519715
141.61,8.116,9.054665955676484,938.665955676484
141.62,8.115,9.054717933100996,939.7179331009955
141.63,8.115,9.054769910525506,939.7699105255058
141.64,8.115,9.054821887950018,939.8218879500178
141.65,8.115,9.05487386537453,939.8738653745297
141.66,8.115,9.054895811250187,939.895811250187
141.67,8.115,9.054844455085783,939.8444550857832
141.68,8.116,9.054793098921378,938.7930989213781
141.69,8.115,9.054741742756972,939.7417427569721
141.7,8.115,9.054690386592567,939.6903865925665
141.71,8.115,9.054639030428163,939.6390304281628
141.72,8.116,9.054643386494561,938.6433864945616
141.73,8.116,9.054695349862715,938.6953498627157
141.74,8.116,9.05474731323087,938.7473132308698
141.75,8.116,9.054799276599026,938.7992765990258
141.76,8.116,9.05485123996718,938.85123996718
141.77,8.116,9.054903203335334,938.9032033353342
141.78,8.116,9.054873780533994,938.8737805339939
141.79,8.116,9.05482243811441,938.8224381144106
141.8,8.116,9.054771095694827,938.7710956948272
141.81,8.116,9.054719753275243,938.7197532752439
141.82,8.116,9.05466841085566,938.6684108556605
141.83,8.117,9.054620829656368,937.6208296563675
141.84,8.116,9.0546727789728,938.6727789727995
141.85,8.116,9.054724728289228,938.7247282892286
141.86,8.116,9.054776677605659,938.7766776056594
141.87,8.116,9.05482862692209,938.8286269220903
141.88,8.116,9.05488057623852,938.880576238521
141.89,8.116,9.054903090393815,938.9030903938149
141.9,8.116,9.054851761714737,938.8517617147372
141.91,8.116,9.054800433035659,938.8004330356594
141.92,8.116,9.054749104356581,938.7491043565817
141.93,8.116,9.054697775677504,938.6977756775038
141.94,8.116,9.054646446998426,938.6464469984262
141.95,8.116,9.054650220426078,938.6502204260782
141.96,8.117,9.054702155695413,937.7021556954119
141.97,8.118,9.054754090964746,936.7540909647456
141.98,8.119,9.05480602623408,935.8060262340811
141.99,8.12,9.054857961503414,934.8579615034147
142.0,8.122,9.054909896772749,932.9098967727489
142.01,8.123,9.054881069730662,931.8810697306627
142.02,8.124,9.05482975478778,930.82975478778
142.03,8.126,9.0547784398449,928.7784398449013
142.04,8.127,9.05472712490202,927.7271249020184
142.05,8.128,9.05467580995914,926.6758099591392
142.06,8.129,9.054627674217405,925.6276742174059
142.07,8.13,9.054679595444265,924.6795954442639
142.08,8.131,9.054731516671122,923.731516671122
142.09,8.132,9.054783437897981,922.7834378979818
142.1,8.133,9.054835359124839,921.8353591248398
142.11,8.133,9.054887280351696,921.8872803516973
142.12,8.134,9.054910362170483,920.910362170483
142.13,8.134,9.054859060959496,920.8590609594953
142.14,8.135,9.05480775974851,919.80775974851
142.15,8.135,9.054756458537522,919.7564585375222
142.16,8.135,9.054705157326534,919.7051573265345
142.17,8.135,9.054653856115547,919.6538561155468
142.18,8.135,9.054657047530636,919.6570475306363
142.19,8.136,9.054708954719633,918.7089547196337
142.2,8.135,9.05476086190863,919.76086190863
142.21,8.135,9.054812769097625,919.812769097625
142.22,8.135,9.054864676286622,919.8646762866218
142.23,8.135,9.054916583475618,919.9165834756186
142.24,8.135,9.054888351559084,919.8883515590843
142.25,8.135,9.054837064075693,919.8370640756934
142.26,8.136,9.0547857765923,918.7857765923013
142.27,8.136,9.05473448910891,918.7344891089105
142.28,8.135,9.054683201625519,919.683201625519
142.29,8.136,9.054634511949386,918.6345119493868
142.3,8.136,9.05468640510513,918.6864051051309
142.31,8.136,9.054738298260874,918.7382982608749
142.32,8.136,9.054790191416616,918.7901914166172
142.33,8.136,9.05484208457236,918.8420845723613
142.34,8.136,9.054893977728103,918.8939777281036
142.35,8.136,9.054917626594818,918.9176265948191
142.36,8.136,9.05486635283473,918.8663528347316
142.37,8.136,9.054815079074643,918.8150790746441
142.38,8.136,9.054763805314556,918.7638053145566
142.39,8.136,9.054712531554468,918.712531554469
142.4,8.136,9.05466125779438,918.6612577943815
142.41,8.136,9.054663867822482,918.6638678224828
142.42,8.136,9.054715746949572,918.715746949573
142.43,8.136,9.054767626076664,918.767626076665
142.44,8.136,9.054819505203756,918.8195052037571
142.45,8.135,9.054871384330847,919.8713843308468
142.46,8.135,9.054923263457939,919.9232634579389
142.47,8.134,9.05489562603388,920.8956260338805
142.48,8.134,9.054844365992812,920.8443659928118
142.49,8.133,9.054793105951742,921.7931059517425
142.5,8.132,9.054741845910671,922.7418459106716
142.51,8.131,9.054690585869603,923.6905858696023
142.52,8.131,9.054641342866558,923.6413428665581
142.53,8.13,9.054693207969594,924.6932079695931
142.54,8.13,9.054745073072628,924.7450730726267
142.55,8.13,9.054796938175661,924.7969381756604
142.56,8.13,9.054848803278697,924.8488032786959
142.57,8.129,9.05490066838173,925.9006683817308
142.58,8.129,9.054924883681387,925.9248836813878
142.59,8.128,9.054873637355055,926.8736373550546
142.6,8.128,9.054822391028722,926.8223910287219
142.61,8.127,9.05477114470239,927.7711447023886
142.62,8.128,9.054719898376057,926.7198983760566
142.63,8.128,9.054668652049724,926.6686520497238
142.64,8.128,9.054670681315809,926.6706813158088
142.65,8.128,9.054722532399376,926.722532399376
142.66,8.127,9.054774383482943,927.7743834829427
142.67,8.127,9.05482623456651,927.8262345665098
142.68,8.127,9.054878085650078,927.878085650077
142.69,8.127,9.054929936733645,927.9299367336442
142.7,8.127,9.054902893169613,927.9028931696125
142.71,8.127,9.054851660553743,927.8516605537419
142.72,8.127,9.054800427937872,927.8004279378713
142.73,8.127,9.054749195322003,927.7491953220025
142.74,8.127,9.054697962706133,927.6979627061319
142.75,8.126,9.054648166983108,928.648166983109
142.76,8.126,9.05470000405179,928.700004051791
142.77,8.126,9.054751841120474,928.7518411204748
142.78,8.126,9.054803678189156,928.8036781891567
142.79,8.126,9.054855515257838,928.8555152578386
142.8,8.126,9.05490735232652,928.9073523265206
142.81,8.126,9.054932133444703,928.9321334447038
142.82,8.126,9.054880914535026,928.8809145350267
142.83,8.126,9.05482969562535,928.8296956253497
142.84,8.126,9.054778476715674,928.7784767156744
142.85,8.127,9.054727257805997,927.727257805996
142.86,8.126,9.054676038896321,928.676038896322
142.87,8.126,9.054677488024758,928.6774880247588
142.88,8.126,9.05472931108313,928.7293110831314
142.89,8.126,9.054781134141505,928.7811341415057
142.9,8.126,9.05483295719988,928.8329571998802
142.91,8.126,9.054884780258252,928.8847802582527
142.92,8.126,9.054936603316627,928.936603316627
142.93,8.126,9.054910152980787,928.9101529807873
142.94,8.126,9.054858947773042,928.8589477730422
142.95,8.126,9.054807742565295,928.8077425652954
142.96,8.126,9.05475653735755,928.7565373575503
142.97,8.126,9.054705332149803,928.7053321498036
142.98,8.126,9.054654984313178,928.6549843131784
142.99,8.126,9.054706793365813,928.706793365814
143.0,8.127,9.054758602418449,927.7586024184483
143.01,8.128,9.054810411471085,926.8104114710844
143.02,8.128,9.05486222052372,926.86222052372
143.03,8.129,9.054914029576356,925.9140295763561
143.04,8.13,9.054939375899224,924.939375899223
143.05,8.131,9.054888184389151,923.8881843891509
143.06,8.132,9.054836992879078,922.8369928790787
143.07,8.133,9.054785801369006,921.7858013690065
143.08,8.133,9.054734609858933,921.7346098589338
143.09,8.134,9.054683418348858,920.6834183488581
143.1,8.135,9.054684287963418,919.6842879634186
143.11,8.135,9.05473608301488,919.7360830148806
143.12,8.136,9.05478787806634,918.7878780663415
143.13,8.136,9.054839673117801,918.8396731178017
143.14,8.137,9.054891468169263,917.8914681692625
143.15,8.137,9.054943263220723,917.9432632207228
143.16,8.137,9.054917405481865,917.9174054818642
143.17,8.137,9.054866227665212,917.8662276652112
143.18,8.137,9.054815049848559,917.8150498485583
143.19,8.138,9.054763872031906,916.7638720319057
143.2,8.138,9.054712694215253,916.7126942152528
143.21,8.138,9.054661794870851,916.6617948708513
143.22,8.139,9.054713575925694,915.713575925695
143.23,8.139,9.054765356980539,915.7653569805398
143.24,8.139,9.054817138035382,915.8171380353828
143.25,8.139,9.054868919090227,915.8689190902276
143.26,8.14,9.05492070014507,914.9207001450694
143.27,8.14,9.05494661105935,914.9466110593494
143.28,8.14,9.054895446931873,914.8954469318724
143.29,8.141,9.054844282804396,913.844282804396
143.3,8.141,9.054793118676919,913.793118676919
143.31,8.141,9.05474195454944,913.7419545494403
143.32,8.141,9.054690790421963,913.6907904219634
143.33,8.141,9.054691081145815,913.6910811458155
143.34,8.141,9.054742848208594,913.7428482085941
143.35,8.141,9.054794615271373,913.7946152713728
143.36,8.142,9.054846382334151,912.8463823341519
143.37,8.142,9.05489814939693,912.8981493969306
143.38,8.142,9.054949916459709,912.9499164597092
143.39,8.142,9.054924650687234,912.9246506872341
143.4,8.143,9.054873500244689,911.8735002446883
143.41,8.143,9.054822349802146,911.8223498021454
143.42,8.143,9.054771199359601,911.7711993596007
143.43,8.143,9.054720048917057,911.720048917056
143.44,8.143,9.054668898474514,911.6688984745132
143.45,8.143,9.054720351745416,911.7203517454158
143.46,8.143,9.054772104820675,911.7721048206739
143.47,8.143,9.054823857895933,911.8238578959322
143.48,8.143,9.054875610971191,911.8756109711903
143.49,8.143,9.05492736404645,911.9273640464485
143.5,8.143,9.054953838939436,911.9538389394357
143.51,8.143,9.054902702177593,911.9027021775921
143.52,8.143,9.054851565415747,911.8515654157467
143.53,8.143,9.054800428653904,911.8004286539029
143.54,8.143,9.054749291892058,911.7492918920575
143.55,8.143,9.054698155130215,911.6981551302139
143.56,8.143,9.054697867585935,911.697867585934
143.57,8.143,9.054749606678211,911.7496066782103
143.58,8.143,9.054801345770489,911.8013457704883
143.59,8.143,9.054853084862765,911.8530848627646
143.6,8.143,9.054904823955042,911.9048239550409
143.61,8.143,9.05495656304732,911.9565630473189
143.62,8.143,9.054931888611247,911.931888611246
143.63,8.143,9.054880765525873,911.880765525872
143.64,8.142,9.054829642440497,912.8296424404975
143.65,8.142,9.054778519355123,912.7785193551236
143.66,8.142,9.054727396269747,912.7273962697479
143.67,8.142,9.054676273184374,912.676273184374
143.68,8.142,9.05472712083891,912.7271208389108
143.69,8.142,9.054778845952738,912.7788459527384
143.7,8.141,9.054830571066567,913.8305710665672
143.71,8.141,9.054882296180395,913.882296180395
143.72,8.141,9.054934021294223,913.9340212942226
143.73,8.141,9.05496105955378,913.9610595537793
143.74,8.141,9.05490995014065,913.9099501406491
143.75,8.141,9.05485884072752,913.8588407275208
143.76,8.141,9.054807731314392,913.8077313143924
143.77,8.141,9.054756621901262,913.7566219012623
143.78,8.141,9.054705512488134,913.7055124881339
143.79,8.141,9.054704647297706,913.7046472977062
143.8,8.141,9.054756358437611,913.7563584376114
143.81,8.141,9.054808069577518,913.8080695775184
143.82,8.141,9.054859780717424,913.8597807174235
143.83,8.14,9.054911491857329,914.9114918573282
143.84,8.14,9.054963202997236,914.9632029972352
143.85,8.14,9.054939119268196,914.9391192681957
143.86,8.14,9.054888023523095,914.888023523094
143.87,8.14,9.054836927777993,914.8369277779924
143.88,8.14,9.054785832032891,914.7858320328908
143.89,8.14,9.05473473628779,914.7347362877891
143.9,8.14,9.054683640542688,914.6836405426875
143.91,8.14,9.054733883220047,914.7338832200464
143.92,8.139,9.05478558039055,915.7855803905512
143.93,8.139,9.054837277561054,915.8372775610549
143.94,8.139,9.054888974731558,915.8889747315584
143.95,8.139,9.054940671902061,915.9406719020619
143.96,8.139,9.05496827291661,915.9682729166115
143.97,8.139,9.054917190835326,915.9171908353266
143.98,8.138,9.05486610875404,916.8661087540393
143.99,8.137,9.054815026672754,917.8150266727538
144.0,8.137,9.05476394459147,917.7639445914689
144.01,8.136,9.054712862510184,918.7128625101852
144.02,8.135,9.054711420294998,919.7114202949983
144.03,8.134,9.054763103500614,920.7631035006134
144.04,8.134,9.05481478670623,920.814786706229
144.05,8.134,9.054866469911845,920.8664699118448
144.06,8.134,9.05491815311746,920.9181531174604
144.07,8.135,9.054969836323078,919.9698363230784
144.08,8.135,9.054946342672311,919.9463426723114
144.09,8.136,9.054895274250633,918.8952742506337
144.1,8.137,9.054844205828957,917.8442058289562
144.11,8.137,9.054793137407279,917.7931374072781
144.12,8.137,9.054742068985602,917.7420689856017
144.13,8.137,9.054691000563924,917.6910005639236
144.14,8.137,9.054740638902652,917.7406389026519
144.15,8.137,9.054792308147888,917.792308147888
144.16,8.137,9.054843977393125,917.8439773931242
144.17,8.137,9.05489564663836,917.8956466383603
144.18,8.137,9.054947315883597,917.9473158835965
144.19,8.137,9.054975479042126,917.9754790421252
144.2,8.138,9.054924424275855,916.9244242758552
144.21,8.138,9.054873369509584,916.8733695095846
144.22,8.138,9.054822314743316,916.8223147433157
144.23,8.138,9.054771259977045,916.771259977045
144.24,8.139,9.054720205210776,915.7202052107767
144.25,8.139,9.054718186591632,915.7181865916328
144.26,8.139,9.05476984188099,915.7698418809907
144.27,8.139,9.054821497170348,915.8214971703487
144.28,8.139,9.054873152459706,915.8731524597066
144.29,8.139,9.054924807749064,915.9248077490645
144.3,8.139,9.054976463038422,915.9764630384224
144.31,8.14,9.054953558837777,914.9535588377767
144.32,8.14,9.054902517722718,914.9025177227177
144.33,8.141,9.05485147660766,913.8514766076593
144.34,8.141,9.0548004354926,913.8004354926004
144.35,8.141,9.054749394377543,913.7493943775432
144.36,8.141,9.054698353262484,913.6983532624843
144.37,8.141,9.054747387900496,913.7473879004965
144.38,8.141,9.054799029238472,913.7990292384721
144.39,8.142,9.054850670576446,912.8506705764465
144.4,8.142,9.054902311914422,912.9023119144222
144.41,8.142,9.054953953252397,912.9539532523978
144.42,8.142,9.05498267794445,912.9826779444503
144.43,8.142,9.054931650476414,912.9316504764145
144.44,8.142,9.054880623008376,912.8806230083768
144.45,8.142,9.054829595540339,912.8295955403391
144.46,8.142,9.054778568072303,912.7785680723033
144.47,8.143,9.054727540604265,911.7275406042644
144.48,8.143,9.054724946201379,911.7249462013781
144.49,8.142,9.054776573592463,912.7765735924634
144.5,8.142,9.054828200983545,912.8282009835456
144.51,8.142,9.054879828374629,912.8798283746296
144.52,8.142,9.054931455765711,912.9314557657118
144.53,8.143,9.054983083156793,911.9830831567928
144.54,8.143,9.054960767778722,911.9607677787211
144.55,8.143,9.054909753953522,911.9097539535214
144.56,8.143,9.05485874012832,911.85874012832
144.57,8.143,9.05480772630312,911.8077263031186
144.58,8.143,9.05475671247792,911.7567124779189
144.59,8.143,9.054705698652718,911.7056986527175
144.6,8.143,9.054754130227296,911.7541302272958
144.61,8.144,9.05480574367597,910.8057436759705
144.62,8.144,9.054857357124643,910.8573571246428
144.63,8.143,9.054908970573317,911.9089705733163
144.64,8.144,9.054960584021991,910.9605840219909
144.65,8.143,9.054989869637673,911.9898696376722
144.66,8.143,9.054938869451131,911.9388694511308
144.67,8.144,9.054887869264588,910.8878692645881
144.68,8.144,9.054836869078045,910.8368690780449
144.69,8.144,9.054785868891502,910.7858688915017
144.7,8.144,9.054734868704958,910.7348687049583
144.71,8.144,9.05473169913796,910.7316991379602
144.72,8.144,9.054783298648701,910.7832986487008
144.73,8.143,9.054834898159443,911.8348981594427
144.74,8.144,9.054886497670186,910.8864976701856
144.75,8.145,9.054938097180926,909.9380971809268
144.76,8.145,9.054989696691669,909.9896966916692
144.77,8.145,9.054967969509228,909.9679695092284
144.78,8.145,9.054916982957169,909.9169829571689
144.79,8.146,9.054865996405109,908.8659964051083
144.8,8.146,9.05481500985305,908.8150098530488
144.81,8.146,9.05476402330099,908.7640233009893
144.82,8.146,9.054713036748932,908.7130367489316
144.83,8.146,9.054760865896725,908.7608658967241
144.84,8.146,9.054812451474007,908.8124514740059
144.85,8.145,9.054864037051289,909.864037051289
144.86,8.145,9.05491562262857,909.9156226285708
144.87,8.145,9.054967208205852,909.9672082058526
144.88,8.145,9.054997054135823,909.9970541358235
144.89,8.145,9.05494608121408,909.9460812140806
144.9,8.145,9.054895108292337,909.8951082923375
144.91,8.145,9.054844135370594,909.8441353705944
144.92,8.145,9.054793162448851,909.7931624488514
144.93,8.145,9.054742189527106,909.7421895271065
144.94,8.146,9.05473844541504,908.7384454150396
144.95,8.147,9.054790017063327,907.790017063327
144.96,8.147,9.054841588711612,907.8415887116123
144.97,8.148,9.0548931603599,906.8931603598998
144.98,8.149,9.054944732008185,905.9447320081855
144.99,8.15,9.05499630365647,904.9963036564694
145.0,8.15,9.054975164043318,904.9751640433179
145.01,8.151,9.054924204747728,903.924204747728
145.02,8.151,9.054873245452137,903.8732454521377
145.03,8.151,9.054822286156549,903.822286156549
145.04,8.151,9.054771326860958,903.7713268609587
145.05,8.152,9.054720367565368,902.7203675653687
145.06,8.152,9.0547675949224,902.7675949224001
145.07,8.152,9.05481915264615,902.8191526461509
145.08,8.152,9.054870710369899,902.8707103698998
145.09,8.152,9.05492226809365,902.9222680936506
145.1,8.152,9.054973825817399,902.9738258173996
145.11,8.152,9.055004231452871,903.0042314528721
145.12,8.152,9.054953285779279,902.9532857792794
145.13,8.151,9.054902340105684,903.9023401056845
145.14,8.15,9.054851394432092,904.8513944320913
145.15,8.15,9.054800448758499,904.8004487584986
145.16,8.15,9.054749503084905,904.7495030849042
145.17,8.15,9.054745185046237,904.7451850462362
145.18,8.151,9.054796728849904,903.7967288499046
145.19,8.151,9.05484827265357,903.8482726535708
145.2,8.151,9.054899816457237,903.899816457237
145.21,8.151,9.054951360260903,903.951360260903
145.22,8.15,9.055002904064569,905.0029040645686
145.23,8.15,9.054982351394962,904.9823513949615
145.24,8.15,9.054931419339214,904.9314193392136
145.25,8.149,9.054880487283466,905.8804872834667
145.26,8.15,9.054829555227716,904.8295552277157
145.27,8.15,9.054778623171968,904.7786231719676
145.28,8.15,9.05472769111622,904.7276911162196
145.29,8.15,9.054774317317884,904.7743173178837
145.3,8.15,9.054825847205915,904.825847205915
145.31,8.15,9.054877377093945,904.8773770939445
145.32,8.151,9.054928906981974,903.9289069819745
145.33,8.151,9.054980436870006,903.9804368700057
145.34,8.151,9.055011401602743,904.0114016027427
145.35,8.152,9.054960483160693,902.9604831606939
145.36,8.152,9.054909564718642,902.9095647186427
145.37,8.153,9.054858646276593,901.858646276592
145.38,8.154,9.054807727834543,900.8077278345432
145.39,8.154,9.054756809392494,900.7568093924938
145.4,8.155,9.054751918045111,899.7519180451121
145.41,8.156,9.054803434021945,898.8034340219447
145.42,8.157,9.05485494999878,897.8549499987807
145.43,8.158,9.054906465975616,896.9064659756167
145.44,8.157,9.054957981952452,897.9579819524517
145.45,8.158,9.055009497929287,897.0094979292877
145.46,8.158,9.054989531578078,896.9895315780789
145.47,8.158,9.054938626745589,896.9386267455892
145.48,8.158,9.054887721913097,896.8877219130977
145.49,8.158,9.054836817080606,896.8368170806062
145.5,8.159,9.054785912248114,895.7859122481135
145.51,8.158,9.054735007415623,896.7350074156233
145.52,8.159,9.054781033096694,895.7810330966929
145.53,8.159,9.054832535166769,895.8325351667681
145.54,8.159,9.054884037236844,895.8840372368435
145.55,8.159,9.05493553930692,895.9355393069188
145.56,8.159,9.054987041376993,895.9870413769924
145.57,8.159,9.055018564599312,896.018564599311
145.58,8.159,9.054967673372245,895.9676733722439
145.59,8.159,9.054916782145176,895.916782145175
145.6,8.159,9.054865890918107,895.8658909181061
145.61,8.159,9.05481499969104,895.8149996910389
145.62,8.159,9.05476410846397,895.76410846397
145.63,8.159,9.054758644425183,895.7586444251824
145.64,8.159,9.054810132592927,895.8101325929259
145.65,8.158,9.05486162076067,896.8616207606708
145.66,8.158,9.054913108928414,896.9131089284143
145.67,8.158,9.054964597096157,896.964597096158
145.68,8.158,9.055016085263901,897.0160852639016
145.69,8.158,9.05499670460654,896.9967046065399
145.7,8.158,9.054945826980765,896.9458269807653
145.71,8.159,9.05489494935499,895.8949493549894
145.72,8.158,9.054844071729216,896.8440717292161
145.73,8.158,9.054793194103441,896.7931941034415
145.74,8.158,9.054742316477666,896.7423164776669
145.75,8.158,9.054787742272293,896.7877422722931
145.76,8.158,9.054839216542128,896.8392165421282
145.77,8.158,9.054890690811964,896.890690811965
145.78,8.158,9.0549421650818,896.9421650817999
145.79,8.158,9.054993639351636,896.9936393516367
145.8,8.158,9.055025720456397,897.0257204563978
145.81,8.158,9.054974856427792,896.9748564277928
145.82,8.158,9.054923992399187,896.9239923991879
145.83,8.157,9.054873128370582,897.8731283705823
145.84,8.157,9.054822264341977,897.8222643419773
145.85,8.157,9.054771400313372,897.7714003133723
145.86,8.157,9.054765364199916,897.7653641999161
145.87,8.156,9.05481682457626,898.8168245762598
145.88,8.156,9.054868284952605,898.868284952604
145.89,8.156,9.054919745328947,898.9197453289464
145.9,8.156,9.054971205705291,898.9712057052906
145.91,8.155,9.055022666081635,900.022666081636
145.92,8.155,9.055003870494163,900.0038704941637
145.93,8.156,9.054953020058608,898.9530200586078
145.94,8.155,9.054902169623054,899.9021696230543
145.95,8.155,9.054851319187499,899.8513191874995
145.96,8.155,9.054800468751944,899.8004687519448
145.97,8.154,9.05474961831639,900.7496183163894
145.98,8.154,9.054794444858103,900.7944448581036
145.99,8.154,9.054845891345368,900.8458913453676
146.0,8.154,9.054897337832632,900.8973378326317
146.01,8.154,9.054948784319896,900.9487843198958
146.02,8.154,9.05500023080716,901.0002308071598
146.03,8.154,9.055032869187771,901.0328691877713
146.04,8.154,9.054982032341155,900.9820323411545
146.05,8.154,9.054931195494536,900.931195494536
146.06,8.154,9.054880358647917,900.8803586479175
146.07,8.153,9.0548295218013,901.8295218013002
146.08,8.153,9.054778684954682,901.7786849546816
146.09,8.152,9.054772077382719,902.7720773827194
146.1,8.151,9.054823509985308,903.8235099853082
146.11,8.15,9.054874942587897,904.8749425878971
146.12,8.15,9.054926375190485,904.9263751904846
146.13,8.15,9.054977807793074,904.9778077930739
146.14,8.15,9.055029240395664,905.0292403956632
146.15,8.15,9.055011029254711,905.0110292547107
146.16,8.15,9.054960205992924,904.9602059929232
146.17,8.15,9.054909382731136,904.9093827311357
146.18,8.15,9.054858559469347,904.8585594693463
146.19,8.15,9.05480773620756,904.8077362075588
146.2,8.15,9.054756912945772,904.7569129457713
146.21,8.15,9.054801140867488,904.8011408674874
146.22,8.15,9.054852559589799,904.8525595897985
146.23,8.15,9.054903978312112,904.9039783121113
146.24,8.15,9.054955397034425,904.9553970344242
146.25,8.15,9.055006815756736,905.0068157567353
146.26,8.15,9.055040010807152,905.0400108071522
146.27,8.151,9.05498920112609,903.9892011260911
146.28,8.151,9.05493839144503,903.9383914450294
146.29,8.151,9.054887581763968,903.8875817639678
146.3,8.151,9.054836772082906,903.8367720829061
146.31,8.151,9.054785962401844,903.7859624018445
146.32,8.151,9.054778783986967,903.7787839869669
146.33,8.152,9.054830188833394,902.8301888333949
146.34,8.152,9.054881593679823,902.8815936798243
146.35,8.152,9.054932998526253,902.9329985262535
146.36,8.153,9.05498440337268,901.9844033726798
146.37,8.153,9.05503580821911,902.0358082191091
146.38,8.153,9.055018180901898,902.018180901898
146.39,8.154,9.054967384797466,900.9673847974664
146.4,8.154,9.054916588693034,900.9165886930343
146.41,8.154,9.054865792588602,900.8657925886023
146.42,8.155,9.05481499648417,899.8149964841708
146.43,8.155,9.054764200379738,899.7642003797388
146.44,8.155,9.054807830313756,899.8078303137564
146.45,8.156,9.05485922128869,898.8592212886886
146.46,8.155,9.054910612263622,899.9106122636231
146.47,8.156,9.054962003238556,898.9620032385552
146.48,8.156,9.05501339421349,899.0133942134886
146.49,8.156,9.055047145328203,899.0471453282023
146.5,8.156,9.05499636279631,898.9963627963089
146.51,8.157,9.054945580264416,897.9455802644161
146.52,8.157,9.054894797732521,897.8947977325209
146.53,8.156,9.054844015200628,898.8440152006269
146.54,8.156,9.054793232668732,898.7932326687318
146.55,8.156,9.054785484025963,898.7854840259625
146.56,8.156,9.054836861133783,898.8368611337822
146.57,8.156,9.054888238241602,898.8882382416019
146.58,8.157,9.05493961534942,897.9396153494204
146.59,8.157,9.05499099245724,897.99099245724
146.6,8.157,9.055042369565058,898.0423695650579
146.61,8.157,9.055025325449394,898.0253254493941
146.62,8.157,9.054974556485952,897.974556485952
146.63,8.157,9.05492378752251,897.9237875225099
146.64,8.157,9.054873018559068,897.8730185590678
146.65,8.157,9.054822249595624,897.8222495956238
146.66,8.157,9.054771480632182,897.7714806321817
146.67,8.157,9.054814513210186,897.8145132101859
146.68,8.157,9.054865876455265,897.8658764552652
146.69,8.157,9.054917239700345,897.9172397003446
146.7,8.157,9.054968602945426,897.9686029454257
146.71,8.157,9.055019966190505,898.0199661905051
146.72,8.157,9.05505427276455,898.0542727645507
146.73,8.157,9.05500351736548,898.0035173654794
146.74,8.157,9.054952761966407,897.9527619664065
146.75,8.157,9.054902006567335,897.9020065673353
146.76,8.157,9.054851251168262,897.8512511682624
146.77,8.157,9.054800495769191,897.8004957691912
146.78,8.157,9.054792177512988,897.7921775129882
146.79,8.157,9.054843526899699,897.8435268996989
146.8,8.157,9.054894876286408,897.8948762864079
146.81,8.157,9.054946225673119,897.9462256731185
146.82,8.157,9.05499757505983,897.9975750598293
146.83,8.157,9.05504892444654,898.0489244465399
146.84,8.157,9.055032462910814,898.0324629108143
146.85,8.157,9.054981721072037,897.9817210720373
146.86,8.157,9.054930979233259,897.9309792332585
146.87,8.157,9.054880237394482,897.8802373944816
146.88,8.158,9.054829495555705,896.8294955557052
146.89,8.158,9.054778753716926,896.7787537169265
146.9,8.157,9.054821189569992,897.8211895699922
146.91,8.157,9.054872525102697,897.8725251026968
146.92,8.157,9.054923860635402,897.9238606354016
146.93,8.157,9.054975196168106,897.9751961681064
146.94,8.157,9.05502653170081,898.0265317008094
146.95,8.157,9.055061393129762,898.0613931297619
146.96,8.156,9.055010664847208,899.0106648472072
146.97,8.155,9.054959936564655,899.959936564656
146.98,8.155,9.054909208282103,899.9092082821037
146.99,8.154,9.054858479999549,900.858479999549
147.0,8.153,9.054807751716996,901.807751716996
147.01,8.152,9.054798864461253,902.7988644612535
147.02,8.151,9.054850186144309,903.8501861443091
147.03,8.151,9.054901507827365,903.9015078273653
147.04,8.15,9.054952829510423,904.9528295104228
147.05,8.149,9.05500415119348,906.0041511934802
147.06,8.148,9.055055472876536,907.0554728765359
147.07,8.147,9.055039593299721,908.039593299721
147.08,8.146,9.054988878569327,908.9888785693265
147.09,8.145,9.054938163838935,909.9381638389357
147.1,8.145,9.054887449108541,909.8874491085418
147.11,8.144,9.054836734378148,910.8367343781474
147.12,8.143,9.054786019647754,911.7860196477529
147.13,8.143,9.05482785940635,911.8278594063494
147.14,8.143,9.05487916724411,911.8791672441091
147.15,8.143,9.054930475081871,911.9304750818707
147.16,8.143,9.054981782919631,911.9817829196304
147.17,8.143,9.05503309075739,912.0330907573901
147.18,8.142,9.055068506437355,913.0685064373552
147.19,8.142,9.055017805255062,913.0178052550626
147.2,8.142,9.05496710407277,912.9671040727701
147.21,8.142,9.054916402890475,912.9164028904758
147.22,8.143,9.054865701708183,911.865701708182
147.23,8.143,9.05481500052589,911.8150005258893
147.24,8.143,9.054805544883934,911.8055448839328
147.25,8.143,9.054856838880744,911.8568388807429
147.26,8.142,9.054908132877552,912.9081328775524
147.27,8.142,9.054959426874362,912.9594268743624
147.28,8.142,9.055010720871172,913.0107208711725
147.29,8.142,9.05506201486798,913.0620148679807
147.3,8.142,9.055046716629631,913.0467166296316
147.31,8.142,9.054996028991383,912.9960289913832
147.32,8.142,9.054945341353134,912.9453413531347
147.33,8.142,9.054894653714886,912.8946537148863
147.34,8.142,9.054843966076639,912.8439660766396
147.35,8.142,9.05479327843839,912.7932784383912
147.36,8.142,9.054834522732378,912.8345227323784
147.37,8.142,9.054885802892578,912.8858028925783
147.38,8.142,9.054937083052778,912.9370830527783
147.39,8.143,9.054988363212978,911.988363212977
147.4,8.143,9.055039643373178,912.039643373177
147.41,8.143,9.055075612700799,912.0756127007983
147.42,8.143,9.055024938602548,912.0249386025474
147.43,8.143,9.054974264504295,911.9742645042948
147.44,8.143,9.054923590406045,911.9235904060439
147.45,8.143,9.054872916307794,911.872916307793
147.46,8.144,9.054822242209541,910.822242209541
147.47,8.145,9.054812218794146,909.812218794146
147.48,8.145,9.054863485122068,909.8634851220684
147.49,8.145,9.054914751449992,909.9147514499925
147.5,8.146,9.054966017777915,908.9660177779137
147.51,8.146,9.055017284105839,909.0172841058379
147.52,8.147,9.055068550433761,908.068550433761
147.53,8.148,9.055053832914007,907.0538329140074
147.54,8.149,9.055003172351709,906.00317235171
147.55,8.149,9.054952511789411,905.9525117894118
147.56,8.148,9.054901851227111,906.9018512271114
147.57,8.148,9.054851190664813,906.8511906648133
147.58,8.148,9.054800530102515,906.8005301025153
147.59,8.149,9.054841179561148,905.8411795611487
147.6,8.149,9.054892432061123,905.8924320611244
147.61,8.15,9.0549436845611,904.9436845611006
147.62,8.15,9.054994937061076,904.9949370610761
147.63,8.151,9.055046189561052,904.0461895610523
147.64,8.151,9.055082711933505,904.0827119335049
147.65,8.152,9.055032064903122,903.0320649031225
147.66,8.153,9.054981417872739,901.9814178727383
147.67,8.154,9.054930770842354,900.9307708423541
147.68,8.155,9.054880123811971,899.8801238119718
147.69,8.156,9.054829476781586,898.8294767815859
147.7,8.156,9.054818886204961,898.8188862049604
147.71,8.157,9.054870124881312,897.8701248813117
147.72,8.158,9.054921363557662,896.921363557663
147.73,8.159,9.054972602234015,895.9726022340142
147.74,8.159,9.055023840910366,896.0238409103649
147.75,8.16,9.055075079586716,895.0750795867161
147.76,8.161,9.055060942166266,894.0609421662664
147.77,8.162,9.055010308663762,893.0103086637615
147.78,8.163,9.05495967516126,891.9596751612602
147.79,8.163,9.054909041658757,891.9090416587565
147.8,8.164,9.054858408156253,890.8584081562534
147.81,8.164,9.054807774653751,890.8077746537515
147.82,8.165,9.054847829905688,889.8478299056886
147.83,8.166,9.054899054762732,888.8990547627316
147.84,8.166,9.054950279619776,888.9502796197756
147.85,8.167,9.05500150447682,888.0015044768204
147.86,8.168,9.055052729333864,887.052729333865
147.87,8.168,9.055089804148857,887.0898041488573
147.88,8.169,9.055039184170207,886.0391841702065
147.89,8.17,9.054988564191557,884.9885641915573
147.9,8.17,9.054937944212908,884.9379442129077
147.91,8.171,9.054887324234258,883.8873242342586
147.92,8.172,9.054836704255608,882.8367042556077
147.93,8.172,9.054825547129406,882.8255471294053
147.94,8.172,9.054876758171453,882.8767581714523
147.95,8.173,9.0549279692135,881.9279692134999
147.96,8.173,9.054979180255549,881.9791802555485
147.97,8.173,9.055030391297596,882.0303912975955
147.98,8.174,9.055081602339643,881.081602339643
147.99,8.174,9.055068044399777,881.0680443997771
148.0,8.173,9.055017437940958,882.0174379409575
148.01,8.173,9.054966831482139,881.9668314821386
148.02,8.172,9.054916225023321,882.9162250233206
148.03,8.172,9.054865618564502,882.8656185645016
148.04,8.172,9.054815012105683,882.8150121056826
148.05,8.172,9.054854473778978,882.854473778977
148.06,8.172,9.054905671010335,882.9056710103345
148.07,8.172,9.05495686824169,882.9568682416901
148.08,8.172,9.055008065473046,883.0080654730459
148.09,8.171,9.055059262704404,884.0592627044045
148.1,8.17,9.05509688936017,885.0968893601703
148.11,8.17,9.055046296417164,885.0462964171637
148.12,8.169,9.054995703474159,885.9957034741583
148.13,8.169,9.054945110531152,885.9451105311517
148.14,8.169,9.054894517588147,885.894517588147
148.15,8.168,9.054843924645143,886.8439246451434
148.16,8.168,9.054832201580464,886.8322015804644
148.17,8.168,9.054883385005427,886.8833850054276
148.18,8.168,9.054934568430392,886.9345684303927
148.19,8.168,9.054985751855357,886.9857518553576
148.2,8.168,9.05503693528032,887.0369352803209
148.21,8.168,9.055088118705285,887.088118705286
148.22,8.168,9.055075139627856,887.0751396278571
148.23,8.167,9.055024560196653,888.0245601966532
148.24,8.167,9.05497398076545,887.9739807654498
148.25,8.167,9.054923401334248,887.9234013342483
148.26,8.167,9.054872821903045,887.872821903045
148.27,8.167,9.054822242471841,887.8222424718416
148.28,8.167,9.054861111193949,887.8611111939492
148.29,8.166,9.054912280816817,888.9122808168164
148.3,8.166,9.054963450439683,888.9634504396824
148.31,8.166,9.055014620062549,889.0146200625484
148.32,8.166,9.055065789685417,889.0657896854161
148.33,8.165,9.055103967580719,890.1039675807194
148.34,8.166,9.05505340165731,889.0534016573089
148.35,8.165,9.0550028357339,890.0028357339007
148.36,8.165,9.05495226981049,889.9522698104913
148.37,8.165,9.054901703887081,889.901703887082
148.38,8.165,9.054851137963672,889.8511379636726
148.39,8.165,9.054838849571066,889.8388495710669
148.4,8.165,9.054890005396123,889.8900053961238
148.41,8.165,9.05494116122118,889.9411612211807
148.42,8.165,9.054992317046239,889.9923170462394
148.43,8.165,9.055043472871295,890.0434728712962
148.44,8.165,9.055094628696352,890.0946286963531
148.45,8.164,9.055082227863785,891.0822278637855
148.46,8.164,9.05503167544417,891.0316754441699
148.47,8.164,9.054981123024552,890.9811230245523
148.48,8.164,9.054930570604936,890.9305706049366
148.49,8.165,9.054880018185319,889.8800181853197
148.5,8.165,9.054829465765703,889.829465765704
148.51,8.164,9.054867742163488,890.8677421634881
148.52,8.164,9.054918884195018,890.9188841950187
148.53,8.164,9.054970026226549,890.9700262265492
148.54,8.165,9.055021168258078,890.0211682580785
148.55,8.165,9.055072310289608,890.072310289609
148.56,8.165,9.055111038823734,890.1110388237346
148.57,8.165,9.055060499903915,890.0604999039157
148.58,8.165,9.055009960984094,890.009960984095
148.59,8.165,9.054959422064275,889.9594220642762
148.6,8.165,9.054908883144455,889.9088831444554
148.61,8.165,9.054858344224636,889.8583442246367
148.62,8.165,9.054845491114097,889.8454911140981
148.63,8.165,9.054896619356377,889.896619356378
148.64,8.165,9.054947747598655,889.9477475986562
148.65,8.166,9.054998875840935,888.9988758409348
148.66,8.165,9.055050004083213,890.0500040832142
148.67,8.166,9.055101132325493,889.1011323254929
148.68,8.166,9.05508930912078,889.089309120779
148.69,8.165,9.055038783696764,890.0387836967649
148.7,8.166,9.05498825827275,888.9882582727502
148.71,8.166,9.054937732848735,888.9377328487349
148.72,8.166,9.05488720742472,888.8872074247196
148.73,8.166,9.054836682000705,888.8366820007043
148.74,8.166,9.054874366700435,888.8743667004348
148.75,8.166,9.054925481157735,888.9254811577346
148.76,8.166,9.054976595615035,888.9765956150342
148.77,8.166,9.055027710072334,889.0277100723338
148.78,8.167,9.055078824529632,888.0788245296322
148.79,8.167,9.055118103102393,888.1181031023928
148.8,8.166,9.055067591170197,889.0675911701962
148.81,8.166,9.055017079238,889.0170792380001
148.82,8.166,9.054966567305804,888.966567305804
148.83,8.166,9.054916055373608,888.916055373608
148.84,8.167,9.054865543441412,887.8655434414125
148.85,8.167,9.054852126222391,887.8521262223912
148.86,8.168,9.054903226898976,886.9032268989763
148.87,8.168,9.05495432757556,886.9543275755607
148.88,8.168,9.055005428252146,887.0054282521469
148.89,8.168,9.05505652892873,887.0565289287313
148.9,8.168,9.055107629605315,887.1076296053158
148.91,8.168,9.055096383412012,887.0963834120129
148.92,8.168,9.055045884967656,887.045884967657
148.93,8.168,9.054995386523299,886.9953865232993
148.94,8.169,9.054944888078943,885.9448880789422
148.95,8.168,9.054894389634585,886.8943896345858
148.96,8.168,9.054843891190227,886.8438911902281
148.97,8.169,9.054880984817581,885.8809848175806
148.98,8.169,9.05493207171771,885.9320717177095
148.99,8.169,9.05498315861784,885.9831586178402
149.0,8.17,9.05503424551797,885.0342455179696
149.01,8.17,9.0550853324181,885.0853324181003
149.02,8.17,9.055125160429824,885.1251604298245
149.03,8.169,9.05507467546933,886.0746754693291
149.04,8.169,9.055024190508837,886.0241905088362
149.05,8.17,9.054973705548342,884.973705548342
149.06,8.169,9.054923220587847,885.9232205878467
149.07,8.17,9.054872735627354,884.8727356273542
149.08,8.17,9.05485875490875,884.8587549087501
149.09,8.17,9.05490982803668,884.9098280366796
149.1,8.17,9.054960901164607,884.9609011646073
149.11,8.17,9.055011974292535,885.0119742925351
149.12,8.17,9.055063047420465,885.0630474204646
149.13,8.17,9.055114120548392,885.1141205483923
149.14,8.17,9.055103450750622,885.1034507506217
149.15,8.171,9.055052979270018,884.0529792700185
149.16,8.17,9.055002507789416,885.0025077894159
149.17,8.17,9.054952036308814,884.952036308814
149.18,8.17,9.05490156482821,884.9015648282101
149.19,8.17,9.054851093347608,884.8510933476082
149.2,8.17,9.05488759652767,884.8875965276708
149.21,8.17,9.054938655887646,884.9386558876464
149.22,8.17,9.05498971524762,884.9897152476203
149.23,8.17,9.055040774607596,885.040774607596
149.24,8.169,9.055091833967571,886.091833967571
149.25,8.169,9.055132210819114,886.1322108191132
149.26,8.169,9.055081752814438,886.0817528144373
149.27,8.169,9.055031294809764,886.0312948097633
149.28,8.169,9.054980836805088,885.9808368050874
149.29,8.169,9.054930378800414,885.9303788004133
149.3,8.169,9.054879920795738,885.8799207957375
149.31,8.169,9.05486537718591,885.86537718591
149.32,8.168,9.054916422782174,886.9164227821749
149.33,8.168,9.05496746837844,886.9674683784403
149.34,8.167,9.055018513974703,888.0185139747034
149.35,8.167,9.055069559570969,888.0695595709689
149.36,8.167,9.055120605167234,888.1206051672343
149.37,8.167,9.055110511149678,888.1105111496784
149.38,8.167,9.055060066616969,888.0600666169692
149.39,8.167,9.055009622084262,888.0096220842618
149.4,8.166,9.054959177551552,888.959177551552
149.41,8.166,9.054908733018843,888.9087330188428
149.42,8.166,9.054858288486134,888.8582884861336
149.43,8.166,9.054894201843407,888.8942018434066
149.44,8.167,9.054945233680197,887.9452336801971
149.45,8.167,9.054996265516989,887.9962655169891
149.46,8.166,9.05504729735378,889.0472973537804
149.47,8.166,9.055098329190571,889.0983291905706
149.48,8.166,9.055139254283299,889.1392542832986
149.49,8.166,9.055088823218602,889.0888232186019
149.5,8.166,9.055038392153905,889.0383921539051
149.51,8.166,9.054987961089209,888.9879610892084
149.52,8.166,9.054937530024512,888.9375300245117
149.53,8.166,9.054887098959815,888.887098959815
149.54,8.166,9.054871993066575,888.8719930665748
149.55,8.166,9.054923011148123,888.9230111481226
149.56,8.166,9.05497402922967,888.9740292296704
149.57,8.166,9.05502504731122,889.02504731122
149.58,8.166,9.055076065392768,889.0760653927679
149.59,8.166,9.055127083474316,889.1270834743157
149.6,8.166,9.05511756462222,889.1175646222198
149.61,8.166,9.055067147021585,889.067147021585
149.62,8.166,9.05501672942095,889.0167294209501
149.63,8.166,9.054966311820314,888.9663118203135
149.64,8.166,9.054915894219679,888.9158942196786
149.65,8.166,9.054865476619044,888.8654766190438
149.66,8.166,9.05490080077744,888.9008007774404
149.67,8.166,9.054951805107972,888.951805107972
149.68,8.166,9.055002809438504,889.0028094385034
149.69,8.166,9.055053813769035,889.053813769035
149.7,8.166,9.055104818099567,889.1048180995664
149.71,8.165,9.055146290835367,890.1462908353678
149.72,8.166,9.055095886694849,889.0958866948484
149.73,8.166,9.05504548255433,889.0454825543302
149.74,8.167,9.054995078413812,887.9950784138124
149.75,8.167,9.054944674273296,887.944674273296
149.76,8.167,9.054894270132777,887.8942701327777
149.77,8.168,9.054878602563397,886.8786025633976
149.78,8.168,9.054929593147131,886.9295931471318
149.79,8.168,9.054980583730867,886.9805837308675
149.8,8.168,9.0550315743146,887.0315743146016
149.81,8.168,9.055082564898335,887.0825648983356
149.82,8.168,9.055133555482069,887.1335554820696
149.83,8.168,9.055124611181235,887.1246111812354
149.84,8.168,9.055074220496895,887.0742204968956
149.85,8.169,9.055023829812553,886.0238298125527
149.86,8.169,9.054973439128213,885.9734391282128
149.87,8.169,9.054923048443872,885.9230484438712
149.88,8.169,9.054872657759532,885.8726577595313
149.89,8.169,9.054907393342386,885.9073933423858
149.9,8.169,9.054958370183538,885.9583701835377
149.91,8.169,9.05500934702469,886.0093470246895
149.92,8.169,9.055060323865842,886.0603238658414
149.93,8.169,9.055111300706994,886.1113007069932
149.94,8.168,9.055153320488264,887.1533204882649
149.95,8.167,9.055102943256166,888.1029432561664
149.96,8.167,9.05505256602407,888.0525660240703
149.97,8.166,9.055002188791972,889.0021887919719
149.98,8.166,9.054951811559874,888.951811559874
149.99,8.165,9.054901434327778,889.9014343277792
150.0,8.164,9.054885205688992,890.885205688992
150.01,8.164,9.054936168791768,890.9361687917681
150.02,8.163,9.054987131894546,891.9871318945454
150.03,8.162,9.055038094997323,893.0380949973227
150.04,8.162,9.055089058100101,893.0890581001005
150.05,8.161,9.05514002120288,894.1400212028796
150.06,8.16,9.055131650839664,895.1316508396641
150.07,8.159,9.05508128705588,896.0812870558801
150.08,8.159,9.055030923272096,896.0309232720949
150.09,8.158,9.054980559488312,896.9805594883127
150.1,8.157,9.054930195704529,897.9301957045287
150.11,8.158,9.054879831920744,896.8798319207441
150.12,8.157,9.054913979550808,897.9139795508075
150.13,8.157,9.054964928919414,897.9649289194142
150.14,8.157,9.055015878288021,898.015878288021
150.15,8.157,9.05506682765663,898.0668276566295
150.16,8.157,9.055117777025236,898.1177770252363
150.17,8.157,9.055160343254888,898.1603432548884
150.18,8.157,9.055109992915494,898.1099929154936
150.19,8.158,9.055059642576099,897.0596425760995
150.2,8.158,9.055009292236704,897.0092922367048
150.21,8.158,9.05495894189731,896.9589418973101
150.22,8.159,9.054908591557915,895.9085915579142
150.23,8.159,9.054891802455918,895.8918024559175
150.24,8.16,9.054942738094551,894.9427380945511
150.25,8.16,9.054993673733186,894.993673733186
150.26,8.16,9.05504460937182,895.0446093718192
150.27,8.16,9.055095545010452,895.0955450104523
150.28,8.16,9.055146480649087,895.1464806490872
150.29,8.161,9.055138683610402,894.1386836104019
150.3,8.16,9.055088346711477,895.0883467114768
150.31,8.16,9.055038009812552,895.0380098125521
150.32,8.16,9.054987672913628,894.9876729136274
150.33,8.16,9.054937336014703,894.9373360147029
150.34,8.16,9.054886999115777,894.8869991157765
150.35,8.16,9.054920559415221,894.9205594152207
150.36,8.159,9.054971481328073,895.971481328072
150.37,8.159,9.055022403240926,896.0224032409254
150.38,8.159,9.055073325153778,896.0733251537771
150.39,8.16,9.055124247066631,895.1242470666311
150.4,8.16,9.055167359148088,895.1673591480879
150.41,8.16,9.055117035685718,895.1170356857183
150.42,8.16,9.05506671222335,895.0667122233505
150.43,8.16,9.055016388760981,895.0163887609808
150.44,8.16,9.054966065298611,894.966065298611
150.45,8.16,9.054915741836243,894.9157418362432
150.46,8.16,9.054898392876696,894.898392876696
150.47,8.16,9.054949301067955,894.949301067955
150.48,8.16,9.055000209259212,895.0002092592122
150.49,8.16,9.055051117450471,895.0511174504711
150.5,8.159,9.055102025641729,896.1020256417278
150.51,8.16,9.055152933832987,895.1529338329873
150.52,8.159,9.055145709506299,896.1457095062979
150.53,8.16,9.055095399476576,895.0953994765758
150.54,8.16,9.055045089446853,895.0450894468531
150.55,8.16,9.05499477941713,894.9947794171304
150.56,8.16,9.05494446938741,894.9444693874095
150.57,8.16,9.054894159357687,894.8941593576869
150.58,8.159,9.054927132922984,895.9271329229832
150.59,8.159,9.054978027366303,895.9780273663025
150.6,8.159,9.05502892180962,896.02892180962
150.61,8.159,9.055079816252938,896.0798162529376
150.62,8.16,9.055130710696258,895.1307106962574
150.63,8.161,9.05517436800555,894.174368005551
150.64,8.161,9.055124071410788,894.1240714107881
150.65,8.162,9.055073774816027,893.0737748160258
150.66,8.163,9.055023478221266,892.0234782212652
150.67,8.163,9.054973181626504,891.9731816265041
150.68,8.164,9.054922885031742,890.9228850317419
150.69,8.164,9.054904976815825,890.9049768158254
150.7,8.164,9.054955857550892,890.9558575508925
150.71,8.164,9.05500673828596,891.0067382859595
150.72,8.165,9.055057619021026,890.057619021027
150.73,8.165,9.055108499756093,890.1084997560939
150.74,8.165,9.055159380491158,890.1593804911591
150.75,8.165,9.05515272825927,890.1527282592702
150.76,8.166,9.055102445093338,889.1024450933376
150.77,8.167,9.055052161927406,888.0521619274067
150.78,8.167,9.055001878761477,888.001878761477
150.79,8.168,9.054951595595545,886.951595595546
150.8,8.169,9.054901312429616,885.9013124296151
150.81,8.17,9.054933699915603,884.933699915603
150.82,8.17,9.054984566944764,884.9845669447642
150.83,8.171,9.055035433973924,884.0354339739242
150.84,8.172,9.055086301003083,883.0863010030826
150.85,8.173,9.055137168032243,882.1371680322425
150.86,8.174,9.05518137000954,881.181370009541
150.87,8.175,9.05513110026705,880.1311002670484
150.88,8.176,9.055080830524558,879.0808305245577
150.89,8.177,9.055030560782066,878.0305607820669
150.9,8.178,9.054980291039575,876.9802910395744
150.91,8.179,9.054930021297082,875.9300212970818
150.92,8.18,9.054911554439558,874.9115544395582
150.93,8.18,9.054962407765741,874.9624077657412
150.94,8.181,9.055013261091922,874.0132610919229
150.95,8.182,9.055064114418105,873.0641144181046
150.96,8.183,9.055114967744286,872.1149677442863
150.97,8.183,9.055165821070469,872.1658210704693
150.98,8.184,9.0551597403314,871.1597403314001
150.99,8.185,9.05510948400743,870.109484007429
151.0,8.186,9.055059227683461,869.0592276834615
151.01,8.187,9.055008971359491,868.0089713594921
151.02,8.188,9.054958715035523,866.9587150355227
151.03,8.189,9.054908458711553,865.9084587115533
151.04,8.189,9.054940260733343,865.9402607333426
151.05,8.189,9.054991100359846,865.991100359846
151.06,8.189,9.05504193998635,866.0419399863492
151.07,8.189,9.05509277961285,866.0927796128508
151.08,8.189,9.055143619239354,866.1436192393542
151.09,8.189,9.055188365284517,866.1883652845166
151.1,8.189,9.055138122374448,866.1381223744478
151.11,8.189,9.055087879464379,866.087879464379
151.12,8.189,9.05503763655431,866.0376365543101
151.13,8.19,9.05498739364424,864.98739364424
151.14,8.19,9.05493715073417,864.9371507341712
151.15,8.19,9.054918125835046,864.9181258350467
151.16,8.19,9.054968951765392,864.968951765393
151.17,8.19,9.055019777695739,865.0197776957391
151.18,8.19,9.055070603626085,865.0706036260854
151.19,8.19,9.055121429556431,865.1214295564316
151.2,8.19,9.055172255486777,865.1722554867778
151.21,8.19,9.055166745626368,865.1667456263681
151.22,8.19,9.055116516125782,865.1165161257826
151.23,8.19,9.055066286625197,865.066286625197
151.24,8.19,9.055016057124611,865.0160571246115
151.25,8.19,9.054965827624025,864.9658276240259
151.26,8.19,9.054915598123438,864.9155981234387
151.27,8.19,9.054946815298253,864.9468152982536
151.28,8.19,9.054997627536144,864.9976275361446
151.29,8.19,9.055048439774035,865.0484397740356
151.3,8.19,9.055099252011926,865.0992520119268
151.31,8.19,9.055150064249817,865.1500642498178
151.32,8.19,9.055195353765754,865.1953537657544
151.33,8.19,9.05514513767042,865.1451376704209
151.34,8.19,9.055094921575087,865.0949215750874
151.35,8.19,9.055044705479753,865.0447054797539
151.36,8.19,9.05499448938442,864.9944893844204
151.37,8.19,9.054944273289088,864.9442732890886
151.38,8.19,9.054924690949852,864.9246909498522
151.39,8.19,9.05497548949916,864.9754894991606
151.4,8.19,9.055026288048468,865.0262880484689
151.41,8.19,9.055077086597777,865.0770865977772
151.42,8.19,9.055127885147087,865.1278851470873
151.43,8.19,9.055178683696395,865.1786836963958
151.44,8.19,9.055173744102712,865.1737441027124
151.45,8.19,9.055123541408578,865.123541408579
151.46,8.19,9.055073338714445,865.0733387144455
151.47,8.19,9.055023136020312,865.0231360203122
151.48,8.19,9.054972933326178,864.9729333261789
151.49,8.19,9.054922730632045,864.9227306320455
151.5,8.19,9.05495336357804,864.9533635780405
151.51,8.189,9.055004148442801,866.0041484428014
151.52,8.189,9.055054933307563,866.0549333075629
151.53,8.189,9.055105718172324,866.1057181723244
151.54,8.189,9.055156503037086,866.1565030370859
151.55,8.189,9.055202335427179,866.2023354271788
151.56,8.188,9.055152146099832,867.1521460998317
151.57,8.188,9.055101956772488,867.1019567724869
151.58,8.188,9.055051767445141,867.0517674451403
151.59,8.188,9.055001578117796,867.0015781177956
151.6,8.188,9.05495138879045,866.951388790449
151.61,8.187,9.054931249593873,867.9312495938732
151.62,8.187,9.054982020784468,867.9820207844689
151.63,8.187,9.055032791975064,868.0327919750646
151.64,8.187,9.05508356316566,868.0835631656603
151.65,8.187,9.055134334356257,868.1343343562578
151.66,8.188,9.055185105546853,867.1851055468522
151.67,8.188,9.05518073559869,867.1807355986889
151.68,8.189,9.055130559669879,866.1305596698785
151.69,8.189,9.055080383741066,866.0803837410658
151.7,8.19,9.055030207812253,865.0302078122536
151.71,8.19,9.05498003188344,864.9800318834409
151.72,8.191,9.05492985595463,863.9298559546287
151.73,8.191,9.054959905293465,863.9599052934645
151.74,8.191,9.055010662811924,864.0106628119231
151.75,8.191,9.055061420330382,864.0614203303816
151.76,8.191,9.055112177848839,864.1121778488383
151.77,8.191,9.055162935367298,864.1629353672968
151.78,8.191,9.05520931004989,864.2093100498887
151.79,8.191,9.055159147514091,864.1591475140906
151.8,8.191,9.055108984978295,864.1089849782943
151.81,8.191,9.055058822442497,864.0588224424963
151.82,8.191,9.0550086599067,864.0086599067
151.83,8.191,9.054958497370903,863.958497370902
151.84,8.191,9.054937801946881,863.9378019468804
151.85,8.19,9.054988545795998,864.9885457959989
151.86,8.19,9.055039289645116,865.0392896451162
151.87,8.191,9.055090033494233,864.0900334942323
151.88,8.19,9.05514077734335,865.1407773433508
151.89,8.19,9.055191521192468,865.1915211924681
151.9,8.19,9.055187720298134,865.1877202981346
151.91,8.19,9.05513757115045,865.1375711504503
151.92,8.191,9.055087422002764,864.087422002763
151.93,8.191,9.055037272855078,864.0372728550769
151.94,8.191,9.054987123707392,863.9871237073909
151.95,8.191,9.054936974559707,863.9369745597065
151.96,8.191,9.054966440911324,863.966440911323
151.97,8.191,9.055017171094367,864.0171710943658
151.98,8.191,9.055067901277408,864.0679012774068
151.99,8.191,9.05511863146045,864.1186314604497
152.0,8.191,9.055169361643491,864.1693616434907
152.01,8.192,9.055216278019996,863.2162780199959
152.02,8.192,9.055166142255871,863.1661422558707
152.03,8.192,9.055116006491748,863.1160064917474
152.04,8.192,9.055065870727622,863.0658707276222
152.05,8.193,9.055015734963497,862.0157349634976
152.06,8.193,9.054965599199374,861.9655991993742
152.07,8.193,9.054944348145655,861.9443481456557
152.08,8.193,9.054995064666137,861.9950646661376
152.09,8.194,9.05504578118662,861.0457811866183
152.1,8.194,9.055096497707101,861.0964977071003
152.11,8.194,9.055147214227581,861.1472142275804
152.12,8.194,9.055197930748063,861.1979307480624
152.13,8.194,9.055194698295574,861.1946982955736
152.14,8.194,9.055144575910658,861.1445759106573
152.15,8.194,9.055094453525742,861.094453525741
152.16,8.195,9.055044331140824,860.0443311408235
152.17,8.195,9.054994208755907,859.9942087559072
152.18,8.195,9.054944086370991,859.9440863709908
152.19,8.195,9.054972970350422,859.9729703504213
152.2,8.195,9.055023673212006,860.0236732120052
152.21,8.195,9.05507437607359,860.0743760735892
152.22,8.195,9.055125078935172,860.1250789351714
152.23,8.196,9.055175781796756,859.1757817967558
152.24,8.196,9.055223239272156,859.223239272156
152.25,8.196,9.055173130262235,859.173130262235
152.26,8.196,9.055123021252314,859.123021252314
152.27,8.196,9.055072912242393,859.072912242393
152.28,8.196,9.055022803232472,859.022803232472
152.29,8.197,9.05497269422255,857.9726942225516
152.3,8.197,9.054950888138567,857.9508881385677
152.31,8.197,9.055001577345037,858.0015773450374
152.32,8.197,9.055052266551506,858.0522665515069
152.33,8.197,9.055102955757976,858.1029557579765
152.34,8.196,9.055153644964447,859.1536449644473
152.35,8.197,9.055204334170917,858.2043341709174
152.36,8.197,9.055201669550444,858.2016695504446
152.37,8.197,9.055151573911441,858.1515739114423
152.38,8.197,9.055101478272439,858.1014782724399
152.39,8.197,9.055051382633437,858.0513826334375
152.4,8.197,9.055001286994434,858.0012869944351
152.41,8.197,9.054951191355432,857.9511913554327
152.42,8.197,9.054979493578424,857.9794935784246
152.43,8.197,9.055030169133692,858.0301691336931
152.44,8.197,9.055080844688959,858.0808446889598
152.45,8.197,9.055131520244228,858.1315202442283
152.46,8.197,9.055182195799496,858.1821957994969
152.47,8.197,9.05523019378049,858.230193780491
152.48,8.197,9.055180111508466,858.1801115084672
152.49,8.197,9.055130029236443,858.1300292364435
152.5,8.197,9.055079946964419,858.0799469644198
152.51,8.197,9.055029864692395,858.029864692396
152.52,8.197,9.05497978242037,857.9797824203705
152.53,8.196,9.054957421906131,858.9574219061316
152.54,8.196,9.05500808381423,859.0080838142295
152.55,8.196,9.055058745722329,859.0587457223294
152.56,8.196,9.055109407630427,859.1094076304273
152.57,8.197,9.055160069538525,858.1600695385258
152.58,8.197,9.055210731446623,858.2107314466239
152.59,8.197,9.055208634049919,858.2086340499195
152.6,8.197,9.055158565141053,858.1585651410535
152.61,8.197,9.055108496232187,858.1084962321875
152.62,8.197,9.05505842732332,858.0584273233214
152.63,8.196,9.055008358414455,859.0083584144547
152.64,8.196,9.054958289505588,858.9582895055887
152.65,8.195,9.054986010588328,859.9860105883276
152.66,8.194,9.055036658853382,861.0366588533811
152.67,8.194,9.055087307118436,861.0873071184351
152.68,8.193,9.05513795538349,862.1379553834903
152.69,8.192,9.055188603648544,863.1886036485437
152.7,8.191,9.055237141543317,864.2371415433167
152.71,8.191,9.055187085993875,864.1870859938745
152.72,8.19,9.055137030444435,865.1370304444353
152.73,8.189,9.055086974894994,866.0869748949942
152.74,8.188,9.055036919345552,867.0369193455514
152.75,8.187,9.054986863796112,867.9868637961122
152.76,8.186,9.054963949452036,868.963949452036
152.77,8.185,9.055014584078226,870.0145840782252
152.78,8.184,9.055065218704417,871.0652187044179
152.79,8.183,9.055115853330607,872.115853330607
152.8,8.182,9.055166487956798,873.1664879567979
152.81,8.182,9.055217122582988,873.2171225829877
152.82,8.182,9.055215591803144,873.2155918031434
152.83,8.18,9.055165549609436,875.1655496094362
152.84,8.179,9.055115507415728,876.1155074157276
152.85,8.178,9.05506546522202,877.0654652220192
152.86,8.178,9.05501542302831,877.0154230283093
152.87,8.177,9.054965380834602,877.9653808346027
152.88,8.176,9.054992521393379,878.9925213933784
152.89,8.175,9.055043142384903,880.0431423849027
152.9,8.175,9.055093763376426,880.0937633764256
152.91,8.174,9.05514438436795,881.1443843679499
152.92,8.173,9.055195005359474,882.1950053594741
152.93,8.172,9.055244082577325,883.244082577324
152.94,8.172,9.055194053735665,883.1940537356644
152.95,8.171,9.055144024894007,884.1440248940078
152.96,8.171,9.055093996052348,884.0939960523482
152.97,8.171,9.055043967210688,884.0439672106886
152.98,8.17,9.054993938369028,884.9939383690285
152.99,8.17,9.054970470795453,884.9704707954534
153.0,8.171,9.055021078156486,884.0210781564863
153.01,8.171,9.055071685517518,884.0716855175187
153.02,8.171,9.05512229287855,884.1222928785512
153.03,8.171,9.055172900239581,884.172900239582
153.04,8.172,9.055223507600614,883.2235076006132
153.05,8.172,9.0552225428315,883.2225428314988
153.06,8.172,9.055172527338184,883.1725273381838
153.07,8.171,9.05512251184487,884.1225118448701
153.08,8.17,9.055072496351555,885.0724963515546
153.09,8.171,9.05502248085824,884.0224808582402
153.1,8.171,9.054972465364923,883.9724653649234
153.11,8.171,9.05499902601554,883.9990260155411
153.12,8.171,9.055049619750218,884.0496197502183
153.13,8.171,9.055100213484895,884.1002134848957
153.14,8.171,9.055150807219572,884.1508072195729
153.15,8.171,9.05520140095425,884.2014009542503
153.16,8.172,9.055251016905006,883.2510169050049
153.17,8.172,9.055201014756292,883.2010147562919
153.18,8.172,9.055151012607581,883.1510126075806
153.19,8.172,9.055101010458868,883.1010104588674
153.2,8.172,9.055051008310155,883.0510083101544
153.21,8.172,9.055001006161442,883.0010061614413
153.22,8.173,9.05497698595809,881.9769859580902
153.23,8.173,9.055027566070502,882.0275660705015
153.24,8.173,9.055078146182913,882.0781461829129
153.25,8.174,9.055128726295324,881.1287262953247
153.26,8.174,9.055179306407735,881.179306407736
153.27,8.173,9.055229886520149,882.2298865201485
153.28,8.173,9.05522948715596,882.2294871559607
153.29,8.173,9.055179498348073,882.1794983480729
153.3,8.173,9.055129509540185,882.1295095401852
153.31,8.173,9.055079520732297,882.0795207322974
153.32,8.174,9.05502953192441,881.0295319244101
153.33,8.174,9.054979543116522,880.9795431165223
153.34,8.174,9.055005524473959,881.0055244739594
153.35,8.174,9.055056090968147,881.0560909681477
153.36,8.174,9.055106657462336,881.1066574623361
153.37,8.175,9.055157223956526,880.157223956525
153.38,8.175,9.055207790450714,880.2077904507133
153.39,8.175,9.05525794454441,880.2579445444092
153.4,8.175,9.055207969073537,880.2079690735364
153.41,8.175,9.055157993602666,880.1579936026656
153.42,8.175,9.055108018131795,880.1080181317947
153.43,8.174,9.055058042660923,881.0580426609231
153.44,8.174,9.055008067190052,881.0080671900522
153.45,8.174,9.054983494955827,880.983494955828
153.46,8.173,9.055034047835802,882.034047835802
153.47,8.173,9.055084600715777,882.0846007157766
153.48,8.173,9.055135153595751,882.1351535957511
153.49,8.172,9.055185706475726,883.1857064757252
153.5,8.172,9.0552362593557,883.2362593556998
153.51,8.171,9.055236424790861,884.2364247908616
153.52,8.171,9.055186462653175,884.1864626531759
153.53,8.171,9.055136500515491,884.136500515492
153.54,8.171,9.055086538377807,884.086538377808
153.55,8.172,9.055036576240122,883.0365762401211
153.56,8.171,9.054986614102438,883.9866141024384
153.57,8.172,9.055012016780843,883.0120167808424
153.58,8.173,9.055062556050586,882.0625560505864
153.59,8.173,9.05511309532033,882.1130953203298
153.6,8.174,9.055163634590073,881.1636345900738
153.61,8.175,9.055214173859817,880.2141738598159
153.62,8.176,9.05526471312956,879.2647131295599
153.63,8.176,9.055214916698365,879.2149166983645
153.64,8.177,9.055164967890027,878.1649678900276
153.65,8.177,9.055115019081692,878.115019081692
153.66,8.178,9.055065070273356,877.0650702733551
153.67,8.178,9.05501512146502,877.0151214650194
153.68,8.179,9.05498999779809,875.98999779809
153.69,8.18,9.055040523461571,875.0405234615712
153.7,8.181,9.055091049125052,874.0910491250525
153.71,8.181,9.055141574788532,874.141574788533
153.72,8.182,9.055192100452011,873.1921004520107
153.73,8.182,9.055242626115492,873.2426261154912
153.74,8.183,9.055243355744766,872.2433557447662
153.75,8.184,9.055193420261942,871.1934202619425
153.76,8.184,9.055143484779116,871.1434847791164
153.77,8.185,9.05509354929629,870.0935492962891
153.78,8.185,9.055043613813464,870.043613813463
153.79,8.186,9.054993678330638,868.9936783306375
153.8,8.187,9.055018502943486,868.0185029434871
153.81,8.187,9.055069015004666,868.0690150046662
153.82,8.188,9.055119527065846,867.1195270658459
153.83,8.188,9.055170039127026,867.1700391270249
153.84,8.189,9.055220551188205,866.2205511882046
153.85,8.189,9.055271063249386,866.2710632493855
153.86,8.19,9.055221857637743,865.2218576377439
153.87,8.19,9.055171935476597,865.1719354765977
153.88,8.19,9.05512201331545,865.1220133154513
153.89,8.191,9.055072091154305,864.0720911543038
153.9,8.191,9.055022168993158,864.0221689931575
153.91,8.192,9.054996494491112,862.9964944911119
153.92,8.193,9.055046992953955,862.0469929539549
153.93,8.193,9.055097491416795,862.0974914167956
153.94,8.193,9.055147989879638,862.1479898796381
153.95,8.194,9.05519848834248,861.1984883424792
153.96,8.194,9.05524898680532,861.2489868053199
153.97,8.195,9.055250280023976,860.2502800239762
153.98,8.195,9.05520037118069,860.2003711806905
153.99,8.196,9.055150462337405,859.1504623374053
154.0,8.196,9.05510055349412,859.1005534941196
154.01,8.197,9.055050644650834,858.0506446508344
154.02,8.197,9.055000735807548,858.0007358075487
154.03,8.198,9.055024982967769,857.0249829677686
154.04,8.199,9.055075467836238,856.0754678362379
154.05,8.199,9.055125952704707,856.1259527047067
154.06,8.2,9.055176437573175,855.176437573176
154.07,8.201,9.055226922441644,854.2269224416436
154.08,8.201,9.055277407310113,854.2774073101125
154.09,8.201,9.055228791898012,854.2287918980112
154.1,8.201,9.055178896368782,854.1788963687811
154.11,8.201,9.055129000839552,854.129000839551
154.12,8.201,9.055079105310321,854.079105310321
154.13,8.201,9.055029209781091,854.0292097810909
154.14,8.201,9.055002985041048,854.0029850410473
154.15,8.201,9.055053456319115,854.0534563191145
154.16,8.201,9.05510392759718,854.1039275971798
154.17,8.201,9.055154398875246,854.1543988752451
154.18,8.201,9.055204870153313,854.2048701533123
154.19,8.201,9.055255341431378,854.2553414313776
154.2,8.202,9.055257197635255,853.257197635255
154.21,8.202,9.055207315416288,853.207315416288
154.22,8.202,9.055157433197321,853.1574331973211
154.23,8.202,9.055107550978356,853.1075509783559
154.24,8.202,9.055057668759389,853.0576687593889
154.25,8.202,9.055007786540424,853.0077865404237
154.26,8.203,9.055031456860467,852.0314568604679
154.27,8.203,9.055081914552105,852.0819145521052
154.28,8.203,9.05513237224374,852.1323722437409
154.29,8.203,9.055182829935376,852.1828299353764
154.3,8.203,9.055233287627011,852.233287627012
154.31,8.204,9.055283745318649,851.2837453186481
154.32,8.204,9.055235719486703,851.2357194867022
154.33,8.204,9.055185850574224,851.1858505742235
154.34,8.204,9.055135981661746,851.135981661745
154.35,8.205,9.055086112749267,850.0861127492669
154.36,8.205,9.055036243836788,850.0362438367883
154.37,8.205,9.055009469455435,850.0094694554346
154.38,8.205,9.055059913564616,850.0599135646158
154.39,8.205,9.055110357673797,850.1103576737971
154.4,8.206,9.055160801782979,849.160801782979
154.41,8.206,9.05521124589216,849.2112458921604
154.42,8.206,9.055261690001343,849.2616900013435
154.43,8.206,9.055264108586872,849.2641085868727
154.44,8.206,9.055214252977114,849.2142529771147
154.45,8.206,9.055164397367356,849.1643973673569
154.46,8.206,9.055114541757598,849.1145417575989
154.47,8.206,9.05506468614784,849.064686147841
154.48,8.206,9.055014830538083,849.0148305380832
154.49,8.207,9.055037924629923,848.0379246299226
154.5,8.207,9.05508835516063,848.0883551606287
154.51,8.207,9.055138785691334,848.1387856913329
154.52,8.207,9.055189216222038,848.1892162220372
154.53,8.207,9.055239646752744,848.2396467527433
154.54,8.207,9.055290077283448,848.2900772834477
154.55,8.207,9.055242640412898,848.2426404128969
154.56,8.207,9.055192798102107,848.1927981021063
154.57,8.207,9.055142955791316,848.1429557913156
154.58,8.207,9.055093113480524,848.0931134805232
154.59,8.207,9.055043271169733,848.0432711697325
154.6,8.207,9.05501594774331,848.0159477433098
154.61,8.207,9.055066364699517,848.0663646995162
154.62,8.207,9.055116781655723,848.1167816557224
154.63,8.207,9.055167198611928,848.167198611927
154.64,8.207,9.055217615568134,848.2176155681334
154.65,8.208,9.05526803252434,847.2680325243402
154.66,8.208,9.055271012888529,847.2710128885286
154.67,8.207,9.055221183872957,848.2211838729565
154.68,8.206,9.055171354857388,849.171354857388
154.69,8.206,9.055121525841816,849.1215258418165
154.7,8.206,9.055071696826246,849.0716968262468
154.71,8.206,9.055021867810675,849.0218678106753
154.72,8.206,9.055044386285793,849.0443862857937
154.73,8.206,9.055094789671477,849.0947896714775
154.74,8.206,9.05514519305716,849.1451930571596
154.75,8.206,9.055195596442841,849.1955964428417
154.76,8.205,9.055245999828523,850.2459998285233
154.77,8.206,9.055296403214205,849.2964032142058
154.78,8.206,9.055249554686888,849.2495546868888
154.79,8.206,9.055199738962802,849.1997389628025
154.8,8.206,9.055149923238714,849.1499232387146
154.81,8.206,9.055100107514626,849.1001075146265
154.82,8.206,9.05505029179054,849.0502917905403
154.83,8.206,9.055022419914833,849.0224199148333
154.84,8.206,9.055072809733964,849.0728097339648
154.85,8.205,9.055123199553098,850.1231995530976
154.86,8.205,9.055173589372231,850.1735893722308
154.87,8.206,9.055223979191364,849.2239791913647
154.88,8.205,9.055274369010498,850.2743690104975
154.89,8.205,9.055277910550904,850.2779105509042
154.9,8.205,9.055228108114571,850.2281081145711
154.91,8.205,9.055178305678238,850.178305678238
154.92,8.205,9.055128503241905,850.1285032419048
154.93,8.205,9.055078700805572,850.0787008055717
154.94,8.205,9.055028898369239,850.0288983692385
154.95,8.205,9.055050841838606,850.0508418386055
154.96,8.205,9.05510121809516,850.1012180951601
154.97,8.204,9.055151594351717,851.1515943517161
154.98,8.204,9.055201970608271,851.2019706082707
154.99,8.203,9.055252346864828,852.2523468648284
155.0,8.203,9.055302723121383,852.3027231213831
155.01,8.203,9.055256462319722,852.2564623197227
155.02,8.203,9.055206673167419,852.2066731674194
155.03,8.203,9.055156884015117,852.156884015118
155.04,8.203,9.055107094862816,852.1070948628164
155.05,8.203,9.055057305710513,852.0573057105132
155.06,8.203,9.055028885980832,852.0288859808325
155.07,8.203,9.055079248678776,852.0792486787769
155.08,8.203,9.055129611376723,852.1296113767231
155.09,8.203,9.055179974074669,852.1799740746694
155.1,8.203,9.055230336772613,852.2303367726138
155.11,8.202,9.05528069947056,853.2806994705595
155.12,8.202,9.055284801585278,853.2848015852785
155.13,8.202,9.055235025713293,853.2350257132925
155.14,8.202,9.055185249841305,853.1852498413049
155.15,8.201,9.055135473969319,854.1354739693184
155.16,8.202,9.055085698097331,853.0856980973311
155.17,8.202,9.055035922225345,853.0359222253452
155.18,8.201,9.055057291299411,854.0572912994104
155.19,8.2,9.055107640442712,855.1076404427125
155.2,8.2,9.055157989586013,855.1579895860133
155.21,8.2,9.055208338729313,855.2083387293142
155.22,8.2,9.055258687872614,855.2586878726149
155.23,8.2,9.055309037015915,855.3090370159158
155.24,8.201,9.0552633633229,854.2633633229002
155.25,8.201,9.05521360072752,854.213600727519
155.26,8.201,9.05516383813214,854.1638381321395
155.27,8.201,9.055114075536759,854.1140755367583
155.28,8.202,9.055064312941377,853.0643129413775
155.29,8.201,9.055035345952549,854.035345952548
155.3,8.202,9.055085681545165,853.0856815451652
155.31,8.202,9.055136017137784,853.1360171377837
155.32,8.202,9.0551863527304,853.1863527304005
155.33,8.202,9.055236688323017,853.2366883230171
155.34,8.202,9.055287023915636,853.2870239156356
155.35,8.202,9.05529168600329,853.2916860032902
155.36,8.202,9.05524193668081,853.2419366808099
155.37,8.202,9.05519218735833,853.1921873583296
155.38,8.202,9.05514243803585,853.1424380358494
155.39,8.202,9.05509268871337,853.0926887133692
155.4,8.202,9.055042939390889,853.0429393908889
155.41,8.202,9.05506373467958,853.06373467958
155.42,8.202,9.05511405672547,853.1140567254703
155.43,8.203,9.05516437877136,852.164378771361
155.44,8.203,9.05521470081725,852.2147008172514
155.45,8.203,9.055265022863141,852.2650228631417
155.46,8.204,9.055315344909031,851.3153449090307
155.47,8.204,9.05527025770822,851.2702577082188
155.48,8.204,9.055220521654942,851.2205216549411
155.49,8.204,9.055170785601664,851.1707856016635
155.5,8.204,9.055121049548388,851.1210495483876
155.51,8.204,9.05507131349511,851.07131349511
155.52,8.205,9.055041799841478,850.0417998414775
155.53,8.205,9.055092108344594,850.0921083445938
155.54,8.205,9.055142416847708,850.1424168477083
155.55,8.205,9.055192725350825,850.1927253508246
155.56,8.205,9.055243033853941,850.2430338539408
155.57,8.205,9.055293342357055,850.2933423570553
155.58,8.206,9.055298563816793,849.2985638167934
155.59,8.206,9.055248841029025,849.2488410290254
155.6,8.206,9.055199118241259,849.199118241259
155.61,8.207,9.055149395453492,848.1493954534916
155.62,8.206,9.055099672665724,849.0996726657247
155.63,8.205,9.055049949877958,850.0499498779579
155.64,8.204,9.055070171990677,851.0701719906759
155.65,8.204,9.055120466954966,851.1204669549652
155.66,8.203,9.055170761919255,852.1707619192558
155.67,8.203,9.055221056883545,852.2210568835451
155.68,8.203,9.055271351847834,852.2713518478345
155.69,8.202,9.055321646812121,853.3216468121215
155.7,8.202,9.055277145487622,853.2771454876222
155.71,8.202,9.05522743596168,853.2274359616796
155.72,8.202,9.055177726435735,853.1777264357352
155.73,8.201,9.05512801690979,854.1280169097902
155.74,8.201,9.055078307383846,854.0783073838459
155.75,8.201,9.055048247659265,854.0482476592643
155.76,8.201,9.05509852908867,854.0985290886703
155.77,8.2,9.055148810518075,855.1488105180756
155.78,8.199,9.05519909194748,856.1990919474808
155.79,8.199,9.055249373376885,856.249373376885
155.8,8.198,9.05529965480629,857.2996548062904
155.81,8.197,9.055305435037768,858.305435037769
155.82,8.197,9.055255738769963,858.2557387699641
155.83,8.196,9.05520604250216,859.2060425021604
155.84,8.195,9.055156346234357,860.1563462343566
155.85,8.195,9.055106649966554,860.1066499665535
155.86,8.194,9.05505695369875,861.0569536987498
155.87,8.193,9.055076603244368,862.0766032443682
155.88,8.193,9.055126871142829,862.1268711428289
155.89,8.192,9.05517713904129,863.177139041289
155.9,8.192,9.05522740693975,863.2274069397497
155.91,8.191,9.055277674838209,864.277674838208
155.92,8.19,9.05532794273667,865.3279427366698
155.93,8.19,9.055284026673148,865.2840266731481
155.94,8.189,9.055234343659807,866.2343436598068
155.95,8.188,9.055184660646464,867.1846606464637
155.96,8.188,9.055134977633122,867.1349776331213
155.97,8.187,9.055085294619781,868.0852946197817
155.98,8.187,9.055054689417615,868.0546894176154
155.99,8.186,9.055104943789063,869.104943789063
156.0,8.185,9.055155198160513,870.1551981605124
156.01,8.184,9.055205452531961,871.2054525319619
156.02,8.183,9.055255706903411,872.2557069034114
156.03,8.183,9.05530596127486,872.3059612748596
156.04,8.184,9.055312299678247,871.3122996782481
156.05,8.184,9.055262629915696,871.2626299156963
156.06,8.184,9.055212960153145,871.2129601531462
156.07,8.185,9.055163290390594,870.1632903905931
156.08,8.185,9.055113620628042,870.1136206280413
156.09,8.186,9.05506395086549,869.06395086549
156.1,8.186,9.05508302845235,869.0830284523496
156.11,8.187,9.055133269300715,868.1332693007154
156.12,8.188,9.05518351014908,867.1835101490792
156.13,8.188,9.055233750997445,867.2337509974444
156.14,8.188,9.05528399184581,867.2839918458095
156.15,8.189,9.055334232694175,866.3342326941752
156.16,8.189,9.055290901276843,866.2909012768428
156.17,8.19,9.055241244761412,865.2412447614122
156.18,8.19,9.05519158824598,865.191588245981
156.19,8.19,9.055141931730551,865.1419317305517
156.2,8.19,9.05509227521512,865.0922752151207
156.21,8.19,9.055061125128246,865.0611251282463
156.22,8.19,9.05511135245745,865.1113524574505
156.23,8.19,9.055161579786656,865.1615797866565
156.24,8.19,9.05521180711586,865.2118071158608
156.25,8.19,9.055262034445066,865.2620344450668
156.26,8.191,9.05531226177427,864.3122617742698
156.27,8.192,9.055319157750247,863.3191577502473
156.28,8.192,9.055269514478272,863.2695144782723
156.29,8.192,9.0552198712063,863.2198712062991
156.3,8.193,9.055170227934324,862.1702279343247
156.31,8.193,9.055120584662351,862.1205846623515
156.32,8.194,9.055070941390376,861.0709413903752
156.33,8.195,9.055089447626292,860.0894476262919
156.34,8.195,9.055139661440256,860.1396614402556
156.35,8.196,9.055189875254218,859.1898752542182
156.36,8.196,9.055240089068182,859.240089068182
156.37,8.196,9.055290302882144,859.2903028821439
156.38,8.197,9.055340516696107,858.3405166961082
156.39,8.197,9.05529776931072,858.2977693107204
156.4,8.198,9.055248139278543,857.2481392785427
156.41,8.199,9.055198509246367,856.1985092463668
156.42,8.199,9.055148879214192,856.1488792141922
156.43,8.199,9.055099249182016,856.0992491820159
156.44,8.2,9.05506755480282,855.0675548028206
156.45,8.201,9.055117755105451,854.1177551054507
156.46,8.201,9.055167955408084,854.1679554080837
156.47,8.202,9.055218155710717,853.2181557107173
156.48,8.204,9.05526835601335,851.2683560133496
156.49,8.204,9.055318556315983,851.3185563159826
156.5,8.205,9.055326009265727,850.3260092657267
156.51,8.206,9.055276392469693,849.2763924696937
156.52,8.207,9.05522677567366,848.226775673659
156.53,8.208,9.055177158877626,847.177158877626
156.54,8.208,9.055127542081594,847.1275420815942
156.55,8.21,9.05507792528556,845.07792528556
156.56,8.211,9.055095860777817,844.0958607778164
156.57,8.211,9.055146047573027,844.1460475730266
156.58,8.212,9.055196234368237,843.1962343682376
156.59,8.212,9.055246421163448,843.2464211634478
156.6,8.213,9.055296607958658,842.2966079586587
156.61,8.214,9.055346794753868,841.3467947538677
156.62,8.215,9.05530463078672,840.3046307867204
156.63,8.217,9.055255027223179,838.2550272231786
156.64,8.217,9.055205423659636,838.2054236596357
156.65,8.218,9.055155820096095,837.1558200960951
156.66,8.218,9.055106216532552,837.1062165325523
156.67,8.218,9.05507397845293,837.0739784529295
156.68,8.218,9.05512415174462,837.1241517446198
156.69,8.219,9.05517432503631,836.1743250363105
156.7,8.219,9.055224498327998,836.224498327999
156.71,8.219,9.055274671619689,836.2746716196891
156.72,8.219,9.055324844911379,836.3248449113794
156.73,8.219,9.055332854236575,836.3328542365754
156.74,8.22,9.055283263901877,835.2832639018768
156.75,8.221,9.055233673567182,834.2336735671818
156.76,8.221,9.055184083232486,834.1840832324863
156.77,8.222,9.055134492897789,833.1344928977895
156.78,8.223,9.055084902563094,832.0849025630928
156.79,8.224,9.055102267918446,831.1022679184462
156.8,8.224,9.05515242771051,831.15242771051
156.81,8.225,9.055202587502576,830.2025875025763
156.82,8.226,9.05525274729464,829.252747294639
156.83,8.226,9.055302907086705,829.3029070867046
156.84,8.228,9.05535306687877,827.3530668787696
156.85,8.229,9.055311485716699,826.3114857166993
156.86,8.23,9.055261908607207,825.2619086072066
156.87,8.23,9.055212331497714,825.2123314977133
156.88,8.231,9.055162754388222,824.1627543882224
156.89,8.232,9.055113177278729,823.1131772787297
156.9,8.232,9.055080396090089,823.0803960900896
156.91,8.233,9.05513054238642,822.1305423864198
156.92,8.234,9.055180688682752,821.1806886827517
156.93,8.235,9.055230834979083,820.2308349790836
156.94,8.235,9.055280981275414,820.280981275415
156.95,8.236,9.055331127571744,819.3311275717434
156.96,8.236,9.055339692674574,819.339692674573
156.97,8.237,9.055290128786647,818.2901287866464
156.98,8.238,9.055240564898721,817.2405648987216
156.99,8.239,9.055191001010794,816.1910010107931
157.0,8.239,9.055141437122867,816.1414371228659
157.01,8.24,9.055091873234941,815.091873234941
157.02,8.24,9.055108669059623,815.1086690596223
157.03,8.241,9.055158801864106,814.1588018641066
157.04,8.241,9.055208934668588,814.2089346685885
157.05,8.242,9.055259067473072,813.2590674730711
157.06,8.243,9.055309200277556,812.3092002775554
157.07,8.244,9.05535933308204,811.3593330820397
157.08,8.244,9.05531833411242,811.3183341124195
157.09,8.245,9.055268783442425,810.2687834424263
157.1,8.245,9.055219232772433,810.2192327724342
157.11,8.246,9.05516968210244,809.1696821024392
157.12,8.247,9.055120131432448,808.1201314324478
157.13,8.247,9.055086807725711,808.0868077257115
157.14,8.248,9.055136927042229,807.1369270422294
157.15,8.249,9.055187046358748,806.1870463587475
157.16,8.249,9.055237165675265,806.2371656752649
157.17,8.25,9.055287284991783,805.2872849917829
157.18,8.25,9.0553374043083,805.3374043083004
157.19,8.251,9.05534652459144,804.3465245914412
157.2,8.252,9.055296987135751,803.2969871357504
157.21,8.252,9.055247449680063,803.2474496800628
157.22,8.253,9.055197912224374,802.1979122243739
157.23,8.253,9.055148374768686,802.1483747686862
157.24,8.253,9.055098837312997,802.0988373129967
157.25,8.254,9.055115064212716,801.1150642127163
157.26,8.254,9.055165170045141,801.1651700451416
157.27,8.255,9.055215275877568,800.2152758775676
157.28,8.255,9.055265381709994,800.265381709993
157.29,8.256,9.05531548754242,799.3154875424207
157.3,8.257,9.055365593374846,798.3655933748466
157.31,8.257,9.055325175985583,798.3251759855837
157.32,8.257,9.055275651740574,798.2756517405746
157.33,8.257,9.055226127495565,798.2261274955657
157.34,8.257,9.055176603250557,798.1766032505568
157.35,8.256,9.055127079005548,799.1270790055473
157.36,8.256,9.055093213371155,799.0932133711545
157.37,8.256,9.055143305723362,799.1433057233621
157.38,8.256,9.055193398075568,799.1933980755679
157.39,8.255,9.055243490427774,800.243490427773
157.4,8.255,9.05529358277998,800.2935827799788
157.41,8.255,9.055343675132185,800.3436751321847
157.42,8.255,9.055353349998812,800.3533499988116
157.43,8.255,9.055303838960862,800.3038389608612
157.44,8.255,9.055254327922913,800.2543279229126
157.45,8.255,9.055204816884965,800.204816884964
157.46,8.255,9.055155305847016,800.1553058470155
157.47,8.254,9.055105794809068,801.1057948090681
157.48,8.254,9.05512145338901,801.1214533890101
157.49,8.253,9.055171532264861,802.1715322648611
157.5,8.253,9.055221611140711,802.2216111407108
157.51,8.254,9.05527169001656,801.271690016561
157.52,8.254,9.055321768892412,801.3217688924126
157.53,8.254,9.055371847768262,801.3718477682623
157.54,8.254,9.0553320113478,801.3320113478013
157.55,8.254,9.055282513513298,801.2825135132981
157.56,8.254,9.055233015678795,801.233015678795
157.57,8.254,9.055183517844291,801.1835178442918
157.58,8.255,9.055134020009788,800.1340200097875
157.59,8.255,9.055099613037696,800.0996130376948
157.6,8.254,9.055149678441051,801.1496784410515
157.61,8.254,9.055199743844407,801.199743844407
157.62,8.254,9.055249809247762,801.2498092477624
157.63,8.254,9.055299874651118,801.299874651118
157.64,8.254,9.055349940054473,801.3499400544734
157.65,8.255,9.055360168908257,800.3601689082558
157.66,8.255,9.055310684273588,800.3106842735867
157.67,8.255,9.055261199638919,800.2611996389178
157.68,8.255,9.055211715004248,800.2117150042469
157.69,8.254,9.055162230369579,801.1622303695791
157.7,8.255,9.05511274573491,800.1127457349089
157.71,8.255,9.055127836599743,800.1278365997422
157.72,8.255,9.055177888534457,800.1778885344563
157.73,8.256,9.055227940469173,799.2279404691728
157.74,8.256,9.055277992403889,799.2779924038889
157.75,8.256,9.055328044338605,799.3280443386049
157.76,8.256,9.055378096273321,799.3780962733208
157.77,8.257,9.055338840210636,798.3388402106364
157.78,8.257,9.055289368772193,798.2893687721937
157.79,8.257,9.055239897333752,798.2398973337528
157.8,8.258,9.05519042589531,797.1904258953107
157.81,8.258,9.055140954456869,797.1409544568697
157.82,8.258,9.055106006736551,797.1060067365521
157.83,8.258,9.055156045206477,797.1560452064779
157.84,8.258,9.055206083676405,797.2060836764055
157.85,8.258,9.05525612214633,797.2561221463312
157.86,8.259,9.055306160616256,796.3061606162559
157.87,8.259,9.055356199086182,796.3561990861816
157.88,8.259,9.05536698133129,796.366981331289
157.89,8.259,9.055317523085474,796.3175230854738
157.9,8.259,9.055268064839659,796.2680648396586
157.91,8.259,9.055218606593842,796.2186065938415
157.92,8.259,9.055169148348027,796.1691483480262
157.93,8.259,9.055119690102211,796.1196901022109
157.94,8.26,9.055134213856086,795.1342138560857
157.95,8.26,9.055184238865067,795.1842388650672
157.96,8.261,9.055234263874047,794.2342638740474
157.97,8.26,9.055284288883028,795.2842888830282
157.98,8.261,9.05533431389201,794.3343138920103
157.99,8.261,9.055384338900991,794.3843389009917
158.0,8.26,9.05534566258559,795.3456625855911
158.01,8.259,9.055296217528802,796.296217528802
158.02,8.259,9.055246772472016,796.2467724720152
158.03,8.258,9.055197327415227,797.197327415228
158.04,8.257,9.05514788235844,798.1478823584407
158.05,8.257,9.055112394478899,798.112394478899
158.06,8.256,9.055162406030774,799.1624060307743
158.07,8.257,9.05521241758265,798.2124175826506
158.08,8.257,9.055262429134528,798.2624291345281
158.09,8.257,9.055312440686404,798.312440686404
158.1,8.257,9.055362452238281,798.3624522382815
158.11,8.257,9.055373787279368,798.3737872793686
158.12,8.257,9.055324355408018,798.3243554080186
158.13,8.257,9.055274923536667,798.2749235366668
158.14,8.257,9.055225491665317,798.2254916653169
158.15,8.257,9.055176059793965,798.1760597939651
158.16,8.257,9.055126627922613,798.1266279226134
158.17,8.258,9.055140585169164,797.1405851691653
158.18,8.257,9.055190583267773,798.1905832677736
158.19,8.257,9.05524058136638,798.2405813663806
158.2,8.257,9.05529057946499,798.2905794649895
158.21,8.257,9.055340577563596,798.3405775635965
158.22,8.257,9.055390575662205,798.3905756622054
158.23,8.257,9.055352478484128,798.3524784841283
158.24,8.257,9.055303059794625,798.303059794625
158.25,8.257,9.05525364110512,798.25364110512
158.26,8.257,9.055204222415616,798.2042224156168
158.27,8.257,9.055154803726113,798.1548037261134
158.28,8.258,9.055118776275869,797.1187762758695
158.29,8.258,9.055168760925037,797.1687609250378
158.3,8.258,9.055218745574205,797.218745574206
158.31,8.258,9.055268730223373,797.2687302233741
158.32,8.258,9.055318714872541,797.3187148725423
158.33,8.259,9.05536869952171,796.3686995217092
158.34,8.258,9.055380586763926,797.3805867639268
158.35,8.258,9.055331181252686,797.3311812526873
158.36,8.257,9.055281775741447,798.2817757414473
158.37,8.256,9.055232370230208,799.2323702302074
158.38,8.256,9.055182964718968,799.1829647189679
158.39,8.255,9.055133559207729,800.1335592077279
158.4,8.254,9.055146950550077,801.146950550077
158.41,8.253,9.055196921753632,802.196921753632
158.42,8.252,9.055246892957186,803.2468929571852
158.43,8.252,9.055296864160741,803.2968641607407
158.44,8.252,9.055346835364295,803.3468353642945
158.45,8.252,9.05539680656785,803.39680656785
158.46,8.252,9.055359287917662,803.3592879176616
158.47,8.252,9.055309895581107,803.3098955811066
158.48,8.252,9.055260503244554,803.2605032445534
158.49,8.252,9.055211110908,803.2111109079984
158.5,8.252,9.055161718571444,803.1617185714434
158.51,8.252,9.055125152138546,803.125152138545
158.52,8.252,9.055175109900308,803.175109900307
158.53,8.252,9.055225067662068,803.2250676620673
158.54,8.252,9.055275025423828,803.2750254238276
158.55,8.251,9.055324983185589,804.3249831855892
158.56,8.251,9.055374940947349,804.3749409473495
158.57,8.25,9.055387379796334,805.3873797963345
158.58,8.25,9.05533800063089,805.3380006308898
158.59,8.249,9.055288621465445,806.2886214654447
158.6,8.248,9.0552392423,807.2392423000015
158.61,8.248,9.055189863134556,807.1898631345568
158.62,8.246,9.055140483969112,809.1404839691112
158.63,8.245,9.055153310009871,810.1533100098717
158.64,8.245,9.055203254333653,810.2032543336542
158.65,8.244,9.055253198657438,811.2531986574378
158.66,8.243,9.05530314298122,812.3031429812197
158.67,8.243,9.055353087305003,812.3530873050022
158.68,8.242,9.055403031628787,813.4030316287859
158.69,8.241,9.055366090897579,814.3660908975789
158.7,8.24,9.055316724899674,815.3167248996738
158.71,8.24,9.055267358901771,815.2673589017709
158.72,8.239,9.055217992903867,816.2179929038657
158.73,8.238,9.055168626905964,817.1686269059642
158.74,8.238,9.055131522077987,817.1315220779878
158.75,8.237,9.055181452967602,818.1814529676021
158.76,8.237,9.055231383857219,818.2313838572188
158.77,8.236,9.055281314746836,819.2813147468349
158.78,8.235,9.05533124563645,820.3312456364511
158.79,8.235,9.055381176526065,820.381176526066
158.8,8.234,9.055394166387945,821.3941663879449
158.81,8.234,9.055344813554017,821.3448135540169
158.82,8.233,9.055295460720089,822.2954607200883
158.83,8.233,9.055246107886159,822.2461078861585
158.84,8.233,9.055196755052231,822.1967550522304
158.85,8.233,9.055147402218303,822.1474022183024
158.86,8.233,9.055159663559573,822.1596635595727
158.87,8.233,9.055209581018827,822.2095810188268
158.88,8.234,9.055259498478083,821.2594984780832
158.89,8.234,9.055309415937337,821.3094159373373
158.9,8.234,9.055359333396591,821.3593333965914
158.91,8.234,9.055409250855847,821.4092508558473
158.92,8.234,9.055372887435238,821.3728874352385
158.93,8.234,9.055323547761725,821.3235477617253
158.94,8.233,9.055274208088212,822.2742080882117
158.95,8.233,9.055224868414697,822.2248684146969
158.96,8.233,9.055175528741184,822.1755287411838
158.97,8.233,9.055137886105237,822.1378861052368
158.98,8.233,9.05518779013793,822.1877901379297
158.99,8.232,9.055237694170625,823.2376941706257
159.0,8.232,9.05528759820332,823.2875982033203
159.01,8.232,9.055337502236014,823.337502236015
159.02,8.233,9.055387406268707,822.3874062687066
159.03,8.233,9.055400946550096,822.4009465500952
159.04,8.233,9.055351620033441,822.3516200334409
159.05,8.233,9.055302293516787,822.3022935167866
159.06,8.233,9.055252967000134,822.2529670001339
159.07,8.233,9.05520364048348,822.2036404834796
159.08,8.233,9.055154313966826,822.1543139668253
159.09,8.233,9.055166011210204,822.1660112102036
159.1,8.234,9.055215901820135,821.2159018201355
159.11,8.234,9.055265792430067,821.2657924300668
159.12,8.234,9.055315683039998,821.3156830399981
159.13,8.234,9.05536557364993,821.3655736499295
159.14,8.234,9.05541546425986,821.4154642598608
159.15,8.234,9.055379677541998,821.3796775419979
159.16,8.234,9.055330364178655,821.3303641786549
159.17,8.234,9.055281050815312,821.2810508153119
159.18,8.235,9.055231737451967,820.2317374519677
159.19,8.235,9.055182424088624,820.1824240886247
159.2,8.234,9.055144244231345,821.1442442313448
159.21,8.234,9.055194121422307,821.194121422307
159.22,8.234,9.055243998613268,821.2439986132675
159.23,8.234,9.055293875804228,821.293875804228
159.24,8.234,9.05534375299519,821.3437529951904
159.25,8.234,9.05539363018615,821.3936301861509
159.26,8.234,9.05540772029415,821.4077202941503
159.27,8.234,9.055358420080575,821.3584200805748
159.28,8.234,9.055309119866997,821.3091198669975
159.29,8.234,9.05525981965342,821.2598196534202
159.3,8.234,9.055210519439843,821.2105194398429
159.31,8.234,9.055161219226267,821.1612192262673
159.32,8.234,9.055172352972848,821.1723529728481
159.33,8.234,9.055222216748628,821.2222167486285
159.34,8.234,9.055272080524407,821.2720805244071
159.35,8.234,9.055321944300188,821.3219443001876
159.36,8.234,9.055371808075966,821.3718080759662
159.37,8.234,9.055421671851747,821.4216718517466
159.38,8.234,9.05538646122931,821.3864612293094
159.39,8.234,9.055337174161963,821.3371741619628
159.4,8.234,9.055287887094618,821.2878870946181
159.41,8.234,9.055238600027273,821.2386000272734
159.42,8.234,9.055189312959929,821.1893129599285
159.43,8.234,9.055150596467506,821.1505964675059
159.44,8.233,9.05520044683189,822.2004468318893
159.45,8.233,9.055250297196274,822.2502971962733
159.46,8.233,9.055300147560658,822.3001475606573
159.47,8.233,9.055349997925042,822.3499979250413
159.48,8.233,9.055399848289426,822.3998482894252
159.49,8.233,9.055414487631639,822.4144876316384
159.5,8.233,9.055365213706999,822.3652137069984
159.51,8.232,9.055315939782359,823.3159397823595
159.52,8.232,9.055266665857719,823.2666658577194
159.53,8.232,9.055217391933079,823.2173919330794
159.54,8.232,9.055168118008439,823.1681180084394
159.55,8.232,9.055178688858833,823.1786888588335
159.56,8.232,9.055228525815608,823.2285258156082
159.57,8.232,9.05527836277238,823.2783627723812
159.58,8.232,9.055328199729155,823.3281997291559
159.59,8.232,9.055378036685928,823.3780366859289
159.6,8.232,9.055427873642703,823.4278736427036
159.61,8.233,9.05539323850892,822.3932385089192
159.62,8.234,9.055343977723473,821.3439777234726
159.63,8.235,9.055294716938025,820.2947169380259
159.64,8.235,9.055245456152578,820.2454561525788
159.65,8.235,9.055196195367131,820.1961953671315
159.66,8.234,9.055156942825317,821.1569428253167
159.67,8.235,9.055206766378266,820.2067663782664
159.68,8.236,9.055256589931217,819.2565899312161
159.69,8.238,9.055306413484166,817.3064134841663
159.7,8.238,9.055356237037115,817.3562370371154
159.71,8.239,9.055406060590064,816.4060605900634
159.72,8.239,9.055421248574604,816.4212485746027
159.73,8.24,9.055372000924855,815.3720009248549
159.74,8.24,9.055322753275107,815.3227532751064
159.75,8.241,9.055273505625356,814.2735056253567
159.76,8.242,9.055224257975608,813.2242579756071
159.77,8.242,9.05517501032586,813.1750103258586
159.78,8.243,9.05518501888022,812.1850188802196
159.79,8.243,9.055234829033134,812.2348290331338
159.8,8.244,9.055284639186048,811.2846391860487
159.81,8.244,9.055334449338963,811.3344493389629
159.82,8.245,9.055384259491879,810.3842594918796
159.83,8.246,9.055434069644793,809.4340696447925
159.84,8.247,9.0554000093935,808.4000093935
159.85,8.248,9.055350774875981,807.3507748759816
159.86,8.248,9.055301540358462,807.3015403584627
159.87,8.249,9.055252305840943,806.2523058409425
159.88,8.25,9.055203071323426,805.203071323426
159.89,8.25,9.055163283317603,805.1632833176026
159.9,8.25,9.055213080074283,805.2130800742834
159.91,8.25,9.055262876830962,805.2628768309625
159.92,8.251,9.055312673587641,804.312673587642
159.93,8.251,9.05536247034432,804.3624703443211
159.94,8.251,9.055412267101,804.4122671010001
159.95,8.251,9.055428003136555,804.4280031365556
159.96,8.252,9.055378781747834,803.378781747833
159.97,8.252,9.055329560359112,803.3295603591117
159.98,8.253,9.055280338970391,802.280338970391
159.99,8.254,9.05523111758167,801.2311175816702
160.0,8.254,9.055181896192948,801.1818961929489
160.01,8.255,9.055191343051044,800.1913430510434
160.02,8.255,9.055241126415305,800.2411264153046
160.03,8.255,9.055290909779565,800.2909097795641
160.04,8.256,9.055340693143826,799.3406931438258
160.05,8.256,9.055390476508085,799.3904765080853
160.06,8.256,9.055440259872347,799.4402598723465
160.07,8.257,9.055406773898087,798.4067738980868
160.08,8.256,9.055357565634777,799.3575656347768
160.09,8.256,9.05530835737147,799.3083573714692
160.1,8.255,9.05525914910816,800.2591491081592
160.11,8.255,9.055209940844852,800.2099408448515
160.12,8.255,9.055169617960148,800.1696179601474
160.13,8.255,9.055219387935828,800.2193879358277
160.14,8.255,9.055269157911509,800.269157911508
160.15,8.256,9.055318927887187,799.3189278871871
160.16,8.256,9.055368697862868,799.3686978628673
160.17,8.256,9.055418467838546,799.4184678385459
160.18,8.257,9.055434751334476,798.4347513344758
160.19,8.257,9.05538555619326,798.3855561932601
160.2,8.257,9.055336361052044,798.3363610520441
160.21,8.258,9.055287165910826,797.2871659108272
160.22,8.258,9.05523797076961,797.2379707696114
160.23,8.258,9.055188775628393,797.1887756283937
160.24,8.258,9.055197661389741,797.1976613897418
160.25,8.258,9.055247417980713,797.2474179807136
160.26,8.259,9.055297174571685,796.2971745716843
160.27,8.259,9.055346931162656,796.3469311626561
160.28,8.258,9.055396687753628,797.3966877536292
160.29,8.259,9.0554464443446,796.4464443445997
160.3,8.259,9.05541353204281,796.4135320428092
160.31,8.259,9.055364350020444,796.3643500204433
160.32,8.259,9.055315167998076,796.3151679980758
160.33,8.258,9.05526598597571,797.2659859757111
160.34,8.26,9.055216803953343,795.216803953343
160.35,8.258,9.055175946774833,797.1759467748338
160.36,8.259,9.05522568998501,796.2256899850094
160.37,8.257,9.055275433195186,798.2754331951867
160.38,8.256,9.055325176405365,799.3251764053646
160.39,8.254,9.055374919615542,801.374919615542
160.4,8.253,9.05542466282572,802.4246628257199
160.41,8.253,9.05544149319221,802.4414931922106
160.42,8.253,9.055392324285545,802.3923242855453
160.43,8.252,9.055343155378882,803.3431553788812
160.44,8.252,9.055293986472217,803.2939864722159
160.45,8.251,9.055244817565551,804.2448175655519
160.46,8.25,9.055195648658888,805.1956486588879
160.47,8.249,9.055203973922925,806.2039739229245
160.48,8.249,9.055253703756271,806.253703756271
160.49,8.249,9.055303433589616,806.3034335896156
160.5,8.248,9.055353163422962,807.3531634229631
160.51,8.247,9.055402893256309,808.402893256309
160.52,8.247,9.055452623089653,808.4526230896536
160.53,8.246,9.055420283856874,809.4202838568733
160.54,8.245,9.05537112806287,810.3711280628705
160.55,8.245,9.055321972268866,810.3219722688664
160.56,8.244,9.055272816474861,811.2728164748617
160.57,8.243,9.055223660680857,812.223660680857
160.58,8.242,9.055182269793786,813.1822697937849
160.59,8.242,9.055231986254315,813.2319862543138
160.6,8.241,9.055281702714844,814.281702714844
160.61,8.24,9.055331419175372,815.3314191753723
160.62,8.239,9.055381135635903,816.3811356359023
160.63,8.239,9.055430852096432,816.4308520964312
160.64,8.238,9.05544822874465,817.4482287446505
160.65,8.237,9.055399086060378,818.3990860603778
160.66,8.237,9.055349943376108,818.3499433761075
160.67,8.236,9.055300800691835,819.3008006918348
160.68,8.235,9.055251658007563,820.2516580075638
160.69,8.234,9.055202515323291,821.2025153232911
160.7,8.233,9.055210280689543,822.2102806895429
160.71,8.233,9.055259983781324,822.2599837813239
160.72,8.232,9.055309686873105,823.309686873106
160.73,8.231,9.055359389964886,824.3593899648864
160.74,8.23,9.055409093056667,825.4090930566668
160.75,8.229,9.055458796148448,826.4587961484491
160.76,8.229,9.05542702938248,826.4270293824811
160.77,8.228,9.05537789980513,827.3778998051303
160.78,8.227,9.05532877022778,828.3287702277793
160.79,8.227,9.05527964065043,828.279640650429
160.8,8.226,9.055230511073079,829.230511073078
160.81,8.225,9.055188587063057,830.1885870630574
160.82,8.224,9.055238276790204,831.238276790204
160.83,8.223,9.055287966517353,832.2879665173524
160.84,8.222,9.055337656244502,833.3376562445026
160.85,8.222,9.055387345971651,833.3873459716515
160.86,8.221,9.055437035698798,834.437035698798
160.87,8.22,9.055454958040956,835.4549580409554
160.88,8.219,9.055405841567827,836.4058415678279
160.89,8.218,9.055356725094697,837.3567250946969
160.9,8.217,9.055307608621566,838.3076086215659
160.91,8.216,9.055258492148438,839.2584921484386
160.92,8.216,9.055209375675307,839.209375675308
160.93,8.215,9.055216581743435,840.2165817434355
160.94,8.215,9.055266258110105,840.2662581101055
160.95,8.214,9.055315934476775,841.3159344767748
160.96,8.213,9.055365610843445,842.3656108434461
160.97,8.212,9.055415287210115,843.4152872101155
160.98,8.212,9.055464963576785,843.4649635767855
160.99,8.211,9.055433768676707,844.4337686767067
161.0,8.211,9.055384665305198,844.3846653051974
161.01,8.21,9.055335561933687,845.3355619336858
161.02,8.21,9.055286458562177,845.2864585621764
161.03,8.209,9.055237355190668,846.2373551906684
161.04,8.208,9.055194898643686,847.1948986436857
161.05,8.206,9.055244561654051,849.2445616540518
161.06,8.205,9.055294224664417,850.2942246644168
161.07,8.204,9.055343887674784,851.3438876747834
161.08,8.203,9.05539355068515,852.3935506851501
161.09,8.202,9.055443213695515,853.443213695515
161.1,8.201,9.055461681144774,854.4616811447731
161.11,8.2,9.055412590872365,855.4125908723655
161.12,8.199,9.055363500599956,856.3635005999562
161.13,8.199,9.055314410327547,856.3144103275473
161.14,8.199,9.055265320055138,856.2653200551384
161.15,8.198,9.05521622978273,857.216229782729
161.16,8.198,9.055222877152419,857.2228771524184
161.17,8.197,9.055272526810661,858.2725268106622
161.18,8.198,9.055322176468902,857.3221764689016
161.19,8.197,9.055371826127143,858.3718261271435
161.2,8.197,9.055421475785383,858.4214757853842
161.21,8.197,9.055471125443624,858.471125443625
161.22,8.198,9.055440501809597,857.440501809597
161.23,8.198,9.05539142463383,857.3914246338301
161.24,8.198,9.055342347458062,857.3423474580615
161.25,8.198,9.055293270282295,857.2932702822947
161.26,8.197,9.055244193106528,858.244193106529
161.27,8.197,9.055201204608796,858.2012046087968
161.28,8.196,9.055250840919074,859.2508409190742
161.29,8.196,9.055300477229352,859.3004772293522
161.3,8.196,9.05535011353963,859.3501135396302
161.31,8.195,9.055399749849908,860.3997498499076
161.32,8.195,9.055449386160184,860.4493861601838
161.33,8.194,9.055468398130406,861.4683981304054
161.34,8.193,9.055419334048858,862.4193340488589
161.35,8.193,9.05537026996731,862.3702699673111
161.36,8.193,9.055321205885763,862.3212058857632
161.37,8.192,9.055272141804217,863.2721418042166
161.38,8.192,9.055223077722669,863.2230777226688
161.39,8.191,9.055229166993367,864.2291669933666
161.4,8.19,9.055278789959806,865.278789959806
161.41,8.189,9.055328412926244,866.3284129262436
161.42,8.189,9.055378035892682,866.3780358926819
161.43,8.189,9.055427658859122,866.4276588591217
161.44,8.189,9.05547728182556,866.4772818255599
161.45,8.188,9.055447228858494,867.4472288584933
161.46,8.188,9.055398177868758,867.3981778687576
161.47,8.187,9.05534912687902,868.3491268790214
161.48,8.186,9.055300075889283,869.3000758892832
161.49,8.186,9.055251024899546,869.2510248995458
161.5,8.185,9.055207505037172,870.2075050371718
161.51,8.185,9.055257114663839,870.257114663838
161.52,8.184,9.055306724290503,871.3067242905037
161.53,8.183,9.05535633391717,872.3563339171694
161.54,8.183,9.055405943543834,872.4059435438338
161.55,8.182,9.0554555531705,873.4555531704995
161.56,8.181,9.055475109075894,874.4751090758953
161.57,8.181,9.055426071175546,874.4260711755469
161.58,8.18,9.055377033275198,875.377033275198
161.59,8.18,9.05532799537485,875.3279953748496
161.6,8.179,9.055278957474503,876.2789574745025
161.61,8.179,9.055229919574154,876.2299195741541
161.62,8.178,9.055235451344739,877.2354513447383
161.63,8.177,9.055285047635627,878.2850476356269
161.64,8.176,9.055334643926514,879.334643926514
161.65,8.175,9.055384240217402,880.3842402174009
161.66,8.174,9.05543383650829,881.4338365082897
161.67,8.172,9.055483432799177,883.4834327991761
161.68,8.17,9.055453949900363,885.4539499003629
161.69,8.168,9.055404925086952,887.4049250869529
161.7,8.166,9.055355900273542,889.3559002735411
161.71,8.165,9.055306875460131,890.3068754601318
161.72,8.163,9.055257850646722,892.2578506467219
161.73,8.162,9.055213800005358,893.2138000053574
161.74,8.16,9.055263382964377,895.2633829643765
161.75,8.159,9.055312965923397,896.3129659233964
161.76,8.157,9.055362548882416,898.3625488824156
161.77,8.156,9.055412131841436,899.4121318414354
161.78,8.154,9.055461714800455,901.4617148004547
161.79,8.153,9.055481814055277,902.4818140552763
161.8,8.152,9.05543280232631,903.4328023263107
161.81,8.151,9.055383790597343,904.3837905973432
161.82,8.149,9.055334778868374,906.3347788683753
161.83,8.148,9.055285767139408,907.2857671394079
161.84,8.146,9.055236755410439,909.2367554104381
161.85,8.145,9.055241730278857,910.2417302788571
161.86,8.143,9.055291299909664,912.291299909663
161.87,8.142,9.055340869540471,913.3408695404714
161.88,8.141,9.055390439171278,914.3904391712781
161.89,8.14,9.055440008802087,915.4400088020864
161.9,8.138,9.055489578432894,917.4895784328943
161.91,8.137,9.055460665003691,918.4606650036908
161.92,8.135,9.055411666356646,920.4116663566459
161.93,8.134,9.055362667709598,921.3626677095981
161.94,8.132,9.055313669062553,923.3136690625532
161.95,8.131,9.055264670415506,924.2646704155053
161.96,8.129,9.055220089580075,926.2200895800756
161.97,8.128,9.055269645886403,927.2696458864029
161.98,8.126,9.05531920219273,929.3192021927297
161.99,8.125,9.055368758499055,930.3687584990552
162.0,8.123,9.055418314805381,932.4183148053819
162.01,8.122,9.05546787111171,933.4678711117092
162.02,8.121,9.055488513129836,934.4885131298355
162.03,8.119,9.055439527562116,936.4395275621167
162.04,8.118,9.055390541994397,937.3905419943967
162.05,8.116,9.05534155642668,939.3415564266796
162.06,8.115,9.05529257085896,940.2925708589596
162.07,8.113,9.05524358529124,942.2435852912407
162.08,8.111,9.055248003854478,944.2480038544776
162.09,8.11,9.055297546839967,945.2975468399671
162.1,8.11,9.055347089825455,945.3470898254554
162.11,8.108,9.055396632810943,947.3966328109427
162.12,8.107,9.05544617579643,948.4461757964305
162.13,8.106,9.055495718781918,949.4957187819182
162.14,8.104,9.05546737422364,951.4673742236415
162.15,8.103,9.05541840173258,952.4184017325795
162.16,8.101,9.055369429241518,954.3694292415169
162.17,8.1,9.055320456750456,955.3204567504565
162.18,8.099,9.055271484259395,956.2714842593945
162.19,8.098,9.055226373813987,957.2263738139864
162.2,8.097,9.055275903482178,958.2759034821784
162.21,8.095,9.055325433150369,960.3254331503681
162.22,8.094,9.055374962818558,961.3749628185584
162.23,8.093,9.055424492486749,962.4244924867487
162.24,8.092,9.05547402215494,963.4740221549389
162.25,8.091,9.055495206350233,964.4952063502341
162.26,8.09,9.055446246933084,965.4462469330838
162.27,8.089,9.055397287515934,966.3972875159335
162.28,8.087,9.055348328098784,968.3483280987844
162.29,8.086,9.055299368681636,969.2993686816358
162.3,8.085,9.055250409264486,970.2504092644855
162.31,8.084,9.055254272118548,971.2542721185482
162.32,8.084,9.055303788472889,971.3037884728894
162.33,8.084,9.05535330482723,971.3533048272307
162.34,8.084,9.055402821181573,971.4028211815737
162.35,8.083,9.055452337535915,972.4523375359145
162.36,8.083,9.055501853890256,972.5018538902557
162.37,8.082,9.055474077604043,973.4740776040418
162.38,8.082,9.05542513125799,973.42513125799
162.39,8.082,9.055376184911937,973.3761849119364
162.4,8.082,9.055327238565885,973.3272385658846
162.41,8.082,9.055278292219834,973.2782922198329
162.42,8.083,9.055232652747515,972.2326527475147
162.43,8.082,9.055282155791373,973.282155791372
162.44,8.083,9.05533165883523,972.3316588352304
162.45,8.083,9.055381161879087,972.3811618790866
162.46,8.084,9.055430664922945,971.430664922945
162.47,8.085,9.055480167966802,970.4801679668016
162.48,8.086,9.055501893752844,969.5018937528434
162.49,8.087,9.055452960475007,968.4529604750072
162.5,8.088,9.05540402719717,967.4040271971709
162.51,8.088,9.055355093919333,967.3550939193341
162.52,8.089,9.055306160641496,966.306160641496
162.53,8.09,9.05525722736366,965.2572273636597
162.54,8.091,9.055260535103479,964.2605351034792
162.55,8.091,9.055310024840143,964.3100248401435
162.56,8.092,9.055359514576805,963.3595145768048
162.57,8.093,9.055409004313468,962.4090043134679
162.58,8.093,9.05545849405013,962.4584940501304
162.59,8.094,9.055507983786793,961.5079837867935
162.6,8.095,9.055480775173628,960.4807751736271
162.61,8.096,9.055431854961066,959.4318549610658
162.62,8.097,9.055382934748504,958.3829347485047
162.63,8.097,9.055334014535942,958.334014535943
162.64,8.098,9.05528509432338,957.2850943233799
162.65,8.098,9.055238926406254,957.2389264062533
162.66,8.099,9.055288402838945,956.2884028389451
162.67,8.099,9.055337879271638,956.3378792716381
162.68,8.1,9.055387355704331,955.3873557043318
162.69,8.101,9.055436832137023,954.4368321370218
162.7,8.102,9.055486308569716,953.4863085697154
162.71,8.103,9.05550857535991,952.5085753599108
162.72,8.103,9.055459668209632,952.4596682096327
162.73,8.103,9.055410761059354,952.4107610593546
162.74,8.104,9.055361853909075,951.3618539090753
162.75,8.105,9.055312946758796,950.3129467587961
162.76,8.106,9.055264039608518,949.2640396085186
162.77,8.106,9.055266792828089,949.2667928280891
162.78,8.107,9.055316255959982,948.3162559599823
162.79,8.108,9.055365719091874,947.3657190918736
162.8,8.108,9.055415182223765,947.4151822237644
162.81,8.109,9.055464645355658,946.4646453556576
162.82,8.11,9.05551410848755,945.5141084875506
162.83,8.111,9.055487466948344,944.4874669483436
162.84,8.111,9.055438572857273,944.4385728572727
162.85,8.112,9.055389678766202,943.3896787662022
162.86,8.113,9.055340784675131,942.3407846751318
162.87,8.113,9.05529189058406,942.2918905840608
162.88,8.114,9.055245194803332,941.2451948033312
162.89,8.114,9.055294644637558,941.2946446375568
162.9,8.115,9.055344094471783,940.3440944717829
162.91,8.116,9.055393544306009,939.3935443060091
162.92,8.116,9.055442994140233,939.4429941402329
162.93,8.117,9.055492443974458,938.4924439744573
162.94,8.117,9.055515251182134,938.5152511821335
162.95,8.117,9.055466370147068,938.4663701470668
162.96,8.118,9.055417489112,937.4174891119989
162.97,8.118,9.055368608076932,937.3686080769321
162.98,8.119,9.055319727041866,936.3197270418659
162.99,8.119,9.055270846006797,936.2708460067975
163.0,8.12,9.055273045299227,935.273045299228
163.01,8.12,9.055322481838907,935.3224818389076
163.02,8.121,9.055371918378587,934.3719183785861
163.03,8.121,9.055421354918266,934.4213549182658
163.04,8.122,9.055470791457946,933.4707914579461
163.05,8.123,9.055520227997626,932.5202279976263
163.06,8.123,9.055494152933191,932.4941529331916
163.07,8.124,9.055445284951048,931.4452849510477
163.08,8.124,9.055396416968906,931.3964169689051
163.09,8.124,9.055347548986765,931.3475489867642
163.1,8.125,9.055298681004622,930.298681004622
163.11,8.125,9.055251457940525,930.2514579405248
163.12,8.126,9.055300881188742,929.3008811887429
163.13,8.126,9.055350304436958,929.3503044369586
163.14,8.127,9.055399727685176,928.399727685175
163.15,8.127,9.055449150933393,928.4491509333925
163.16,8.127,9.055498574181609,928.4985741816083
163.17,8.128,9.055521921220302,927.5219212203023
163.18,8.128,9.055473066287973,927.4730662879733
163.19,8.129,9.055424211355643,926.4242113556431
163.2,8.13,9.055375356423314,925.375356423313
163.21,8.13,9.055326501490985,925.3265014909839
163.22,8.131,9.055277646558654,924.2776465586537
163.23,8.131,9.055279292516456,924.2792925164558
163.24,8.132,9.055328702476263,923.3287024762635
163.25,8.132,9.055378112436072,923.3781124360725
163.26,8.133,9.05542752239588,922.4275223958803
163.27,8.134,9.055476932355687,921.4769323556861
163.28,8.135,9.055526342315494,920.5263423154939
163.29,8.136,9.05550083312711,919.5008331271115
163.3,8.136,9.055451991241458,919.4519912414592
163.31,8.137,9.055403149355804,918.4031493558039
163.32,8.137,9.05535430747015,918.3543074701497
163.33,8.137,9.055305465584496,918.3054655844956
163.34,8.138,9.055257715816962,917.2577158169623
163.35,8.139,9.055307112491395,916.3071124913955
163.36,8.141,9.055356509165827,914.3565091658274
163.37,8.142,9.05540590584026,913.4059058402606
163.38,8.143,9.055455302514693,912.455302514692
163.39,8.144,9.055504699189125,911.5046991891252
163.4,8.145,9.0555285854726,910.5285854726013
163.41,8.145,9.055479756630467,910.4797566304673
163.42,8.146,9.055430927788334,909.4309277883336
163.43,8.147,9.0553820989462,908.3820989462001
163.44,8.147,9.055333270104066,908.3332701040661
163.45,8.147,9.055284441261932,908.284441261932
163.46,8.147,9.05528553447707,908.28553447707
163.47,8.148,9.055334917869148,907.3349178691483
163.48,8.148,9.055384301261226,907.3843012612261
163.49,8.149,9.055433684653304,906.4336846533046
163.5,8.148,9.055483068045382,907.4830680453819
163.51,8.149,9.05553245143746,906.5324514374602
163.52,8.149,9.055507507526645,906.507507526646
163.53,8.148,9.055458691724862,907.4586917248623
163.54,8.149,9.05540987592308,906.4098759230817
163.55,8.149,9.055361060121298,906.3610601212986
163.56,8.149,9.055312244319516,906.3122443195173
163.57,8.149,9.05526396842788,906.2639684278811
163.58,8.149,9.055313338540618,906.3133385406186
163.59,8.149,9.055362708653353,906.3627086533543
163.6,8.149,9.055412078766091,906.4120787660919
163.61,8.149,9.055461448878829,906.4614488788294
163.62,8.149,9.055510818991564,906.5108189915652
163.63,8.149,9.055535243933875,906.5352439338757
163.64,8.15,9.055486441169267,905.4864411692663
163.65,8.15,9.055437638404658,905.4376384046581
163.66,8.15,9.05538883564005,905.3888356400499
163.67,8.15,9.055340032875444,905.3400328754435
163.68,8.15,9.055291230110836,905.2912301108354
163.69,8.15,9.05529177117475,905.291771174749
163.7,8.15,9.055341128011156,905.3411280111554
163.71,8.151,9.055390484847562,904.3904848475623
163.72,8.151,9.055439841683969,904.4398416839688
163.73,8.151,9.055489198520375,904.4891985203751
163.74,8.151,9.055538555356781,904.5385553567816
163.75,8.151,9.05551417612538,904.5141761253799
163.76,8.151,9.055465386394767,904.4653863947669
163.77,8.151,9.055416596664152,904.4165966641522
163.78,8.152,9.055367806933539,903.3678069335398
163.79,8.152,9.055319017202924,903.3190172029251
163.8,8.152,9.055270227472311,903.2702274723122
163.81,8.152,9.055319559329112,903.3195593291125
163.82,8.152,9.0553689028922,903.3689028922005
163.83,8.152,9.055418246455288,903.4182464552885
163.84,8.151,9.055467590018374,904.467590018374
163.85,8.151,9.055516933581462,904.516933581462
163.86,8.15,9.055541896597028,905.5418965970272
163.87,8.15,9.055493119897225,905.4931198972245
163.88,8.149,9.055444343197422,906.444343197423
163.89,8.148,9.05539556649762,907.3955664976197
163.9,8.147,9.055346789797817,908.3467897978163
163.91,8.147,9.055298013098014,908.2980130980136
163.92,8.148,9.055298002601697,907.2980026016975
163.93,8.149,9.055347332894481,906.347332894482
163.94,8.149,9.055396663187265,906.396663187266
163.95,8.149,9.055445993480049,906.44599348005
163.96,8.15,9.055495323772835,905.4953237728345
163.97,8.15,9.055544654065619,905.5446540656185
163.98,8.15,9.055520838915875,905.5208389158746
163.99,8.151,9.055472075243705,904.4720752437048
164.0,8.151,9.055423311571534,904.4233115715343
164.01,8.151,9.055374547899362,904.3745478993621
164.02,8.151,9.055325784227191,904.3257842271917
164.03,8.151,9.05527702055502,904.2770205550195
164.04,8.151,9.05532577484892,904.3257748489211
164.05,8.151,9.055375091874424,904.3750918744245
164.06,8.151,9.055424408899926,904.424408899926
164.07,8.151,9.055473725925427,904.4737259254276
164.08,8.151,9.055523042950929,904.5230429509293
164.09,8.151,9.055548543454604,904.5485434546041
164.1,8.151,9.055499792806886,904.4997928068863
164.11,8.152,9.055451042159168,903.451042159169
164.12,8.152,9.05540229151145,903.4022915114513
164.13,8.153,9.055353540863733,902.3535408637322
164.14,8.154,9.055304790216015,901.3047902160149
164.15,8.154,9.055304228750062,901.3042287500621
164.16,8.155,9.055353532511312,900.3535325113123
164.17,8.155,9.055402836272561,900.402836272562
164.18,8.155,9.05545214003381,900.4521400338099
164.19,8.156,9.055501443795059,899.5014437950583
164.2,8.156,9.055550747556309,899.550747556308
164.21,8.157,9.055527495890908,898.5274958909084
164.22,8.157,9.05547875826447,898.4787582644707
164.23,8.158,9.055430020638033,897.4300206380335
164.24,8.158,9.055381283011593,897.381283011594
164.25,8.159,9.055332545385156,896.332545385155
164.26,8.159,9.055283807758718,896.2838077587172
164.27,8.16,9.05533198509254,895.3319850925396
164.28,8.16,9.055381275592573,895.3812755925732
164.29,8.161,9.055430566092609,894.4305660926091
164.3,8.162,9.055479856592642,893.4798565926415
164.31,8.162,9.055529147092678,893.5291470926767
164.32,8.162,9.05555518449978,893.55518449978
164.33,8.162,9.055506459891452,893.5064598914515
164.34,8.163,9.055457735283126,892.4577352831253
164.35,8.163,9.055409010674799,892.4090106747987
164.36,8.164,9.05536028606647,891.3602860664706
164.37,8.165,9.055311561458144,890.3115614581445
164.38,8.166,9.055310449612776,889.3104496127755
164.39,8.166,9.055359726854642,889.3597268546412
164.4,8.166,9.055409004096505,889.409004096505
164.41,8.167,9.055458281338371,888.4582813383712
164.42,8.167,9.055507558580237,888.507558580237
164.43,8.167,9.0555568358221,888.5568358221008
164.44,8.168,9.055534147044188,887.5341470441889
164.45,8.169,9.055485435450807,886.4854354508064
164.46,8.169,9.055436723857426,886.4367238574254
164.47,8.169,9.055388012264045,886.3880122640442
164.48,8.169,9.055339300670664,886.3393006706631
164.49,8.17,9.055290589077282,885.2905890772824
164.5,8.17,9.055338190053492,885.338190053492
164.51,8.171,9.055387454040243,884.3874540402439
164.52,8.172,9.055436718026993,883.4367180269921
164.53,8.173,9.055485982013744,882.4859820137441
164.54,8.173,9.055535246000494,882.5352460004935
164.55,8.174,9.05556181972682,881.5618197268211
164.56,8.175,9.055513121145223,880.5131211452224
164.57,8.176,9.055464422563626,879.4644225636255
164.58,8.177,9.055415723982028,878.4157239820285
164.59,8.177,9.055367025400432,878.3670254004328
164.6,8.177,9.055318326818835,878.3183268188352
164.61,8.177,9.055316665183906,878.316665183906
164.62,8.177,9.055365915918602,878.3659159186019
164.63,8.177,9.0554151666533,878.4151666532996
164.64,8.176,9.055464417387997,879.4644173879966
164.65,8.177,9.055513668122694,878.5136681226949
164.66,8.178,9.05556291885739,877.5629188573895
164.67,8.178,9.055540792370566,877.5407923705653
164.68,8.178,9.055492106797596,877.4921067975949
164.69,8.177,9.055443421224625,878.4434212246257
164.7,8.177,9.055394735651655,878.3947356516553
164.71,8.176,9.055346050078684,879.3460500786842
164.72,8.176,9.055297364505714,879.2973645057139
164.73,8.176,9.055344389726422,879.3443897264215
164.74,8.175,9.055393627212133,880.3936272121326
164.75,8.175,9.055442864697845,880.4428646978444
164.76,8.174,9.055492102183557,881.4921021835573
164.77,8.173,9.055541339669269,882.5413396692685
164.78,8.173,9.055568449131085,882.5684491310852
164.79,8.173,9.055519776563585,882.5197765635853
164.8,8.172,9.055471103996087,883.4711039960865
164.81,8.172,9.055422431428587,883.4224314285866
164.82,8.171,9.055373758861087,884.3737588610878
164.83,8.17,9.055325086293587,885.3250862935873
164.84,8.169,9.055322875458568,886.3228754585678
164.85,8.169,9.055372099698369,886.3720996983684
164.86,8.168,9.05542132393817,887.4213239381703
164.87,8.168,9.05547054817797,887.470548177971
164.88,8.167,9.055519772417771,888.5197724177712
164.89,8.167,9.055568996657572,888.5689966575718
164.9,8.167,9.055547431865888,888.5474318658879
164.91,8.167,9.055498772300705,888.4987723007054
164.92,8.166,9.055450112735523,889.4501127355223
164.93,8.166,9.055401453170338,889.4014531703381
164.94,8.166,9.055352793605156,889.3527936051555
164.95,8.166,9.055304134039973,889.304134039973
164.96,8.166,9.055350584106915,889.3505841069143
164.97,8.166,9.055399795103884,889.3997951038841
164.98,8.165,9.055449006100853,890.4490061008535
164.99,8.165,9.055498217097822,890.4982170978233
165.0,8.165,9.05554742809479,890.5474280947914
165.01,8.165,9.05557507270883,890.575072708831
165.02,8.165,9.055526426142809,890.5264261428094
165.03,8.165,9.055477779576787,890.4777795767877
165.04,8.165,9.055429133010767,890.4291330107678
165.05,8.164,9.055380486444745,891.3804864447457
165.06,8.164,9.055331839878725,891.3318398787258
165.07,8.164,9.055329080432697,891.3290804326977
165.08,8.165,9.055378278189918,890.3782781899192
165.09,8.165,9.055427475947141,890.427475947142
165.1,8.166,9.055476673704362,889.4766737043618
165.11,8.166,9.055525871461585,889.5258714615845
165.12,8.167,9.055575069218806,888.5750692188061
165.13,8.166,9.055554065526753,889.5540655267524
165.14,8.166,9.05550543195674,889.5054319567404
165.15,8.167,9.055456798386727,888.4567983867271
165.16,8.166,9.055408164816715,889.4081648167145
165.17,8.166,9.055359531246701,889.3595312467006
165.18,8.167,9.055310897676689,888.3108976766891
165.19,8.167,9.055356773191225,888.3567731912248
165.2,8.168,9.055405957711788,887.4059577117883
165.21,8.168,9.055455142232349,887.4551422323495
165.22,8.169,9.055504326752912,886.5043267529113
165.23,8.169,9.055553511273475,886.5535112734743
165.24,8.17,9.055581690456915,885.5816904569149
165.25,8.17,9.055533069879754,885.5330698797541
165.26,8.171,9.055484449302595,884.4844493025956
165.27,8.171,9.055435828725434,884.4358287254348
165.28,8.172,9.055387208148273,883.3872081482727
165.29,8.172,9.055338587571113,883.3385875711119
165.3,8.173,9.055335280102755,882.3352801027546
165.31,8.173,9.055384451389749,882.3844513897487
165.32,8.173,9.055433622676741,882.433622676741
165.33,8.174,9.055482793963735,881.4827939637357
165.34,8.174,9.05553196525073,881.5319652507299
165.35,8.176,9.055581136537723,879.5811365377233
165.36,8.176,9.055560693350216,879.5606933502161
165.37,8.179,9.055512085762754,876.5120857627533
165.38,8.18,9.05546347817529,875.4634781752894
165.39,8.182,9.055414870587827,873.4148705878262
165.4,8.183,9.055366263000362,872.3662630003623
165.41,8.184,9.0553176554129,871.3176554129003
165.42,8.185,9.055362956975994,870.3629569759936
165.43,8.186,9.055412115032512,869.412115032512
165.44,8.187,9.055461273089032,868.4612730890321
165.45,8.188,9.055510431145551,867.5104311455506
165.46,8.189,9.05555958920207,866.5595892020708
165.47,8.19,9.055588302372536,865.5883023725366
165.48,8.191,9.055539707771612,864.5397077716108
165.49,8.192,9.055491113170687,863.4911131706868
165.5,8.193,9.055442518569762,862.4425185697628
165.51,8.195,9.055393923968838,860.3939239688376
165.52,8.196,9.055345329367913,859.3453293679137
165.53,8.197,9.05534147446549,858.3414744654903
165.54,8.199,9.055390619294633,856.3906192946326
165.55,8.2,9.055439764123774,855.4397641237746
165.56,8.201,9.055488908952917,854.4889089529164
165.57,8.202,9.055538053782058,853.5380537820582
165.58,8.204,9.0555871986112,851.5871986111989
165.59,8.205,9.055567315333578,850.5673153335778
165.6,8.207,9.055518733716031,848.5187337160305
165.61,8.208,9.055470152098485,847.4701520984844
165.62,8.209,9.055421570480938,846.4215704809384
165.63,8.21,9.055372988863391,845.3729888633906
165.64,8.211,9.055324407245845,844.3244072458444
165.65,8.213,9.055369135458063,842.369135458064
165.66,8.215,9.055418267062926,840.4182670629261
165.67,8.216,9.05546739866779,839.4673986677911
165.68,8.218,9.055516530272653,837.5165302726533
165.69,8.219,9.055565661877518,836.5656618775183
165.7,8.219,9.055594908453067,836.5949084530673
165.71,8.22,9.055546339815734,835.5463398157336
165.72,8.221,9.055497771178404,834.4977711784036
165.73,8.222,9.055449202541071,833.4492025410718
165.74,8.223,9.055400633903739,832.4006339037383
165.75,8.224,9.055352065266407,831.3520652664064
165.76,8.225,9.055347663517761,830.3476635177614
165.77,8.225,9.055396781901447,830.3967819014471
165.78,8.226,9.055445900285134,829.4459002851333
165.79,8.227,9.05549501866882,828.4950186688196
165.8,8.228,9.055544137052507,827.5441370525076
165.81,8.229,9.055593255436193,826.5932554361939
165.82,8.23,9.055573931474207,825.5739314742066
165.83,8.23,9.055525375813923,825.5253758139229
165.84,8.231,9.055476820153642,824.4768201536417
165.85,8.232,9.05542826449336,823.4282644933604
165.86,8.232,9.055379708833078,823.3797088330786
165.87,8.233,9.055331153172796,822.3311531727954
165.88,8.235,9.055375308634293,820.3753086342936
165.89,8.236,9.055424413799905,819.4244137999043
165.9,8.236,9.055473518965517,819.4735189655162
165.91,8.237,9.055522624131129,818.5226241311287
165.92,8.237,9.05557172929674,818.5717292967407
165.93,8.238,9.055601508695863,817.6015086958639
165.94,8.239,9.055552966009463,816.5529660094624
165.95,8.24,9.055504423323061,815.5044233230608
165.96,8.241,9.05545588063666,814.455880636661
165.97,8.242,9.055407337950259,813.4073379502578
165.98,8.242,9.055358795263858,813.3587952638575
165.99,8.243,9.055353847256407,812.3538472564071
166.0,8.243,9.055402939207049,812.4029392070487
166.01,8.244,9.055452031157692,811.4520311576925
166.02,8.245,9.055501123108336,810.5011231083363
166.03,8.246,9.055550215058977,809.5502150589766
166.04,8.247,9.05559930700962,808.5993070096205
166.05,8.247,9.055580541769432,808.5805417694321
166.06,8.248,9.05553201205374,807.5320120537413
166.07,8.249,9.055483482338047,806.4834823380469
166.08,8.249,9.055434952622356,806.4349526223556
166.09,8.25,9.055386422906665,805.3864229066647
166.1,8.251,9.055337893190973,804.3378931909739
166.11,8.251,9.055381476501504,804.3814765015043
166.12,8.251,9.055430555240283,804.430555240284
166.13,8.251,9.055479633979065,804.4796339790654
166.14,8.251,9.055528712717845,804.5287127178451
166.15,8.251,9.055577791456626,804.5777914566265
166.16,8.251,9.055608103098242,804.6081030982429
166.17,8.251,9.055559586350087,804.5595863500878
166.18,8.251,9.05551106960193,804.5110696019311
166.19,8.252,9.055462552853774,803.4625528537731
166.2,8.252,9.055414036105619,803.4140361056182
166.21,8.253,9.055365519357462,802.365519357462
166.22,8.253,9.055360025678192,802.3600256781922
166.23,8.254,9.055409091208219,801.4090912082193
166.24,8.255,9.055458156738245,800.4581567382445
166.25,8.256,9.055507222268272,799.5072222682716
166.26,8.256,9.055556287798296,799.5562877982962
166.27,8.257,9.055605353328323,798.6053533283233
166.28,8.257,9.055587146216507,798.5871462165069
166.29,8.258,9.055538642432708,797.5386424327091
166.3,8.258,9.05549013864891,797.4901386489108
166.31,8.259,9.055441634865113,796.4416348651131
166.32,8.26,9.055393131081315,795.3931310813153
166.33,8.26,9.055344627297517,795.344627297517
166.34,8.261,9.055387639056416,794.3876390564171
166.35,8.262,9.0554366913808,793.4366913807995
166.36,8.262,9.055485743705184,793.4857437051833
166.37,8.262,9.055534796029567,793.5347960295669
166.38,8.263,9.055583848353951,792.5838483539511
166.39,8.264,9.055614691657414,791.6146916574149
166.4,8.265,9.055566200834795,790.5662008347942
166.41,8.266,9.055517710012175,789.5177100121753
166.42,8.266,9.055469219189556,789.4692191895558
166.43,8.266,9.055420728366936,789.4207283669364
166.44,8.266,9.055372237544315,789.3722375443151
166.45,8.267,9.055366198779787,788.3661987797872
166.46,8.267,9.055415237901641,788.4152379016421
166.47,8.267,9.055464277023495,788.4642770234951
166.48,8.267,9.05551331614535,788.5133161453499
166.49,8.266,9.055562355267202,789.5623552672024
166.5,8.266,9.055611394389057,789.6113943890573
166.51,8.266,9.055593744812597,789.5937448125974
166.52,8.266,9.055545266947973,789.5452669479735
166.53,8.266,9.05549678908335,789.4967890833495
166.54,8.266,9.055448311218724,789.4483112187238
166.55,8.266,9.0553998333541,789.3998333540999
166.56,8.265,9.055351355489476,790.3513554894754
166.57,8.265,9.055393796295675,790.3937962956746
166.58,8.264,9.055442822218113,791.442822218114
166.59,8.264,9.055491848140553,791.491848140554
166.6,8.263,9.055540874062991,792.5408740629915
166.61,8.263,9.055589899985431,792.5898999854315
166.62,8.263,9.055621274370528,792.6212743705286
166.63,8.263,9.055572809460713,792.5728094607134
166.64,8.264,9.0555243445509,791.5243445509007
166.65,8.264,9.055475879641087,791.4758796410872
166.66,8.264,9.055427414731273,791.4274147312739
166.67,8.265,9.05537894982146,790.3789498214593
166.68,8.266,9.055372366557801,789.3723665578012
166.69,8.267,9.055421379283944,788.4213792839442
166.7,8.268,9.055470392010085,787.4703920100839
166.71,8.269,9.055519404736227,786.519404736227
166.72,8.27,9.05556841746237,785.56841746237
166.73,8.27,9.05561743018851,785.6174301885109
166.74,8.272,9.055600337554813,783.6003375548124
166.75,8.272,9.055551885596623,783.5518855966228
166.76,8.272,9.055503433638432,783.5034336384315
166.77,8.273,9.05545498168024,782.4549816802406
166.78,8.274,9.05540652972205,781.4065297220516
166.79,8.275,9.05535807776386,780.358077763859
166.8,8.275,9.05539994821588,780.3999482158802
166.81,8.276,9.055448947748845,779.4489477488451
166.82,8.276,9.055497947281811,779.4979472818113
166.83,8.277,9.055546946814776,778.5469468147763
166.84,8.278,9.055595946347742,777.5959463477413
166.85,8.279,9.055627851234693,776.6278512346929
166.86,8.28,9.055579412224935,775.5794122249356
166.87,8.28,9.055530973215177,775.5309732151776
166.88,8.28,9.05548253420542,775.4825342054214
166.89,8.281,9.055434095195663,774.4340951956623
166.9,8.282,9.055385656185905,773.385656185905
166.91,8.283,9.05537852900882,772.3785290088206
166.92,8.284,9.055427515351731,771.4275153517302
166.93,8.285,9.055476501694642,770.4765016946418
166.94,8.285,9.055525488037553,770.5254880375527
166.95,8.286,9.055574474380464,769.5744743804643
166.96,8.288,9.055623460723375,767.6234607233745
166.97,8.289,9.05560692444026,766.6069244402606
166.98,8.291,9.055558498375744,764.5584983757434
166.99,8.293,9.055510072311227,762.5100723112279
167.0,8.294,9.055461646246712,761.4616462467119
167.01,8.296,9.055413220182196,759.4132201821964
167.02,8.297,9.05536479411768,758.3647941176786
167.03,8.298,9.055406094813636,757.4060948136356
167.04,8.3,9.055455067969618,755.4550679696171
167.05,8.301,9.0555040411256,754.5040411255997
167.06,8.303,9.055553014281582,752.553014281581
167.07,8.305,9.055601987437564,750.6019874375643
167.08,8.306,9.055634422247032,749.6344222470324
167.09,8.308,9.055586009124564,747.5860091245643
167.1,8.309,9.055537596002097,746.5375960020974
167.11,8.31,9.05548918287963,745.4891828796289
167.12,8.312,9.055440769757162,743.4407697571626
167.13,8.313,9.055392356634695,742.3923566346939
167.14,8.315,9.05538468612946,740.3846861294596
167.15,8.316,9.05543364610164,739.4336461016397
167.16,8.317,9.055482606073822,738.4826060738217
167.17,8.318,9.055531566046003,737.5315660460036
167.18,8.319,9.055580526018185,736.5805260181837
167.19,8.319,9.055629485990364,736.6294859903633
167.2,8.32,9.055613505466079,735.6135054660787
167.21,8.322,9.055565105282465,733.5651052824659
167.22,8.322,9.05551670509885,733.5167050988503
167.23,8.323,9.055468304915236,732.4683049152352
167.24,8.324,9.055419904731622,731.4199047316218
167.25,8.326,9.055371504548008,729.3715045480074
167.26,8.327,9.055412236085607,728.4122360856067
167.27,8.328,9.055461182877117,727.4611828771178
167.28,8.33,9.05551012966863,725.5101296686295
167.29,8.331,9.05555907646014,724.5590764601407
167.3,8.332,9.055608023251652,723.6080232516517
167.31,8.333,9.055640987404738,722.6409874047376
167.32,8.334,9.055592600156782,721.5926001567823
167.33,8.335,9.055544212908824,720.5442129088233
167.34,8.337,9.055495825660866,718.4958256608667
167.35,8.338,9.055447438412909,717.4474384129095
167.36,8.339,9.055399051164953,716.3990511649523
167.37,8.341,9.05539083791642,714.3908379164205
167.38,8.342,9.055439771530395,713.4397715303944
167.39,8.342,9.05548870514437,713.4887051443694
167.4,8.343,9.055537638758347,712.5376387583468
167.41,8.343,9.055586572372322,712.5865723723219
167.42,8.343,9.055635505986299,712.6355059862988
167.43,8.344,9.05562008062951,711.6200806295101
167.44,8.345,9.05557170631401,710.5717063140098
167.45,8.345,9.055523331998511,710.5233319985107
167.46,8.345,9.055474957683012,710.4749576830116
167.47,8.346,9.055426583367515,709.4265833675148
167.48,8.346,9.055378209052016,709.3782090520158
167.49,8.346,9.055418372028559,709.4183720285585
167.5,8.346,9.055467292468135,709.4672924681352
167.51,8.346,9.055516212907714,709.5162129077135
167.52,8.346,9.05556513334729,709.5651333472902
167.53,8.346,9.055614053786869,709.6140537868685
167.54,8.346,9.05564754670512,709.6475467051207
167.55,8.346,9.055599185318881,709.599185318881
167.56,8.346,9.055550823932641,709.5508239326414
167.57,8.346,9.055502462546402,709.5024625464017
167.58,8.346,9.055454101160162,709.454101160162
167.59,8.346,9.055405739773922,709.4057397739224
167.6,8.346,9.055396984366517,709.3969843665171
167.61,8.345,9.055445891634836,710.4458916348353
167.62,8.345,9.055494798903155,710.494798903154
167.63,8.345,9.055543706171472,710.5437061714711
167.64,8.346,9.05559261343979,709.5926134397903
167.65,8.346,9.05564152070811,709.641520708109
167.66,8.346,9.055626649927914,709.6266499279143
167.67,8.346,9.055578301467733,709.578301467733
167.68,8.345,9.055529953007552,710.5299530075513
167.69,8.345,9.05548160454737,710.4816045473701
167.7,8.345,9.055433256087191,710.4332560871907
167.71,8.345,9.05538490762701,710.3849076270094
167.72,8.345,9.05542450263939,710.4245026393894
167.73,8.344,9.055473396739595,711.4733967395956
167.74,8.344,9.055522290839798,711.5222908397989
167.75,8.342,9.055571184940002,713.5711849400011
167.76,8.341,9.055620079040205,714.6200790402055
167.77,8.34,9.055654100145617,715.6541001456169
167.78,8.339,9.055605764608293,716.6057646082926
167.79,8.339,9.05555742907097,716.5574290709689
167.8,8.338,9.055509093533646,717.5090935336464
167.81,8.337,9.055460757996322,718.4607579963221
167.82,8.336,9.055412422458998,719.4124224589978
167.83,8.335,9.055403125476728,720.4031254767269
167.84,8.334,9.055452006411961,721.4520064119619
167.85,8.334,9.055500887347193,721.5008873471937
167.86,8.333,9.055549768282427,722.5497682824268
167.87,8.332,9.05559864921766,723.5986492176601
167.88,8.332,9.055647530152894,723.6475301528938
167.89,8.331,9.05563321335882,724.6332133588212
167.9,8.33,9.05558489074115,725.5848907411497
167.91,8.329,9.055536568123479,726.5365681234783
167.92,8.328,9.055488245505808,727.4882455058087
167.93,8.327,9.055439922888137,728.4399228881373
167.94,8.327,9.055391600270468,728.3916002704682
167.95,8.326,9.055430627915175,729.4306279151748
167.96,8.326,9.055479495688589,729.4794956885884
167.97,8.325,9.055528363462003,730.5283634620032
167.98,8.324,9.055577231235416,731.5772312354163
167.99,8.324,9.05562609900883,731.6260990088299
168.0,8.323,9.055660647723839,732.6606477238382
168.01,8.323,9.055612338022618,732.6123380226175
168.02,8.323,9.055564028321397,732.5640283213968
168.03,8.322,9.055515718620176,733.5157186201773
168.04,8.321,9.055467408918956,734.467408918956
168.05,8.32,9.055419099217733,735.419099217733
168.06,8.32,9.055409261244177,735.4092612441772
168.07,8.319,9.055458115858922,736.4581158589214
168.08,8.319,9.055506970473669,736.5069704736679
168.09,8.319,9.055555825088414,736.5558250884128
168.1,8.318,9.055604679703158,737.6046797031588
168.11,8.318,9.055653534317903,737.6535343179036
168.12,8.317,9.055639770919907,738.6397709199066
168.13,8.316,9.05559147413193,739.5914741319292
168.14,8.316,9.055543177343955,739.5431773439541
168.15,8.316,9.055494880555978,739.4948805559771
168.16,8.315,9.055446583768003,740.4465837680032
168.17,8.315,9.055398286980026,740.3982869800263
168.18,8.314,9.055436747853141,741.4367478531414
168.19,8.314,9.055485589312372,741.4855893123722
168.2,8.313,9.055534430771605,742.5344307716042
168.21,8.313,9.055583272230836,742.583272230835
168.22,8.313,9.055632113690066,742.6321136900658
168.23,8.313,9.055667189437562,742.6671894375615
168.24,8.313,9.055618905559625,742.618905559624
168.25,8.312,9.055570621681687,743.5706216816875
168.26,8.311,9.05552233780375,744.5223378037493
168.27,8.31,9.05547405392581,745.4740539258094
168.28,8.31,9.055425770047872,745.4257700478717
168.29,8.309,9.055415391666187,746.4153916661882
168.3,8.308,9.055464219973063,747.4642199730628
168.31,8.308,9.05551304827994,747.5130482799397
168.32,8.308,9.055561876586815,747.5618765868148
168.33,8.307,9.055610704893692,748.6107048936911
168.34,8.306,9.055659533200567,749.6595332005676
168.35,8.306,9.055646322609036,749.6463226090366
168.36,8.305,9.05559805163793,750.5980516379295
168.37,8.304,9.055549780666823,751.5497806668226
168.38,8.304,9.055501509695716,751.5015096957161
168.39,8.304,9.05545323872461,751.4532387246096
168.4,8.303,9.055404967753503,752.4049677535025
168.41,8.304,9.055442862450699,751.4428624506984
168.42,8.304,9.055491677608378,751.491677608378
168.43,8.305,9.05554049276606,750.54049276606
168.44,8.305,9.055589307923741,750.5893079237413
168.45,8.305,9.05563812308142,750.638123081421
168.46,8.306,9.055673725284736,749.6737252847367
168.47,8.306,9.055625467217252,749.6254672172533
168.48,8.305,9.055577209149769,750.5772091497694
168.49,8.305,9.055528951082286,750.5289510822859
168.5,8.305,9.055480693014802,750.4806930148025
168.51,8.305,9.055432434947319,750.432434947319
168.52,8.305,9.055421516740234,750.421516740234
168.53,8.305,9.055470318751883,750.4703187518835
168.54,8.305,9.055519120763531,750.5191207635313
168.55,8.306,9.055567922775179,749.5679227751797
168.56,8.306,9.055616724786828,749.6167247868293
168.57,8.306,9.055665526798476,749.6655267984771
168.58,8.306,9.05565286842423,749.6528684242314
168.59,8.306,9.055604623257162,749.604623257163
168.6,8.306,9.055556378090094,749.5563780900944
168.61,8.307,9.055508132923023,748.508132923023
168.62,8.307,9.055459887755955,748.4598877559545
168.63,8.306,9.055411642588886,749.4116425888873
168.64,8.306,9.055448971705419,749.4489717054194
168.65,8.306,9.055497760574202,749.4977605742026
168.66,8.307,9.055546549442983,748.5465494429828
168.67,8.306,9.055595338311765,749.5953383117655
168.68,8.307,9.055644127180548,748.6441271805475
168.69,8.307,9.05568025526346,748.6802552634604
168.7,8.306,9.055632022993596,749.6320229935965
168.71,8.306,9.05558379072373,749.5837907237312
168.72,8.306,9.055535558453865,749.5355584538661
168.73,8.306,9.055487326184,749.487326184001
168.74,8.307,9.055439093914135,748.4390939141346
168.75,8.308,9.055427636463955,747.4276364639554
168.76,8.309,9.055476412193041,746.4764121930418
168.77,8.309,9.055525187922125,746.525187922126
168.78,8.309,9.05557396365121,746.5739636512101
168.79,8.31,9.055622739380293,745.622739380293
168.8,8.311,9.055671515109378,744.6715151093777
168.81,8.311,9.05565940836367,744.6594083636704
168.82,8.312,9.055611188987799,743.6111889877992
168.83,8.312,9.055562969611925,743.5629696119257
168.84,8.313,9.055514750236053,742.5147502360527
168.85,8.313,9.05546653086018,742.4665308601792
168.86,8.314,9.055418311484308,741.418311484308
168.87,8.314,9.05545507561503,741.455075615029
168.88,8.315,9.055503838207587,740.5038382075873
168.89,8.315,9.055552600800144,740.5526008001449
168.9,8.316,9.055601363392702,739.6013633927012
168.91,8.316,9.05565012598526,739.6501259852588
168.92,8.315,9.055686779372001,740.6867793720018
168.93,8.314,9.05563857288691,741.6385728869095
168.94,8.314,9.055590366401818,741.5903664018177
168.95,8.314,9.055542159916724,741.5421599167242
168.96,8.314,9.055493953431633,741.4939534316325
168.97,8.314,9.05544574694654,741.4457469465408
168.98,8.314,9.055433750835146,741.4337508351458
168.99,8.314,9.055482500294351,741.4825002943512
169.0,8.313,9.055531249753555,742.5312497535543
169.01,8.313,9.05557999921276,742.5799992127597
169.02,8.313,9.055628748671964,742.6287486719634
169.03,8.313,9.05567749813117,742.6774981311688
169.04,8.312,9.055665942425684,743.6659424256842
169.05,8.312,9.055617748828158,743.617748828159
169.06,8.311,9.055569555230635,744.569555230635
169.07,8.309,9.05552136163311,746.5213616331106
169.08,8.308,9.055473168035585,747.4731680355849
169.09,8.307,9.05542497443806,748.424974438059
169.1,8.306,9.055461174177402,749.4611741774033
169.11,8.306,9.055509910506432,749.5099105064327
169.12,8.305,9.05555864683546,750.5586468354597
169.13,8.305,9.055607383164487,750.6073831644873
169.14,8.304,9.055656119493515,751.6561194935143
169.15,8.303,9.055693297608759,752.6932976087579
169.16,8.302,9.055645116895587,753.6451168955871
169.17,8.302,9.055596936182416,753.5969361824168
169.18,8.301,9.055548755469244,754.5487554692443
169.19,8.301,9.055500574756072,754.5005747560722
169.2,8.301,9.055452394042902,754.452394042902
169.21,8.3,9.05543985985174,755.4398598517391
169.22,8.3,9.05548858305377,755.4885830537685
169.23,8.299,9.055537306255799,756.5373062557992
169.24,8.299,9.055586029457828,756.5860294578285
169.25,8.298,9.055634752659856,757.6347526598557
169.26,8.298,9.055683475861885,757.6834758618851
169.27,8.298,9.055672470608743,757.6724706087425
169.28,8.297,9.055624302776708,758.6243027767079
169.29,8.297,9.055576134944676,758.5761349446756
169.3,8.296,9.055527967112642,759.5279671126427
169.31,8.296,9.055479799280608,759.4797992806086
169.32,8.295,9.055431631448576,760.4316314485757
169.33,8.295,9.055467267390563,760.4672673905633
169.34,8.295,9.055515977468774,760.5159774687742
169.35,8.294,9.055564687546985,761.5646875469846
169.36,8.293,9.055613397625198,762.6133976251986
169.37,8.293,9.055662107703409,762.6621077034094
169.38,8.292,9.055699809972278,763.6998099722784
169.39,8.292,9.055651655018167,763.6516550181672
169.4,8.291,9.055603500064056,764.6035000640552
169.41,8.291,9.055555345109944,764.5553451099438
169.42,8.291,9.055507190155833,764.5071901558324
169.43,8.291,9.055459035201723,764.4590352017228
169.44,8.29,9.055445963511815,765.4459635118158
169.45,8.29,9.055494660469392,765.4946604693932
169.46,8.29,9.05554335742697,765.5433574269707
169.47,8.29,9.055592054384547,765.5920543845482
169.48,8.29,9.055640751342125,765.6407513421257
169.49,8.29,9.055689448299702,765.6894482997031
169.5,8.289,9.055678992911453,766.6789929114533
169.51,8.289,9.055630850832047,766.6308508320476
169.52,8.288,9.055582708752642,767.5827087526415
169.53,8.287,9.055534566673236,768.5345666732353
169.54,8.287,9.05548642459383,768.4864245938296
169.55,8.286,9.055438282514425,769.4382825144253
169.56,8.285,9.05547335525266,770.4733552526601
169.57,8.284,9.055522039092788,771.5220390927868
169.58,8.283,9.055570722932915,772.5707229329153
169.59,8.283,9.055619406773044,772.6194067730443
169.6,8.283,9.055668090613171,772.6680906131716
169.61,8.282,9.055706316461235,773.7063164612348
169.62,8.281,9.055658187253316,774.6581872533156
169.63,8.282,9.0556100580454,773.6100580453992
169.64,8.282,9.05556192883748,773.5619288374807
169.65,8.282,9.055513799629562,773.5137996295621
169.66,8.282,9.055465670421645,773.4656704216452
169.67,8.282,9.055452061813584,773.4520618135842
169.68,8.283,9.05550073253945,772.5007325394504
169.69,8.283,9.055549403265315,772.549403265316
169.7,8.284,9.055598073991181,771.5980739911803
169.71,8.284,9.055646744717047,771.6467447170459
169.72,8.285,9.055695415442914,770.6954154429137
169.73,8.285,9.055685509332545,770.6855093325444
169.74,8.286,9.055637392992896,769.6373929928964
169.75,8.286,9.055589276653247,769.5892766532477
169.76,8.286,9.055541160313599,769.5411603135991
169.77,8.286,9.055493043973948,769.4930439739487
169.78,8.286,9.0554449276343,769.4449276343
169.79,8.285,9.055479437761973,770.4794377619723
169.8,8.285,9.055528095376767,770.5280953767666
169.81,8.285,9.055576752991561,770.5767529915609
169.82,8.285,9.055625410606355,770.625410606355
169.83,8.285,9.055674068221151,770.6740682211511
169.84,8.285,9.055712817074424,770.7128170744237
169.85,8.285,9.055664713599825,770.6647135998246
169.86,8.284,9.055616610125226,771.6166101252248
169.87,8.284,9.055568506650626,771.5685066506257
169.88,8.284,9.055520403176027,771.5204031760265
169.89,8.284,9.055472299701428,771.4722997014273
169.9,8.283,9.055458154755376,772.4581547553769
169.91,8.282,9.055506799262291,773.5067992622912
169.92,8.282,9.055555443769205,773.5554437692044
169.93,8.281,9.05560408827612,774.6040882761189
169.94,8.281,9.055652732783035,774.6527327830339
169.95,8.28,9.055701377289948,775.7013772899484
169.96,8.279,9.055692019870879,776.6920198708789
169.97,8.279,9.05564392925811,776.6439292581105
169.98,8.279,9.05559583864534,776.5958386453402
169.99,8.279,9.05554774803257,776.54774803257
170.0,8.279,9.0554996574198,776.4996574197997
170.01,8.278,9.05545156680703,777.4515668070289
170.02,8.278,9.055485514916906,777.485514916906
170.03,8.278,9.055534146319136,777.5341463191356
170.04,8.278,9.055582777721364,777.5827777213635
170.05,8.278,9.055631409123594,777.6314091235931
170.06,8.278,9.055680040525823,777.6800405258228
170.07,8.278,9.055719311810769,777.7193118107685
170.08,8.277,9.055671234056607,778.671234056608
170.09,8.277,9.055623156302445,778.6231563024462
170.1,8.277,9.055575078548284,778.5750785482843
170.11,8.277,9.055527000794122,778.5270007941225
170.12,8.277,9.055478923039958,778.4789230399589
170.13,8.277,9.055464242335646,778.4642423356463
170.14,8.278,9.055512860636385,777.5128606363851
170.15,8.277,9.055561478937125,778.5614789371263
170.16,8.277,9.055610097237865,778.6100972378663
170.17,8.277,9.055658715538605,778.6587155386062
170.18,8.277,9.055707333839345,778.7073338393462
170.19,8.276,9.055698524525434,779.6985245254344
170.2,8.276,9.055650459626658,779.6504596266586
170.21,8.275,9.055602394727883,780.6023947278824
170.22,8.274,9.055554329829109,781.5543298291096
170.23,8.273,9.055506264930333,782.5062649303334
170.24,8.273,9.055458200031557,782.4582000315577
170.25,8.273,9.055491586715991,782.4915867159916
170.26,8.273,9.055540191918439,782.5401919184394
170.27,8.273,9.055588797120889,782.5887971208889
170.28,8.273,9.055637402323338,782.6374023233384
170.29,8.273,9.055686007525786,782.6860075257862
170.3,8.273,9.055725800669316,782.7258006693168
170.31,8.274,9.055677748622704,781.6777486227054
170.32,8.274,9.055629696576093,781.6296965760934
170.33,8.274,9.05558164452948,781.5816445294814
170.34,8.274,9.055533592482869,781.5335924828695
170.35,8.274,9.055485540436258,781.4855404362593
170.36,8.274,9.055470324552985,781.470324552986
170.37,8.274,9.055518916660343,781.5189166603442
170.38,8.275,9.055567508767703,780.5675087677031
170.39,8.275,9.055616100875062,780.6161008750614
170.4,8.275,9.055664692982422,780.6646929824215
170.41,8.276,9.05571328508978,779.7132850897804
170.42,8.276,9.055705023295317,779.7050232953176
170.43,8.276,9.055656984097647,779.6569840976471
170.44,8.276,9.055608944899976,779.6089448999766
170.45,8.276,9.055560905702304,779.5609057023044
170.46,8.277,9.055512866504634,778.5128665046343
170.47,8.277,9.055464827306963,778.4648273069639
170.48,8.277,9.055497653157884,778.4976531578849
170.49,8.277,9.055546232173354,778.5462321733547
170.5,8.278,9.055594811188826,777.5948111888251
170.51,8.278,9.055643390204295,777.643390204295
170.52,8.277,9.055691969219767,778.6919692197678
170.53,8.276,9.055732283649236,779.7322836492366
170.54,8.276,9.055684257297283,779.6842572972835
170.55,8.275,9.055636230945328,780.6362309453281
170.56,8.275,9.055588204593374,780.5882045933732
170.57,8.274,9.05554017824142,781.5401782414212
170.58,8.273,9.055492151889466,782.4921518894658
170.59,8.273,9.055476401406102,782.4764014061021
170.6,8.272,9.05552496733289,783.5249673328892
170.61,8.272,9.055573533259677,783.5735332596769
170.62,8.271,9.055622099186463,784.6220991864623
170.63,8.271,9.05567066511325,784.67066511325
170.64,8.27,9.055719231040039,785.719231040039
170.65,8.269,9.055711516179754,786.7115161797535
170.66,8.268,9.05566350267029,787.6635026702896
170.67,8.268,9.055615489160827,787.6154891608262
170.68,8.267,9.055567475651364,788.5674756513641
170.69,8.267,9.0555194621419,788.5194621419007
170.7,8.267,9.055471448632437,788.4714486324374
170.71,8.267,9.055503714241356,788.5037142413562
170.72,8.267,9.055552267082666,788.5522670826664
170.73,8.267,9.055600819923976,788.6008199239765
170.74,8.267,9.055649372765286,788.6493727652866
170.75,8.267,9.055697925606596,788.6979256065966
170.76,8.267,9.055738760749813,788.7387607498138
170.77,8.266,9.055690760079617,789.6907600796172
170.78,8.266,9.055642759409421,789.6427594094213
170.79,8.266,9.055594758739225,789.5947587392253
170.8,8.266,9.05554675806903,789.5467580690295
170.81,8.266,9.055498757398833,789.4987573988335
170.82,8.267,9.055482472893816,788.4824728938166
170.83,8.267,9.055531012652857,788.5310126528573
170.84,8.267,9.055579552411897,788.5795524118979
170.85,8.267,9.05562809217094,788.6280921709404
170.86,8.267,9.05567663192998,788.6766319299809
170.87,8.266,9.055725171689021,789.725171689021
170.88,8.266,9.055718003178079,789.7180031780788
170.89,8.266,9.055670015343924,789.6700153439244
170.9,8.266,9.055622027509768,789.6220275097683
170.91,8.266,9.055574039675614,789.5740396756139
170.92,8.265,9.055526051841458,790.5260518414572
170.93,8.266,9.055478064007303,789.4780640073034
170.94,8.265,9.055509769965306,790.5097699653058
170.95,8.265,9.05555829664529,790.5582966452887
170.96,8.265,9.055606823325272,790.6068233252714
170.97,8.264,9.055655350005255,791.6553500052554
170.98,8.264,9.055703876685236,791.7038766852364
170.99,8.264,9.055745231970452,791.7452319704523
171.0,8.264,9.055697256969111,791.6972569691119
171.01,8.264,9.055649281967769,791.6492819677696
171.02,8.263,9.055601306966429,792.6013069664286
171.03,8.263,9.055553331965086,792.5533319650864
171.04,8.263,9.055505356963746,792.505356963746
171.05,8.263,9.055488539015082,792.488539015082
171.06,8.263,9.055537052619217,792.5370526192169
171.07,8.263,9.055585566223353,792.5855662233535
171.08,8.263,9.05563407982749,792.63407982749
171.09,8.262,9.055682593431627,793.6825934316261
171.1,8.262,9.055731107035761,793.7311070357609
171.11,8.262,9.055724484289767,793.7244842897666
171.12,8.262,9.055676522118013,793.6765221180124
171.13,8.261,9.055628559946259,794.6285599462594
171.14,8.261,9.055580597774505,794.5805977745053
171.15,8.261,9.05553263560275,794.5326356027512
171.16,8.261,9.055484673430998,794.4846734309987
171.17,8.26,9.055515820328754,795.5158203287542
171.18,8.26,9.055564320860258,795.564320860258
171.19,8.259,9.05561282139176,796.6128213917596
171.2,8.259,9.055661321923262,796.6613219232617
171.21,8.258,9.055709822454766,797.7098224547667
171.22,8.257,9.05575169731068,798.7516973106797
171.23,8.256,9.055703747965286,799.7037479652853
171.24,8.256,9.05565579861989,799.6557986198898
171.25,8.255,9.055607849274496,800.6078492744955
171.26,8.254,9.055559899929102,801.5598999291029
171.27,8.254,9.055511950583709,801.5119505837092
171.28,8.254,9.05549459976897,801.4945997689704
171.29,8.254,9.055543087231056,801.5430872310567
171.3,8.254,9.055591574693143,801.591574693143
171.31,8.254,9.055640062155229,801.6400621552293
171.32,8.254,9.055688549617315,801.6885496173156
171.33,8.254,9.055737037079401,801.737037079402
171.34,8.254,9.055730959514392,801.7309595143925
171.35,8.254,9.05568302299213,801.6830229921297
171.36,8.254,9.055635086469865,801.6350864698652
171.37,8.254,9.055587149947602,801.5871499476024
171.38,8.254,9.05553921342534,801.5392134253397
171.39,8.254,9.055491276903076,801.4912769030768
171.4,8.254,9.05552186533083,801.5218653308302
171.41,8.254,9.055570339726716,801.5703397267159
171.42,8.254,9.055618814122603,801.6188141226035
171.43,8.254,9.055667288518489,801.6672885184893
171.44,8.254,9.055715762914375,801.715762914375
171.45,8.255,9.055758156770134,800.7581567701329
171.46,8.255,9.055710233067774,800.7102330677735
171.47,8.256,9.055662309365415,799.6623093654147
171.48,8.257,9.055614385663056,798.6143856630558
171.49,8.258,9.055566461960696,797.566461960697
171.5,8.259,9.055518538258337,796.5185382583364
171.51,8.259,9.055500655154663,796.5006551546629
171.52,8.26,9.055549116487569,795.5491164875692
171.53,8.261,9.055597577820475,794.5975778204754
171.54,8.262,9.055646039153379,793.6460391533782
171.55,8.263,9.055694500486284,792.6945004862844
171.56,8.264,9.05574296181919,791.7429618191907
171.57,8.264,9.055737428851646,791.737428851647
171.58,8.265,9.055689517965961,790.6895179659604
171.59,8.267,9.055641607080275,788.641607080276
171.6,8.267,9.05559369619459,788.5936961945905
171.61,8.268,9.055545785308905,787.5457853089039
171.62,8.269,9.055497874423219,786.497874423219
171.63,8.269,9.055527904970788,786.5279049707876
171.64,8.27,9.055576353243932,785.5763532439325
171.65,8.271,9.055624801517078,784.6248015170776
171.66,8.272,9.055673249790223,783.6732497902226
171.67,8.273,9.055721698063369,782.7216980633693
171.68,8.274,9.055764610348566,781.7646103485672
171.69,8.275,9.055716712276325,780.716712276325
171.7,8.276,9.055668814204084,779.6688142040846
171.71,8.276,9.055620916131844,779.6209161318437
171.72,8.277,9.055573018059603,778.5730180596033
171.73,8.278,9.055525119987362,777.5251199873612
171.74,8.278,9.055506705171464,777.5067051714633
171.75,8.279,9.055555140388071,776.5551403880711
171.76,8.281,9.055603575604678,774.6035756046776
171.77,8.282,9.055652010821287,773.6520108212871
171.78,8.283,9.055700446037894,772.7004460378951
171.79,8.284,9.055748881254502,771.748881254501
171.8,8.285,9.055743892301342,770.7438923013417
171.81,8.286,9.055696007039316,769.6960070393164
171.82,8.287,9.055648121777288,768.6481217772875
171.83,8.289,9.055600236515263,766.6002365152628
171.84,8.29,9.055552351253237,765.5523512532376
171.85,8.29,9.055504465991211,765.5044659912118
171.86,8.292,9.055533939247988,763.5339392479885
171.87,8.293,9.055582361411282,762.5823614112833
171.88,8.294,9.055630783574575,761.6307835745744
171.89,8.295,9.055679205737869,760.6792057378691
171.9,8.296,9.055727627901163,759.7276279011637
171.91,8.297,9.055771058045842,758.7710580458413
171.92,8.298,9.0557231855908,757.7231855908
171.93,8.299,9.055675313135756,756.6753131357568
171.94,8.3,9.055627440680714,755.6274406807138
171.95,8.301,9.055579568225673,754.5795682256723
171.96,8.301,9.055531695770629,754.5316957706287
171.97,8.301,9.055512749818778,754.5127498187778
171.98,8.302,9.055561158931985,753.5611589319852
171.99,8.302,9.05560956804519,753.6095680451904
172.0,8.302,9.055657977158397,753.6579771583973
172.01,8.302,9.055706386271602,753.7063862716025
172.02,8.303,9.055754795384809,752.7547953848082
172.03,8.303,9.055750349863386,752.7503498633852
172.04,8.303,9.055702490212099,752.7024902120978
172.05,8.304,9.05565463056081,751.6546305608092
172.06,8.304,9.05560677090952,751.60677090952
172.07,8.304,9.055558911258231,751.5589112582309
172.08,8.304,9.055511051606944,751.5110516069434
172.09,8.304,9.0555399681619,751.5399681619001
172.1,8.304,9.055588364228246,751.5883642282457
172.11,8.304,9.05563676029459,751.6367602945895
172.12,8.305,9.055685156360935,750.6851563609356
172.13,8.305,9.05573355242728,750.7335524272811
172.14,8.305,9.05577749986193,750.7774998619308
172.15,8.305,9.055729653011163,750.7296530111631
172.16,8.306,9.055681806160397,749.6818061603979
172.17,8.306,9.05563395930963,749.6339593096302
172.18,8.307,9.055586112458863,748.5861124588631
172.19,8.308,9.055538265608098,747.5382656080977
172.2,8.309,9.055518789096134,746.5187890961342
172.21,8.309,9.055567172118847,746.5671721188478
172.22,8.31,9.05561555514156,745.6155551415602
172.23,8.311,9.055663938164273,744.6639381642726
172.24,8.311,9.055712321186986,744.7123211869862
172.25,8.311,9.055760704209698,744.760704209698
172.26,8.312,9.055756801537811,743.7568015378115
172.27,8.312,9.055708967484335,743.708967484336
172.28,8.312,9.05566113343086,743.6611334308604
172.29,8.312,9.055613299377384,743.6132993773849
172.3,8.312,9.055565465323909,743.5654653239094
172.31,8.313,9.055517631270433,742.5176312704327
172.32,8.313,9.055545991712112,742.5459917121113
172.33,8.314,9.055594361694425,741.5943616944247
172.34,8.314,9.055642731676736,741.6427316767358
172.35,8.314,9.055691101659047,741.6911016590468
172.36,8.314,9.055739471641358,741.7394716413579
172.37,8.314,9.055783935796914,741.7839357969136
172.38,8.314,9.055736114537495,741.7361145374955
172.39,8.315,9.05568829327808,740.6882932780796
172.4,8.316,9.055640472018661,739.6404720186603
172.41,8.317,9.055592650759245,738.5926507592444
172.42,8.317,9.055544829499826,738.5448294998263
172.43,8.318,9.055524823003159,737.5248230031594
172.44,8.318,9.0555731799483,737.573179948301
172.45,8.318,9.055621536893442,737.6215368934425
172.46,8.319,9.055669893838584,736.6698938385828
172.47,8.319,9.055718250783725,736.7182507837242
172.48,8.32,9.055766607728867,735.7666077288662
172.49,8.32,9.055763247324748,735.7632473247477
172.5,8.32,9.055715438856158,735.7154388561576
172.51,8.321,9.055667630387568,734.6676303875679
172.52,8.321,9.055619821918977,734.6198219189777
172.53,8.322,9.055572013450387,733.572013450388
172.54,8.322,9.055524204981797,733.5242049817978
172.55,8.322,9.055552009898314,733.5520098983146
172.56,8.323,9.055600353809519,732.6003538095183
172.57,8.323,9.055648697720722,732.6486977207214
172.58,8.324,9.055697041631927,731.6970416319268
172.59,8.324,9.055745385543132,731.7453855431318
172.6,8.324,9.055790365850974,731.7903658509746
172.61,8.325,9.055742570169977,730.7425701699781
172.62,8.325,9.05569477448898,730.6947744889811
172.63,8.326,9.055646978807985,729.6469788079846
172.64,8.326,9.055599183126988,729.5991831269877
172.65,8.326,9.055551387445991,729.5513874459907
172.66,8.326,9.055530851539588,729.5308515395877
172.67,8.326,9.055579182420091,729.5791824200908
172.68,8.327,9.055627513300593,728.6275133005926
172.69,8.327,9.055675844181096,728.6758441810956
172.7,8.327,9.055724175061597,728.724175061597
172.71,8.327,9.0557725059421,728.7725059421
172.72,8.327,9.055769687224426,728.7696872244264
172.73,8.328,9.05572190432779,727.7219043277903
172.74,8.329,9.055674121431155,726.674121431154
172.75,8.331,9.05562633853452,724.6263385345202
172.76,8.332,9.055578555637885,723.5785556378839
172.77,8.334,9.05553077274125,721.5307727412501
172.78,8.335,9.055558022720293,720.5580227202919
172.79,8.337,9.055606340573329,718.6063405733289
172.8,8.338,9.055654658426363,717.6546584263637
172.81,8.339,9.055702976279399,716.7029762793984
172.82,8.34,9.055751294132433,715.7512941324331
172.83,8.341,9.055796790024393,714.7967900243941
172.84,8.343,9.055749019908886,712.7490199088858
172.85,8.344,9.055701249793378,711.7012497933786
172.86,8.346,9.055653479677872,709.6534796778719
172.87,8.346,9.055605709562364,709.6057095623643
172.88,8.348,9.055557939446858,707.5579394468576
172.89,8.349,9.055536874705258,706.5368747052573
172.9,8.351,9.055585179534065,704.5851795340639
172.91,8.352,9.05563348436287,703.6334843628698
172.92,8.353,9.055681789191675,702.6817891916756
172.93,8.355,9.05573009402048,700.7300940204804
172.94,8.356,9.055778398849286,699.7783988492863
172.95,8.357,9.055776121237171,698.7761212371719
172.96,8.358,9.05572836389956,697.7283638995591
172.97,8.359,9.055680606561946,696.6806065619462
172.98,8.361,9.055632849224335,694.6328492243339
172.99,8.362,9.055585091886723,693.5850918867228
173.0,8.363,9.05553733454911,692.5373345491099
173.01,8.364,9.055564030177942,691.5640301779415
173.02,8.365,9.055612321985757,690.6123219857569
173.03,8.366,9.055660613793572,689.6606137935723
173.04,8.367,9.055708905601387,688.7089056013859
173.05,8.368,9.055757197409202,687.7571974092014
173.06,8.369,9.055803208317554,686.8032083175545
173.07,8.371,9.055755463754604,684.7554637546036
173.08,8.372,9.055707719191652,683.7077191916521
173.09,8.373,9.055659974628702,682.6599746287023
173.1,8.374,9.055612230065751,681.6122300657507
173.11,8.375,9.055564485502801,680.5644855028011
173.12,8.376,9.055542892500108,679.542892500109
173.13,8.377,9.055591171290173,678.5911712901723
173.14,8.378,9.055639450080237,677.6394500802372
173.15,8.379,9.055687728870302,676.6877288703022
173.16,8.38,9.055736007660366,675.7360076603653
173.17,8.381,9.05578428645043,674.7842864504303
173.18,8.382,9.055782549363428,673.7825493634286
173.19,8.383,9.055734817571905,672.7348175719054
173.2,8.384,9.05568708578038,671.6870857803805
173.21,8.385,9.055639353988859,670.639353988859
173.22,8.385,9.055591622197335,670.5916221973354
173.23,8.385,9.055543890405811,670.5438904058117
173.24,8.386,9.055570032271262,669.5700322712632
173.25,8.387,9.055618298046817,668.6182980468161
173.26,8.388,9.05566656382237,667.6665638223707
173.27,8.389,9.055714829597925,666.7148295979252
173.28,8.39,9.055763095373479,665.7630953734781
173.29,8.391,9.055809620730946,664.8096207309458
173.3,8.392,9.055761901707616,663.7619017076162
173.31,8.392,9.055714182684286,663.714182684286
173.32,8.393,9.055666463660955,662.6664636609547
173.33,8.394,9.055618744637625,661.6187446376251
173.34,8.395,9.055571025614295,660.5710256142956
173.35,8.396,9.055548904924176,659.5489049241756
173.36,8.397,9.055597157688462,658.5971576884617
173.37,8.398,9.05564541045275,657.6454104527496
173.38,8.399,9.055693663217035,656.6936632170357
173.39,8.399,9.05574191598132,656.7419159813212
173.4,8.4,9.055790168745608,655.7901687456074
173.41,8.401,9.055788971603715,654.7889716037148
173.42,8.402,9.055741265345343,653.741265345344
173.43,8.403,9.055693559086974,652.6935590869733
173.44,8.404,9.055645852828603,651.6458528286026
173.45,8.405,9.055598146570233,650.5981465702338
173.46,8.406,9.055550440311862,649.5504403118613
173.47,8.407,9.055576029000335,648.5760290003349
173.48,8.408,9.055624268756597,647.6242687565979
173.49,8.409,9.05567250851286,646.672508512859
173.5,8.411,9.055720748269122,644.7207482691226
173.51,8.412,9.055768988025385,643.7689880253838
173.52,8.414,9.055816027265134,641.8160272651345
173.53,8.414,9.055768333768489,641.7683337684891
173.54,8.415,9.055720640271844,640.7206402718443
173.55,8.416,9.055672946775198,639.6729467751978
173.56,8.417,9.055625253278553,638.625253278553
173.57,8.419,9.055577559781906,636.5775597819052
173.58,8.42,9.055554911977595,635.5549119775948
173.59,8.421,9.055603138729078,634.6031387290783
173.6,8.422,9.05565136548056,633.65136548056
173.61,8.422,9.055699592232044,633.699592232043
173.62,8.424,9.055747818983525,631.7478189835252
173.63,8.425,9.055796045735008,630.796045735007
173.64,8.426,9.055795387958659,629.7953879586587
173.65,8.427,9.055747707220503,628.7477072205032
173.66,8.428,9.055700026482349,627.7000264823478
173.67,8.429,9.055652345744193,626.6523457441924
173.68,8.43,9.055604665006037,625.604665006037
173.69,8.431,9.05555698426788,624.5569842678815
173.7,8.432,9.05558202036535,623.5820203653493
173.71,8.433,9.0556302341153,622.6302341153005
173.72,8.435,9.05567844786525,620.6784478652487
173.73,8.435,9.055726661615198,620.7266616151976
173.74,8.436,9.055774875365147,619.7748753651471
173.75,8.436,9.055822427920797,619.8224279207967
173.76,8.436,9.055774759937895,619.7747599378953
173.77,8.437,9.055727091954996,618.7270919549964
173.78,8.438,9.055679423972096,617.6794239720955
173.79,8.438,9.055631755989197,617.631755989196
173.8,8.439,9.055584088006295,616.5840880062951
173.81,8.439,9.055560913660587,616.560913660587
173.82,8.439,9.055609114412249,616.609114412249
173.83,8.439,9.055657315163911,616.657315163911
173.84,8.439,9.055705515915575,616.7055159155748
173.85,8.439,9.055753716667237,616.7537166672367
173.86,8.439,9.055801917418899,616.8019174188988
173.87,8.439,9.055801798428972,616.8017984289716
173.88,8.439,9.055754143198092,616.7541431980918
173.89,8.439,9.055706487967212,616.7064879672122
173.9,8.439,9.055658832736333,616.6588327363324
173.91,8.439,9.055611177505453,616.6111775054528
173.92,8.439,9.055563522274573,616.5635222745731
173.93,8.439,9.05558800636658,616.5880063665803
173.94,8.439,9.055636194123204,616.6361941232044
173.95,8.439,9.055684381879828,616.6843818798284
173.96,8.439,9.05573256963645,616.7325696364508
173.97,8.438,9.055780757393075,617.7807573930743
173.98,8.439,9.055828822698683,616.8288226986824
173.99,8.438,9.055781180216588,617.7811802165874
174.0,8.438,9.055733537734495,617.7335377344946
174.01,8.438,9.055685895252402,617.6858952524018
174.02,8.439,9.05563825277031,616.6382527703096
174.03,8.438,9.055590610288217,617.5906102882162
174.04,8.439,9.055566909973473,616.5669099734732
174.05,8.44,9.055615084738307,615.615084738307
174.06,8.44,9.05566325950314,615.6632595031404
174.07,8.441,9.055711434267975,614.7114342679743
174.08,8.442,9.055759609032808,613.7596090328082
174.09,8.443,9.055807783797642,612.8077837976421
174.1,8.444,9.055808203015452,611.8082030154515
174.11,8.445,9.05576057327891,610.7605732789096
174.12,8.445,9.055712943542368,610.7129435423673
174.13,8.445,9.055665313805825,610.6653138058249
174.14,8.446,9.055617684069283,609.6176840692831
174.15,8.447,9.05557005433274,608.5700543327413
174.16,8.447,9.055593987004398,608.5939870043991
174.17,8.447,9.055642148780693,608.6421487806941
174.18,8.448,9.055690310556988,607.6903105569879
174.19,8.448,9.055738472333283,607.7384723332831
174.2,8.449,9.055786634109579,606.7866341095787
174.21,8.449,9.055834795885874,606.8347958858737
174.22,8.45,9.055787594605423,605.7875946054239
174.23,8.45,9.055739977611196,605.7399776111971
174.24,8.45,9.05569236061697,605.6923606169704
174.25,8.451,9.055644743622743,604.6447436227425
174.26,8.451,9.055597126628518,604.5971266285175
174.27,8.451,9.055572900916665,604.5729009166649
174.28,8.451,9.055621049707673,604.6210497076725
174.29,8.452,9.055669198498679,603.6691984986788
174.3,8.452,9.055717347289686,603.7173472896864
174.31,8.453,9.055765496080694,602.7654960806946
174.32,8.454,9.0558136448717,601.8136448716991
174.33,8.455,9.055814601719007,600.8146017190068
174.34,8.456,9.055766997463861,599.7669974638616
174.35,8.457,9.055719393208717,598.7193932087163
174.36,8.458,9.055671788953571,597.671788953571
174.37,8.459,9.055624184698427,596.6241846984275
174.38,8.46,9.055576580443281,595.5765804432805
174.39,8.46,9.05559996227927,595.5999622792696
174.4,8.461,9.05564809808824,594.6480980882392
174.41,8.462,9.05569623389721,593.6962338972105
174.42,8.463,9.05574436970618,592.74436970618
174.43,8.464,9.05579250551515,591.7925055151496
174.44,8.465,9.055840641324119,590.8406413241191
174.45,8.466,9.055794003105335,589.794003105336
174.46,8.466,9.055746411586036,589.7464115860363
174.47,8.467,9.055698820066736,588.6988200667354
174.48,8.468,9.055651228547436,587.6512285474362
174.49,8.468,9.055603637028137,587.6036370281365
174.5,8.469,9.055578886490666,586.578886490667
174.51,8.47,9.055627009320855,585.627009320854
174.52,8.471,9.055675132151041,584.675132151041
174.53,8.472,9.05572325498123,583.72325498123
174.54,8.473,9.055771377811416,582.7713778114152
174.55,8.474,9.055819500641602,581.8195006416023
174.56,8.475,9.055820994540605,580.8209945406055
174.57,8.476,9.055773415753915,579.7734157539143
174.58,8.476,9.055725836967227,579.725836967226
174.59,8.477,9.055678258180539,578.6782581805383
174.6,8.477,9.055630679393849,578.6306793938483
174.61,8.478,9.05558310060716,577.5831006071605
174.62,8.479,9.055605932191728,576.6059321917289
174.63,8.479,9.055654042046386,576.6540420463873
174.64,8.48,9.055702151901045,575.7021519010443
174.65,8.48,9.055750261755703,575.7502617557027
174.66,8.481,9.055798371610361,574.7983716103615
174.67,8.481,9.05584648146502,574.8464814650198
174.68,8.482,9.055800405717347,573.800405717348
174.69,8.482,9.055752839660032,573.7528396600329
174.7,8.482,9.055705273602719,573.7052736027194
174.71,8.483,9.055657707545405,572.657707545405
174.72,8.483,9.055610141488092,572.6101414880916
174.73,8.484,9.05558486669606,571.5848666960603
174.74,8.485,9.055632963578445,570.6329635784452
174.75,8.485,9.055681060460829,570.6810604608297
174.76,8.487,9.055729157343213,568.7291573432134
174.77,8.488,9.055777254225598,567.7772542255983
174.78,8.489,9.055825351107982,566.8253511079815
174.79,8.49,9.05582738148132,565.8273814813199
174.8,8.492,9.055779828150147,563.779828150146
174.81,8.493,9.055732274818974,562.7322748189733
174.82,8.494,9.0556847214878,561.6847214878007
174.83,8.495,9.055637168156627,560.637168156628
174.84,8.497,9.055589614825454,558.5896148254541
174.85,8.498,9.05561189674242,557.6118967424204
174.86,8.499,9.055659980655786,556.6599806557857
174.87,8.501,9.055708064569155,554.7080645691551
174.88,8.502,9.055756148482521,553.7561484825204
174.89,8.503,9.055804232395888,552.8042323958875
174.9,8.505,9.055852316309254,550.8523163092534
174.91,8.507,9.055806802442572,548.8068024425719
174.92,8.508,9.055759261834304,547.7592618343045
174.93,8.51,9.055711721226036,545.711721226036
174.94,8.512,9.055664180617768,543.6641806177676
174.95,8.514,9.0556166400095,541.6166400095008
174.96,8.515,9.055590841533522,540.5908415335218
174.97,8.517,9.055638912481127,538.6389124811277
174.98,8.518,9.055686983428732,537.6869834287312
174.99,8.519,9.055735054376337,536.7350543763365
175.0,8.52,9.055783125323941,535.7831253239418
175.01,8.522,9.055831196271546,533.8311962715459
175.02,8.523,9.055833762542303,532.8337625423032
175.03,8.524,9.055786234653704,531.7862346537048
175.04,8.525,9.055738706765105,530.7387067651046
175.05,8.527,9.055691178876508,528.6911788765085
175.06,8.528,9.055643650987909,527.6436509879084
175.07,8.529,9.05559612309931,526.5961230993099
175.08,8.53,9.055617855932057,525.6178559320581
175.09,8.531,9.055665913917158,524.6659139171577
175.1,8.532,9.05571397190226,523.7139719022607
175.11,8.533,9.055762029887362,522.7620298873621
175.12,8.534,9.055810087872462,521.8100878724616
175.13,8.535,9.055858145857563,520.8581458575629
175.14,8.536,9.05581319328219,519.8131932821913
175.15,8.537,9.055765678110028,518.7656781100269
175.16,8.538,9.055718162937863,517.7181629378626
175.17,8.54,9.0556706477657,515.6706477657007
175.18,8.541,9.055623132593535,514.6231325935346
175.19,8.542,9.055596811003797,513.5968110037971
175.2,8.543,9.055644856029653,512.6448560296542
175.21,8.544,9.05569290105551,511.69290105550937
175.22,8.545,9.055740946081366,510.74094608136636
175.23,8.546,9.055788991107223,509.7889911072233
175.24,8.547,9.055837036133079,508.8370361330785
175.25,8.547,9.055840137724779,508.8401377247784
175.26,8.548,9.055792635265815,507.7926352658153
175.27,8.548,9.055745132806852,507.74513280685164
175.28,8.549,9.055697630347888,506.6976303478885
175.29,8.549,9.055650127888924,506.6501278889248
175.3,8.549,9.05560262542996,506.60262542996117
175.31,8.55,9.05562380976144,505.62380976144004
175.32,8.55,9.05567184183131,505.67184183130996
175.33,8.551,9.05571987390118,504.71987390118045
175.34,8.551,9.055767905971049,504.7679059710486
175.35,8.551,9.055815938040919,504.8159380409185
175.36,8.552,9.055863970110789,503.86397011078896
175.37,8.552,9.055819578237482,503.8195782374828
175.38,8.552,9.055772088488483,503.77208848848375
175.39,8.552,9.055724598739486,503.7245987394865
175.4,8.552,9.055677108990485,503.6771089904857
175.41,8.552,9.055629619241488,503.6296192414884
175.42,8.552,9.055602775107735,503.6027751077352
175.43,8.552,9.055650794224878,503.65079422487827
175.44,8.552,9.05569881334202,503.69881334202125
175.45,8.552,9.055746832459164,503.7468324591643
175.46,8.551,9.055794851576307,504.79485157630677
175.47,8.552,9.05584287069345,503.8428706934503
175.48,8.552,9.055846507030056,503.8465070300564
175.49,8.553,9.055799029987787,502.799029987786
175.5,8.553,9.055751552945518,502.7515529455169
175.51,8.553,9.055704075903249,502.7040759032477
175.52,8.554,9.055656598860981,501.6565988609809
175.53,8.555,9.055609121818712,500.6091218187123
175.54,8.556,9.055629758231445,499.6297582314462
175.55,8.557,9.055677764399123,498.67776439912245
175.56,8.558,9.0557257705668,497.7257705668006
175.57,8.559,9.055773776734478,496.77377673447864
175.58,8.56,9.055821782902155,495.82178290215495
175.59,8.561,9.055869789069833,494.869789069833
175.6,8.561,9.055825957309791,494.8259573097911
175.61,8.562,9.055778492971019,493.7784929710194
175.62,8.563,9.055731028632245,492.73102863224415
175.63,8.564,9.05568356429347,491.6835642934707
175.64,8.565,9.055636099954699,490.63609995469903
175.65,8.566,9.055608733846242,489.60873384624114
175.66,8.567,9.055656727067715,488.6567270677151
175.67,8.567,9.055704720289189,488.7047202891886
175.68,8.568,9.055752713510662,487.7527135106625
175.69,8.569,9.055800706732136,486.8007067321347
175.7,8.57,9.055848699953609,485.8486999536087
175.71,8.571,9.055852870459528,484.8528704595285
175.72,8.572,9.055805418821015,483.80541882101545
175.73,8.573,9.055757967182503,482.7579671825024
175.74,8.573,9.05571051554399,482.7105155439888
175.75,8.574,9.055663063905477,481.66306390547754
175.76,8.575,9.055615612266964,480.6156122669645
175.77,8.577,9.055635701343034,478.63570134303404
175.78,8.578,9.055683681621566,477.6836816215671
175.79,8.579,9.055731661900097,476.7316619000965
175.8,8.58,9.05577964217863,475.77964217862956
175.81,8.581,9.05582762245716,474.8276224571608
175.82,8.582,9.055875602735691,473.8756027356903
175.83,8.582,9.055832330500548,473.83233050054764
175.84,8.584,9.055784891559062,471.78489155906254
175.85,8.585,9.055737452617576,470.7374526175752
175.86,8.586,9.05569001367609,469.6900136760895
175.87,8.587,9.055642574734602,468.64257473460214
175.88,8.588,9.055614687220318,467.61468722031907
175.89,8.589,9.055662654559171,466.6626545591708
175.9,8.59,9.055710621898024,465.71062189802427
175.91,8.592,9.055758589236875,463.75858923687474
175.92,8.593,9.055806556575728,462.8065565757282
175.93,8.594,9.05585452391458,461.85452391457994
175.94,8.595,9.05585922801466,460.8592280146588
175.95,8.597,9.055811801766964,458.81180176696466
175.96,8.598,9.05576437551927,457.76437551926995
175.97,8.599,9.055716949271575,456.71694927157523
175.98,8.6,9.05566952302388,455.6695230238805
175.99,8.602,9.055622096776187,453.62209677618637
176.0,8.603,9.055641639097246,452.64163909724607
176.01,8.604,9.055689593499682,451.68959349968316
176.02,8.606,9.055737547902119,449.73754790211905
176.03,8.607,9.055785502304555,448.7855023045562
176.04,8.608,9.055833456706992,447.83345670699146
176.05,8.609,9.055881411109429,446.8814111094286
176.06,8.61,9.055838697811259,445.83869781125964
176.07,8.612,9.055791284254122,443.7912842541216
176.08,8.613,9.055743870696984,442.74387069698486
176.09,8.614,9.055696457139849,441.69645713984806
176.1,8.616,9.055649043582711,439.64904358271184
176.11,8.617,9.055620635231039,438.6206352310378
176.12,8.618,9.055668576700322,437.66857670032164
176.13,8.619,9.055716518169607,436.7165181696073
176.14,8.62,9.055764459638892,435.76445963889296
176.15,8.622,9.055812401108177,433.8124011081774
176.16,8.623,9.05586034257746,432.8603425774613
176.17,8.624,9.055865579696992,431.865579696991
176.18,8.625,9.055818178827177,430.81817882717746
176.19,8.626,9.055770777957365,429.7707779573656
176.2,8.628,9.055723377087553,427.7233770875526
176.21,8.629,9.05567597621774,426.67597621774075
176.22,8.63,9.055628575347926,425.62857534792545
176.23,8.631,9.055647571495193,424.6475714951927
176.24,8.632,9.05569550003459,423.6955000345901
176.25,8.633,9.055743428573988,422.74342857398926
176.26,8.634,9.055791357113385,421.7913571133849
176.27,8.635,9.055839285652784,420.83928565278404
176.28,8.635,9.05588721419218,420.88721419218086
176.29,8.635,9.055845059243497,420.84505924349713
176.3,8.636,9.055797671057775,419.7976710577756
176.31,8.636,9.05575028287205,419.7502828720516
176.32,8.637,9.055702894686329,418.70289468632825
176.33,8.637,9.055655506500605,418.65550650060436
176.34,8.638,9.055626577879545,417.6265778795454
176.35,8.637,9.05567449349232,418.6744934923201
176.36,8.637,9.055722409105098,418.7224091050972
176.37,8.636,9.055770324717873,419.7703247178737
176.38,8.635,9.055818240330648,420.8182403306484
176.39,8.635,9.055866155943423,420.8661559434237
176.4,8.634,9.055871925508134,421.8719255081336
176.41,8.633,9.055824550003267,422.82455000326814
176.42,8.631,9.0557771744984,424.77717449840037
176.43,8.63,9.055729798993534,425.7297989935331
176.44,8.629,9.055682423488665,426.6824234886659
176.45,8.629,9.055635047983799,426.63504798379927
176.46,8.629,9.055653498538053,426.65349853805344
176.47,8.628,9.055701401227473,427.70140122747335
176.48,8.628,9.055749303916894,427.74930391689384
176.49,8.628,9.055797206606314,427.79720660631426
176.5,8.627,9.055845109295733,428.8451092957324
176.51,8.627,9.055893011985154,428.89301198515284
176.52,8.627,9.055851414798909,428.85141479890797
176.53,8.626,9.055804051971664,429.80405197166505
176.54,8.626,9.055756689144422,429.7566891444227
176.55,8.625,9.055709326317178,430.70932631717795
176.56,8.625,9.055661963489934,430.6619634899338
176.57,8.624,9.055632515167053,431.6325151670526
176.58,8.624,9.055680404936384,431.6804049363832
176.59,8.624,9.055728294705714,431.7282947057137
176.6,8.623,9.055776184475045,432.7761844750455
176.61,8.623,9.055824074244375,432.8240742443761
176.62,8.623,9.055871964013706,432.87196401370664
176.63,8.623,9.05587826544977,432.87826544977116
176.64,8.622,9.055830915296916,433.830915296916
176.65,8.622,9.055783565144061,433.78356514406136
176.66,8.622,9.055736214991208,433.7362149912085
176.67,8.621,9.055688864838354,434.6888648383533
176.68,8.621,9.0556415146855,434.6415146854987
176.69,8.621,9.055659420227093,434.65942022709214
176.7,8.62,9.0557072970796,435.7072970796008
176.71,8.62,9.05575517393211,435.7551739321099
176.72,8.62,9.055803050784617,435.8030507846173
176.73,8.62,9.055850927637126,435.8509276371265
176.74,8.62,9.055898804489633,435.8988044896339
176.75,8.619,9.055857764479224,436.85776447922467
176.76,8.618,9.055810426997526,437.81042699752606
176.77,8.618,9.055763089515828,437.76308951582797
176.78,8.617,9.05571575203413,438.71575203412937
176.79,8.616,9.055668414552434,439.66841455243434
176.8,8.615,9.055638447094864,440.6384470948641
176.81,8.614,9.055686311033817,441.6863110338163
176.82,8.613,9.055734174972772,442.734174972772
176.83,8.613,9.055782038911724,442.7820389117247
176.84,8.612,9.055829902850677,443.82990285067694
176.85,8.61,9.05587776678963,445.8777667896303
176.86,8.609,9.055884599523662,446.8845995236617
176.87,8.609,9.055837274709887,446.8372747098872
176.88,8.608,9.055789949896115,447.78994989611397
176.89,8.608,9.055742625082342,447.7426250823413
176.9,8.607,9.055695300268567,448.6953002685681
176.91,8.606,9.055647975454795,449.64797545479485
176.92,8.605,9.055665336563639,450.66533656363816
176.93,8.604,9.055713187592305,451.7131875923059
176.94,8.604,9.055761038620972,451.7610386209725
176.95,8.603,9.055808889649638,452.8088896496385
176.96,8.602,9.055856740678305,453.8567406783045
176.97,8.602,9.05590459170697,453.9045917069693
176.98,8.601,9.05586410828623,454.8641082862286
176.99,8.601,9.055816796137147,454.8167961371465
177.0,8.6,9.055769483988065,455.7694839880657
177.01,8.6,9.055722171838983,455.7221718389837
177.02,8.599,9.055674859689901,456.67485968990104
177.03,8.599,9.05564437366434,456.6443736643393
177.04,8.598,9.055692211785987,457.6922117859858
177.05,8.597,9.055740049907634,458.74004990763416
177.06,8.597,9.05578788802928,458.78788802928125
177.07,8.596,9.055835726150928,459.8357261509278
177.08,8.596,9.055883564272577,459.8835642725767
177.09,8.595,9.055890927731628,460.8909277316275
177.1,8.595,9.055843628244007,460.8436282440067
177.11,8.595,9.055796328756385,460.7963287563841
177.12,8.596,9.055749029268764,459.7490292687638
177.13,8.596,9.055701729781141,459.70172978114124
177.14,8.596,9.05565443029352,459.65443029352036
177.15,8.596,9.055671247549094,459.6712475490943
177.16,8.596,9.055719072766992,459.7190727669922
177.17,8.597,9.05576689798489,458.76689798489065
177.18,8.597,9.055814723202788,458.8147232027886
177.19,8.597,9.055862548420684,458.86254842068473
177.2,8.597,9.055910373638582,458.91037363858266
177.21,8.597,9.055870446221784,458.87044622178405
177.22,8.598,9.05582315939239,457.8231593923885
177.23,8.598,9.055775872562997,457.7758725629959
177.24,8.598,9.055728585733602,457.72858573360156
177.25,8.598,9.055681298904208,457.68129890420715
177.26,8.598,9.055650294876912,457.65029487691146
177.27,8.598,9.055698107194328,457.6981071943269
177.28,8.598,9.055745919511745,457.74591951174415
177.29,8.599,9.055793731829162,456.79373182916197
177.3,8.599,9.05584154414658,456.84154414657917
177.31,8.599,9.055889356463997,456.8893564639964
177.32,8.599,9.055897250075567,456.89725007556706
177.33,8.599,9.055849975901168,456.8499759011679
177.34,8.598,9.05580270172677,457.80270172677007
177.35,8.598,9.055755427552372,457.755427552371
177.36,8.599,9.055708153377974,456.7081533779742
177.37,8.599,9.055660879203575,456.6608792035751
177.38,8.6,9.055677153184925,455.6771531849257
177.39,8.6,9.05572495260513,455.7249526051308
177.4,8.6,9.055772752025337,455.77275202533764
177.41,8.6,9.055820551445542,455.82055144554266
177.42,8.6,9.05586835086575,455.8683508657495
177.43,8.6,9.055916150285956,455.91615028595635
177.44,8.6,9.055876778287814,455.8767782878146
177.45,8.6,9.055829516765181,455.8295167651813
177.46,8.6,9.055782255242548,455.7822552425481
177.47,8.6,9.055734993719915,455.7349937199149
177.48,8.599,9.055687732197281,456.6877321972811
177.49,8.599,9.055656210734073,456.6562107340726
177.5,8.599,9.055703997260338,456.7039972603375
177.51,8.6,9.055751783786604,455.75178378660473
177.52,8.6,9.05579957031287,455.79957031286966
177.53,8.6,9.055847356839134,455.8473568391346
177.54,8.6,9.0558951433654,455.89514336539946
177.55,8.6,9.055903566557426,455.903566557426
177.56,8.6,9.055856317683325,455.8563176833257
177.57,8.6,9.055809068809227,455.80906880922714
177.58,8.6,9.055761819935126,455.76181993512677
177.59,8.6,9.055714571061028,455.7145710610282
177.6,8.6,9.055667322186927,455.66732218692783
177.61,8.6,9.05568305347266,455.6830534726597
177.62,8.6,9.055730827108254,455.73082710825474
177.63,8.6,9.05577860074385,455.7786007438498
177.64,8.6,9.055826374379443,455.82637437944305
177.65,8.601,9.055874148015038,454.8741480150369
177.66,8.601,9.055921921650633,454.92192165063193
177.67,8.602,9.055883104486307,453.883104486307
177.68,8.602,9.055835868257512,453.8358682575119
177.69,8.603,9.055788632028717,452.7886320287173
177.7,8.603,9.05574139579992,452.74139579992044
177.71,8.603,9.055694159571125,452.69415957112534
177.72,8.604,9.055662121237393,451.6621212373941
177.73,8.604,9.055709881985589,451.7098819855896
177.74,8.604,9.055757642733786,451.75764273378684
177.75,8.604,9.055805403481981,451.8054034819823
177.76,8.603,9.055853164230177,452.8531642301772
177.77,8.603,9.055900924978372,452.90092497837264
177.78,8.603,9.055909877179232,452.90987717923235
177.79,8.603,9.05586265359251,452.86265359250956
177.8,8.603,9.055815430005786,452.8154300057867
177.81,8.603,9.055768206419064,452.7682064190639
177.82,8.603,9.05572098283234,452.72098283234106
177.83,8.602,9.055673759245618,453.6737592456177
177.84,8.602,9.055688948413904,453.6889484139035
177.85,8.602,9.055736696277972,453.7366962779714
177.86,8.602,9.05578444414204,453.7844441420393
177.87,8.601,9.055832192006106,454.83219200610495
177.88,8.601,9.055879939870174,454.87993987017285
177.89,8.601,9.055927687734242,454.92768773424075
177.9,8.601,9.055889424819325,454.8894248193243
177.91,8.6,9.055842213871447,455.8422138714473
177.92,8.6,9.055795002923567,455.7950029235673
177.93,8.6,9.055747791975687,455.7477919756874
177.94,8.6,9.055700581027807,455.7005810278074
177.95,8.6,9.055668026388505,455.6680263885049
177.96,8.6,9.055715761371715,455.71576137171553
177.97,8.599,9.055763496354926,456.7634963549256
177.98,8.599,9.055811231338136,456.8112313381363
177.99,8.599,9.055858966321347,456.85896632134694
178.0,8.599,9.055906701304558,456.9067013045576
178.01,8.598,9.055916181943072,457.91618194307125
178.02,8.598,9.055868983630807,457.8689836308065
178.03,8.598,9.05582178531854,457.82178531854004
178.04,8.598,9.055774587006274,457.77458700627346
178.05,8.598,9.05572738869401,457.72738869400877
178.06,8.598,9.055680190381743,457.68019038174225
178.07,8.598,9.05569483801032,457.69483801031896
178.08,8.597,9.055742560115945,458.7425601159456
178.09,8.597,9.05579028222157,458.79028222157103
178.1,8.597,9.055838004327194,458.83800432719465
178.11,8.597,9.05588572643282,458.8857264328201
178.12,8.597,9.055933448538445,458.93344853844553
178.13,8.597,9.05589573928898,458.8957392889803
178.14,8.597,9.055848553609097,458.84855360909785
178.15,8.596,9.055801367929217,459.80136792921655
178.16,8.596,9.055754182249336,459.7541822493358
178.17,8.596,9.055706996569455,459.7069965694551
178.18,8.595,9.055673926189098,460.67392618909685
178.19,8.595,9.05572163542041,460.72163542040914
178.2,8.595,9.05576934465172,460.7693446517196
178.21,8.595,9.055817053883032,460.81705388303186
178.22,8.595,9.055864763114345,460.8647631143441
178.23,8.595,9.055912472345657,460.91247234565634
178.24,8.595,9.055922480851088,460.922480851087
178.25,8.595,9.055875307800362,460.87530780036093
178.26,8.595,9.055828134749635,460.8281347496348
178.27,8.596,9.05578096169891,459.78096169890927
178.28,8.596,9.055733788648185,459.73378864818494
178.29,8.596,9.055686615597459,459.68661559745885
178.3,8.596,9.05570072226363,459.70072226363004
178.31,8.596,9.055748418623901,459.74841862390116
178.32,8.597,9.055796114984172,458.79611498417285
178.33,8.597,9.055843811344443,458.84381134444396
178.34,8.597,9.055891507704715,458.8915077047151
178.35,8.597,9.055939204064986,458.93920406498626
178.36,8.598,9.05590204789745,457.9020478974485
178.37,8.598,9.05585488747265,457.85488747264935
178.38,8.598,9.055807727047853,457.807727047852
178.39,8.598,9.055760566623055,457.7605666230546
178.4,8.598,9.055713406198256,457.7134061982555
178.41,8.598,9.055679820640925,457.67982064092473
178.42,8.599,9.055727504133428,456.7275041334273
178.43,8.599,9.055775187625931,456.77518762593115
178.44,8.599,9.055822871118433,456.8228711184332
178.45,8.599,9.055870554610937,456.87055461093706
178.46,8.599,9.05591823810344,456.91823810343914
178.47,8.599,9.055928773905485,456.92877390548506
178.48,8.599,9.055881626103387,456.881626103387
178.49,8.599,9.055834478301287,456.8344783012872
178.5,8.599,9.05578733049919,456.7873304991892
178.51,8.599,9.055740182697091,456.74018269709114
178.52,8.6,9.055693034894993,455.6930348949937
178.53,8.599,9.055706601175622,456.7066011756218
178.54,8.6,9.055754271803629,455.75427180362914
178.55,8.6,9.055801942431636,455.80194243163595
178.56,8.6,9.055849613059642,455.84961305964276
178.57,8.6,9.05589728368765,455.8972836876496
178.58,8.6,9.055944954315656,455.9449543156564
178.59,8.6,9.05590835064697,455.9083506469701
178.6,8.6,9.055861215464343,455.8612154643438
178.61,8.6,9.055814080281717,455.81408028171745
178.62,8.6,9.05576694509909,455.7669450990911
178.63,8.6,9.055719809916466,455.71980991646655
178.64,8.6,9.055685709745807,455.6857097458078
178.65,8.599,9.055733367512593,456.7333675125926
178.66,8.599,9.055781025279376,456.78102527937625
178.67,8.599,9.055828683046162,456.82868304616164
178.68,8.599,9.055876340812947,456.87634081294703
178.69,8.599,9.05592399857973,456.92399857973066
178.7,8.599,9.055935061108537,456.93506110853656
178.71,8.599,9.055887938542154,456.88793854215425
178.72,8.599,9.055840815975774,456.84081597577375
178.73,8.599,9.055793693409392,456.7936934093915
178.74,8.599,9.05574657084301,456.7465708430092
178.75,8.599,9.055699448276629,456.6994482766287
178.76,8.599,9.055712474748146,456.7124747481461
178.77,8.599,9.055760119656982,456.76011965698217
178.78,8.599,9.055807764565817,456.8077645658164
178.79,8.599,9.055855409474653,456.85540947465245
178.8,8.599,9.055903054383489,456.90305438348844
178.81,8.599,9.055950699292323,456.95069929232267
178.82,8.599,9.055914647539849,456.91464753984866
178.83,8.6,9.055867537586485,455.8675375864851
178.84,8.6,9.055820427633122,455.8204276331228
178.85,8.601,9.055773317679758,454.7733176797575
178.86,8.601,9.055726207726394,454.7262077263934
178.87,8.602,9.05569159350562,453.6915935056189
178.88,8.602,9.055739225559778,453.73922555977765
178.89,8.603,9.055786857613937,452.7868576139369
178.9,8.604,9.055834489668095,451.8344896680961
178.91,8.604,9.055882121722254,451.88212172225485
178.92,8.605,9.055929753776413,450.9297537764123
178.93,8.605,9.055941342462559,450.9413424625581
178.94,8.606,9.055894245118989,449.8942451189887
178.95,8.606,9.055847147775417,449.8471477754169
178.96,8.607,9.055800050431845,448.80005043184565
178.97,8.607,9.055752953088275,448.75295308827566
178.98,8.607,9.055705855744703,448.7058557447039
178.99,8.608,9.055718342983102,447.71834298310154
179.0,8.608,9.055765962185857,447.7659621858567
179.01,8.609,9.055813581388614,446.81358138861424
179.02,8.609,9.05586120059137,446.8612005913695
179.03,8.61,9.055908819794126,445.908819794127
179.04,8.61,9.055956438996882,445.9564389968822
179.05,8.611,9.055920938578424,444.9209385784236
179.06,8.611,9.05587385384142,444.8738538414201
179.07,8.612,9.055826769104415,443.82676910441535
179.08,8.612,9.055779684367412,443.7796843674118
179.09,8.612,9.055732599630408,443.73259963040823
179.1,8.613,9.055697471922294,442.697471922294
179.11,8.613,9.055745078276919,442.74507827691957
179.12,8.614,9.055792684631546,441.7926846315456
179.13,8.615,9.055840290986172,440.84029098617174
179.14,8.615,9.0558878973408,440.88789734079904
179.15,8.615,9.055935503695427,440.93550369542635
179.16,8.616,9.055947617969936,439.94761796993663
179.17,8.616,9.055900545836273,439.9005458362737
179.18,8.617,9.055853473702609,438.85347370260774
179.19,8.617,9.055806401568946,438.8064015689448
179.2,8.618,9.055759329435283,437.7593294352824
179.21,8.619,9.055712257301618,436.71225730161825
179.22,8.619,9.055724205882456,436.72420588245586
179.23,8.62,9.055771799392227,435.7717993922279
179.24,8.621,9.055819392901999,434.8193929019981
179.25,8.621,9.05586698641177,434.8669864117696
179.26,8.622,9.055914579921541,433.9145799215416
179.27,8.623,9.055962173431315,432.96217343131536
179.28,8.623,9.055927223765119,432.9272237651196
179.29,8.624,9.055880164231572,431.88016423157194
179.3,8.624,9.055833104698026,431.8331046980255
179.31,8.625,9.05578604516448,430.7860451644796
179.32,8.625,9.055738985630931,430.7389856309314
179.33,8.625,9.055703344997818,430.70334499781814
179.34,8.625,9.055750925666008,430.75092566600756
179.35,8.625,9.055798506334199,430.7985063341988
179.36,8.625,9.055846087002388,430.84608700238823
179.37,8.625,9.055893667670578,430.89366767057766
179.38,8.625,9.055941248338769,430.9412483387689
179.39,8.626,9.055953887633107,429.9538876331077
179.4,8.626,9.055906840696451,429.9068406964519
179.41,8.626,9.055859793759797,429.85979375979787
179.42,8.626,9.055812746823142,429.8127468231421
179.43,8.626,9.055765699886487,429.76569988648805
179.44,8.627,9.055718652949832,428.71865294983104
179.45,8.627,9.055730063448229,428.73006344822784
179.46,8.627,9.055777631278112,428.77763127811085
179.47,8.628,9.055825199107993,427.82519910799266
179.48,8.628,9.055872766937874,427.8727669378739
179.49,8.628,9.055920334767755,427.92033476775515
179.5,8.629,9.055967902597638,426.9679025976387
179.51,8.629,9.055933503102391,426.93350310239174
179.52,8.629,9.055886468759406,426.88646875940606
179.53,8.629,9.055839434416418,426.8394344164186
179.54,8.629,9.05579240007343,426.7924000734311
179.55,8.63,9.055745365730445,425.7453657304442
179.56,8.629,9.055709212734238,426.709212734238
179.57,8.629,9.055756767729088,426.75676772908844
179.58,8.63,9.055804322723937,425.80432272393585
179.59,8.63,9.055851877718785,425.8518777187845
179.6,8.63,9.055899432713634,425.8994327136332
179.61,8.631,9.055946987708483,424.94698770848237
179.62,8.631,9.055960151454553,424.9601514545525
179.63,8.631,9.055913129702011,424.913129702011
179.64,8.631,9.05586610794947,424.86610794946955
179.65,8.631,9.055819086196927,424.8190861969263
179.66,8.631,9.055772064444385,424.77206444438485
179.67,8.631,9.055725042691844,424.72504269184344
179.68,8.631,9.055735915682485,424.7359156824846
179.69,8.631,9.055783457845575,424.7834578455745
179.7,8.632,9.055831000008665,423.8310000086649
179.71,8.632,9.055878542171753,423.878542171753
179.72,8.632,9.055926084334843,423.9260843348429
179.73,8.632,9.05597362649793,423.97362649793104
179.74,8.632,9.055939776592764,423.93977659276413
179.75,8.632,9.055892767427444,423.89276742744465
179.76,8.632,9.055845758262125,423.8457582621251
179.77,8.632,9.055798749096807,423.79874909680734
179.78,8.632,9.055751739931488,423.75173993148786
179.79,8.632,9.05571507513366,423.71507513366066
179.8,8.632,9.055762604468265,423.76260446826564
179.81,8.632,9.055810133802868,423.8101338028688
179.82,8.632,9.055857663137473,423.85766313747376
179.83,8.632,9.055905192472077,423.9051924720769
179.84,8.632,9.055952721806682,423.9527218066819
179.85,8.632,9.055966409436826,423.96640943682587
179.86,8.632,9.055919412855506,423.9194128555059
179.87,8.632,9.055872416274187,423.8724162741878
179.88,8.632,9.055825419692868,423.8254196928679
179.89,8.632,9.05577842311155,423.7784231115498
179.9,8.632,9.05573142653023,423.7314265302299
179.91,8.632,9.055741762587365,423.74176258736543
179.92,8.632,9.055789279096759,423.78927909675923
179.93,8.632,9.055836795606151,423.83679560615127
179.94,8.632,9.055884312115543,423.88431211554337
179.95,8.632,9.055931828624935,423.9318286249354
179.96,8.632,9.055979345134329,423.9793451343292
179.97,8.632,9.055946044238809,423.946044238809
179.98,8.632,9.055899060238268,423.8990602382682
179.99,8.632,9.055852076237729,423.85207623772914
180.0,8.632,9.055805092237188,423.8050922371883
180.01,8.631,9.055758108236647,424.75810823664693
180.02,8.631,9.05572093219824,424.72093219823927
180.03,8.631,9.055768435885694,424.76843588569403
180.04,8.631,9.055815939573149,424.8159395731488
180.05,8.631,9.055863443260604,424.86344326060356
180.06,8.631,9.055910946948059,424.9109469480583
180.07,8.631,9.055958450635513,424.9584506355131
180.08,8.631,9.055972661582514,424.9726615825136
180.09,8.631,9.05592569015953,424.9256901595295
180.1,8.631,9.055878718736547,424.8787187365473
180.11,8.631,9.055831747313563,424.8317473135632
180.12,8.631,9.05578477589058,424.78477589057917
180.13,8.63,9.055737804467597,425.73780446759633
180.14,8.63,9.055747604165038,425.74760416503744
180.15,8.63,9.055795095033831,425.79509503383053
180.16,8.63,9.055842585902623,425.8425859026218
180.17,8.63,9.055890076771416,425.8900767714149
180.18,8.63,9.055937567640207,425.93756764020617
180.19,8.629,9.055985058509,426.9850585090005
180.2,8.629,9.055952306043142,426.9523060431428
180.21,8.629,9.055905347194495,426.905347194495
180.22,8.628,9.055858388345849,427.8583883458484
180.23,8.628,9.055811429497203,427.8114294972024
180.24,8.628,9.055764470648555,427.7644706485546
180.25,8.628,9.055726783930169,427.7267839301686
180.26,8.628,9.055774261983572,427.77426198357205
180.27,8.628,9.055821740036976,427.8217400369755
180.28,8.627,9.055869218090379,428.86921809037835
180.29,8.627,9.055916696143782,428.9166961437818
180.3,8.627,9.055964174197186,428.96417419718523
180.31,8.627,9.055978907894266,428.9789078942654
180.32,8.627,9.055931961616738,428.9319616167369
180.33,8.627,9.055885015339207,428.8850153392065
180.34,8.627,9.055838069061679,428.83806906167797
180.35,8.627,9.055791122784148,428.79112278414766
180.36,8.627,9.05574417650662,428.7441765066191
180.37,8.626,9.055753440417744,429.75344041774474
180.38,8.627,9.055800905659032,428.8009056590312
180.39,8.627,9.05584837090032,428.8483709003188
180.4,8.627,9.055895836141609,428.8958361416082
180.41,8.628,9.055943301382896,427.9433013828964
180.42,8.628,9.055990766624184,427.990766624184
180.43,8.629,9.055958562008442,426.9585620084424
180.44,8.629,9.05591162829881,426.9116282988108
180.45,8.63,9.055864694589179,425.864694589178
180.46,8.63,9.055817760879547,425.81776087954637
180.47,8.63,9.055770827169914,425.770827169913
180.48,8.63,9.05573263033172,425.7326303317193
180.49,8.63,9.055780082764167,425.78008276416665
180.5,8.63,9.055827535196615,425.8275351966141
180.51,8.63,9.055874987629062,425.8749876290615
180.52,8.63,9.05592244006151,425.92244006150895
180.53,8.63,9.055969892493957,425.9698924939563
180.54,8.63,9.05598514837478,425.98514837477984
180.55,8.63,9.055938227229827,425.93822722982645
180.56,8.631,9.055891306084874,424.8913060848736
180.57,8.631,9.05584438493992,424.84438493992013
180.58,8.631,9.055797463794967,424.79746379496675
180.59,8.631,9.055750542650014,424.75054265001336
180.6,8.632,9.05575927134776,423.7592713477607
180.61,8.632,9.055806710974641,423.80671097464176
180.62,8.632,9.055854150601522,423.85415060152275
180.63,8.632,9.055901590228403,423.9015902284038
180.64,8.633,9.055949029855283,422.9490298552836
180.65,8.633,9.055996469482164,422.9964694821646
180.66,8.633,9.055964812137432,422.9648121374332
180.67,8.634,9.05591790355394,421.91790355393977
180.68,8.634,9.055870994970446,421.8709949704458
180.69,8.634,9.055824086386954,421.8240863869536
180.7,8.634,9.055777177803462,421.77717780346137
180.71,8.634,9.055738471405196,421.73847140519524
180.72,8.634,9.055785898229782,421.785898229782
180.73,8.634,9.05583332505437,421.83332505437045
180.74,8.634,9.055880751878957,421.88075187895714
180.75,8.634,9.055928178703546,421.9281787035456
180.76,8.635,9.055975605528133,420.97560552813286
180.77,8.635,9.055991383026798,420.99138302679864
180.78,8.635,9.055944487001549,420.94448700154885
180.79,8.635,9.055897590976299,420.89759097629906
180.8,8.635,9.055850694951049,420.8506949510493
180.81,8.635,9.055803798925798,420.80379892579776
180.82,8.635,9.055756902900548,420.756902900548
180.83,8.635,9.055765096957423,420.7650969574228
180.84,8.635,9.05581251098299,420.8125109829908
180.85,8.635,9.055859925008559,420.8599250085587
180.86,8.635,9.055907339034126,420.9073390341267
180.87,8.635,9.055954753059694,420.95475305969467
180.88,8.635,9.056002167085262,421.0021670852626
180.89,8.635,9.05597105643288,420.97105643287944
180.9,8.634,9.055924172962655,421.9241729626546
180.91,8.634,9.05587728949243,421.8772894924303
180.92,8.633,9.055830406022206,422.8304060222072
180.93,8.633,9.055783522551982,422.7835225519829
180.94,8.633,9.055744307152949,422.74430715295
180.95,8.632,9.055791708382772,423.79170838277247
180.96,8.633,9.055839109612595,422.8391096125961
180.97,8.633,9.055886510842418,422.8865108424191
180.98,8.633,9.055933912072241,422.93391207224215
180.99,8.633,9.055981313302064,422.98131330206525
181.0,8.632,9.055997611853114,423.9976118531139
181.01,8.632,9.055950740934698,423.9507409346981
181.02,8.632,9.055903870016284,423.90387001628403
181.03,8.632,9.055856999097868,423.8569990978682
181.04,8.632,9.055810128179454,423.8101281794542
181.05,8.632,9.055763257261038,423.76325726103835
181.06,8.632,9.055770917249108,423.770917249108
181.07,8.632,9.055818305686458,423.8183056864582
181.08,8.632,9.055865694123808,423.86569412380834
181.09,8.632,9.05591308256116,423.9130825611603
181.1,8.632,9.05596047099851,423.9604709985105
181.11,8.632,9.05600785943586,424.0078594358607
181.12,8.632,9.055977294897604,423.97729489760394
181.13,8.632,9.055930436527781,423.9304365277814
181.14,8.632,9.05588357815796,423.88357815796064
181.15,8.632,9.055836719788138,423.8367197881381
181.16,8.631,9.055789861418317,424.7898614183168
181.17,8.631,9.055750137577386,424.75013757738543
181.18,8.631,9.055797513225539,424.7975132255384
181.19,8.631,9.05584488887369,424.84488887368957
181.2,8.631,9.055892264521843,424.8922645218425
181.21,8.63,9.055939640169996,425.93964016999485
181.22,8.63,9.055987015818147,425.987015818146
181.23,8.63,9.056003834856556,426.00383485655516
181.24,8.63,9.055956989032113,425.95698903211246
181.25,8.629,9.05591014320767,426.91014320767096
181.26,8.629,9.055863297383228,426.86329738322826
181.27,8.629,9.055816451558785,426.81645155878556
181.28,8.629,9.055769605734342,426.76960573434286
181.29,8.629,9.055776732225237,426.77673222523714
181.3,8.629,9.055824095087464,426.8240950874649
181.31,8.629,9.05587145794969,426.8714579496908
181.32,8.629,9.055918820811918,426.9188208119186
181.33,8.629,9.055966183674144,426.96618367414453
181.34,8.628,9.05601354653637,428.0135465363699
181.35,8.629,9.055983527534462,426.9835275344622
181.36,8.63,9.055936694252182,425.93669425218116
181.37,8.631,9.055889860969904,424.8898609699037
181.38,8.632,9.055843027687626,423.84302768762615
181.39,8.633,9.055796194405348,422.7961944053487
181.4,8.634,9.055755962680957,421.7559626809564
181.41,8.636,9.055803312760531,419.8033127605321
181.42,8.637,9.055850662840106,418.85066284010543
181.43,8.639,9.05589801291968,416.8980129196811
181.44,8.641,9.055945362999257,414.94536299925676
181.45,8.641,9.055992713078831,414.99271307883134
181.46,8.642,9.056010052040017,414.01005204001785
181.47,8.642,9.055963231296689,413.96323129668923
181.48,8.643,9.05591641055336,412.91641055335936
181.49,8.644,9.055869589810031,411.8695898100313
181.5,8.644,9.055822769066703,411.8227690667027
181.51,8.645,9.055775948323374,410.7759483233746
181.52,8.646,9.055782541888293,409.7825418882923
181.53,8.647,9.055829879188488,408.8298791884881
181.54,8.648,9.055877216488685,407.8772164886857
181.55,8.648,9.05592455378888,407.9245537888809
181.56,8.649,9.055971891089078,406.9718910890785
181.57,8.65,9.056019228389273,406.0192283892725
181.58,8.651,9.055989754346372,404.98975434637254
181.59,8.651,9.055942946138781,404.9429461387817
181.6,8.652,9.05589613793119,403.8961379311914
181.61,8.653,9.0558493297236,402.84932972359934
181.62,8.653,9.055802521516007,402.8025215160067
181.63,8.654,9.05576178246616,401.7617824661599
181.64,8.654,9.05580910699025,401.80910699024963
181.65,8.655,9.05585643151434,400.85643151433993
181.66,8.656,9.055903756038427,399.90375603842665
181.67,8.657,9.055951080562517,398.95108056251695
181.68,8.657,9.055998405086607,398.9984050866067
181.69,8.658,9.056016263406425,398.0162634064257
181.7,8.659,9.055969467731359,396.969467731358
181.71,8.66,9.055922672056292,395.9226720562921
181.72,8.661,9.055875876381226,394.87587638122613
181.73,8.661,9.05582908070616,394.82908070615963
181.74,8.662,9.055782285031093,393.78228503109193
181.75,8.663,9.055788346240794,392.7883462407937
181.76,8.663,9.05583565799205,392.83565799205
181.77,8.664,9.055882969743307,391.88296974330683
181.78,8.665,9.055930281494563,390.93028149456364
181.79,8.666,9.055977593245817,389.97759324581693
181.8,8.667,9.056024904997074,389.02490499707375
181.81,8.668,9.055995975336286,387.9959753362865
181.82,8.669,9.05594919219053,386.9491921905297
181.83,8.669,9.055902409044776,386.90240904477594
181.84,8.669,9.055855625899023,386.85562589902213
181.85,8.669,9.055808842753269,386.8088427532683
181.86,8.669,9.055767596935535,386.76759693553464
181.87,8.669,9.05581489591723,386.8148959172295
181.88,8.669,9.055862194898925,386.8621948989244
181.89,8.669,9.055909493880618,386.90949388061745
181.9,8.669,9.055956792862313,386.95679286231234
181.91,8.67,9.056004091844008,386.00409184400775
181.92,8.67,9.05602246895875,386.0224689587497
181.93,8.67,9.055975698339097,385.97569833909694
181.94,8.67,9.055928927719444,385.92892771944423
181.95,8.67,9.055882157099791,385.88215709979147
181.96,8.67,9.055835386480139,385.8353864801387
181.97,8.67,9.055788615860488,385.78861586048777
181.98,8.67,9.055794145285295,385.79414528529554
181.99,8.67,9.0558414315007,385.8414315006993
182.0,8.67,9.055888717716105,385.8887177161048
182.01,8.67,9.055936003931508,385.9360039315085
182.02,8.67,9.055983290146914,385.983290146914
182.03,8.67,9.056030576362318,386.03057636231773
182.04,8.67,9.056002190507186,386.0021905071864
182.05,8.67,9.055955432410425,385.95543241042486
182.06,8.67,9.055908674313665,385.9086743136651
182.07,8.67,9.055861916216903,385.86191621690347
182.08,8.671,9.055815158120142,384.8151581201424
182.09,8.671,9.055773406091667,384.7734060916679
182.1,8.67,9.055820679544054,385.82067954405375
182.11,8.669,9.055867952996442,386.8679529964414
182.12,8.669,9.055915226448828,386.9152264488278
182.13,8.668,9.055962499901216,387.96249990121726
182.14,8.668,9.056009773353603,388.00977335360363
182.15,8.667,9.0560286687,389.02866869999997
182.16,8.666,9.055981923122921,389.9819231229209
182.17,8.666,9.055935177545841,389.9351775458406
182.18,8.665,9.05588843196876,390.88843196876155
182.19,8.664,9.05584168639168,391.8416863916807
182.2,8.663,9.055794940814602,392.79494081460166
182.21,8.663,9.055799939024407,392.7999390244068
182.22,8.662,9.055847199717048,393.8471997170474
182.23,8.661,9.05589446040969,394.89446040968977
182.24,8.661,9.055941721102332,394.94172110233274
182.25,8.66,9.055988981794973,395.9889817949733
182.26,8.659,9.056036242487616,397.0362424876157
182.27,8.659,9.056008399862126,397.0083998621252
182.28,8.658,9.055961666801519,397.96166680151936
182.29,8.656,9.055914933740912,399.9149337409111
182.3,8.655,9.055868200680305,400.8682006803053
182.31,8.654,9.055821467619698,401.8214676196976
182.32,8.653,9.055779209937185,402.77920993718476
182.33,8.652,9.055826457873351,403.8264578733521
182.34,8.652,9.055873705809518,403.8737058095183
182.35,8.652,9.055920953745686,403.92095374568623
182.36,8.652,9.055968201681852,403.9682016818524
182.37,8.652,9.05601544961802,404.0154496180204
182.38,8.651,9.056034862633238,405.0348626332383
182.39,8.651,9.055988142085896,404.9881420858963
182.4,8.651,9.055941421538552,404.9414215385525
182.41,8.651,9.055894700991209,404.8947009912087
182.42,8.65,9.055847980443867,405.84798044386616
182.43,8.65,9.055801259896523,405.80125989652237
182.44,8.65,9.055805727460777,405.8057274607769
182.45,8.649,9.05585296264374,406.85296264374136
182.46,8.648,9.055900197826706,407.90019782670583
182.47,8.647,9.05594743300967,408.9474330096703
182.48,8.646,9.055994668192634,409.99466819263296
182.49,8.645,9.056041903375599,411.0419033755992
182.5,8.644,9.05601460340418,412.0146034041792
182.51,8.643,9.055967895366893,412.9678953668918
182.52,8.642,9.055921187329606,413.92118732960625
182.53,8.64,9.055874479292319,415.87447929231837
182.54,8.639,9.055827771255032,416.82777125503276
182.55,8.639,9.05578500847476,416.7850084747613
182.56,8.637,9.055832230907793,418.83223090779256
182.57,8.637,9.055879453340824,418.8794533408231
182.58,8.636,9.055926675773856,419.9266757738567
182.59,8.635,9.055973898206888,420.97389820688846
182.6,8.634,9.05602112063992,422.02112063992024
182.61,8.633,9.056041050761566,423.04105076156696
182.62,8.632,9.05599435523113,423.99435523113027
182.63,8.631,9.055947659700694,424.9476597006936
182.64,8.63,9.055900964170258,425.9009641702569
182.65,8.629,9.05585426863982,426.85426863982025
182.66,8.629,9.055807573109384,426.8075731093841
182.67,8.628,9.055811510597104,427.8115105971043
182.68,8.627,9.055858720283473,428.85872028347194
182.69,8.627,9.055905929969843,428.9059299698419
182.7,8.626,9.055953139656213,429.95313965621307
182.71,8.625,9.05600034934258,431.0003493425807
182.72,8.625,9.05604755902895,431.0475590289507
182.73,8.624,9.056020801136468,432.020801136467
182.74,8.623,9.055974118109674,432.9741181096747
182.75,8.623,9.05592743508288,432.9274350828811
182.76,8.622,9.055880752056089,433.8807520560888
182.77,8.622,9.055834069029295,433.8340690292952
182.78,8.621,9.05579080170711,434.79080170710915
182.79,8.621,9.055837998650086,434.8379986500852
182.8,8.62,9.055885195593063,435.8851955930643
182.81,8.62,9.055932392536041,435.93239253604213
182.82,8.619,9.05597958947902,436.9795894790194
182.83,8.619,9.056026786421997,437.0267864219972
182.84,8.618,9.056047233088112,438.04723308811157
182.85,8.618,9.056000562561758,438.00056256175776
182.86,8.617,9.055953892035403,438.9538920354017
182.87,8.617,9.055907221509047,438.90722150904617
182.88,8.617,9.055860550982691,438.8605509826906
182.89,8.616,9.055813880456338,439.8138804563381
182.9,8.616,9.055817288436106,439.81728843610665
182.91,8.615,9.055864472638962,440.8644726389621
182.92,8.615,9.055911656841818,440.9116568418181
182.93,8.614,9.055958841044674,441.95884104467353
182.94,8.614,9.05600602524753,442.0060252475295
182.95,8.613,9.056053209450386,443.0532094503867
182.96,8.613,9.056026993062147,443.02699306214777
182.97,8.612,9.055980335033025,443.98033503302514
182.98,8.612,9.055933677003903,443.9336770039031
182.99,8.611,9.055887018974781,444.88701897478046
183.0,8.611,9.055840360945659,444.8403609456584
183.01,8.61,9.055796589636973,445.7965896369735
183.02,8.61,9.055843761102977,445.84376110297796
183.03,8.609,9.05589093256898,446.89093256898
183.04,8.609,9.055938104034984,446.93810403498446
183.05,8.608,9.055985275500989,447.98527550098834
183.06,8.608,9.056032446966992,448.03244696699096
183.07,8.607,9.056053409616053,449.0534096160541
183.08,8.607,9.056006764080962,449.00676408096274
183.09,8.606,9.05596011854587,449.96011854587084
183.1,8.605,9.055913473010778,450.9134730107771
183.11,8.605,9.055866827475686,450.86682747568574
183.12,8.604,9.055820181940595,451.8201819405956
183.13,8.604,9.055823060980561,451.823060980562
183.14,8.604,9.05587021971298,451.87021971298157
183.15,8.603,9.055917378445402,452.9173784454024
183.16,8.603,9.055964537177822,452.9645371778219
183.17,8.603,9.056011695910243,453.01169591024325
183.18,8.602,9.056058854642663,454.05885464266225
183.19,8.602,9.05603317918442,454.0331791844192
183.2,8.602,9.055986546140154,453.986546140154
183.21,8.602,9.055939913095889,453.93991309588876
183.22,8.601,9.055893280051624,454.893280051623
183.23,8.601,9.055846647007359,454.8466470073578
183.24,8.6,9.055802372267156,455.80237226715604
183.25,8.599,9.05584951826926,456.84951826926044
183.26,8.599,9.055896664271367,456.89666427136723
183.27,8.598,9.055943810273474,457.94381027347345
183.28,8.597,9.05599095627558,458.9909562755796
183.29,8.597,9.056038102277686,459.0381022776864
183.3,8.596,9.056059580348606,460.05958034860583
183.31,8.595,9.056012959791966,461.0129597919652
183.32,8.595,9.055966339235326,460.96633923532517
183.33,8.594,9.055919718678684,461.91971867868455
183.34,8.593,9.055873098122044,462.8730981220439
183.35,8.593,9.055826477565402,462.82647756540206
183.36,8.593,9.055828828233276,462.8288282332758
183.37,8.593,9.055875961508336,462.87596150833645
183.38,8.593,9.055923094783397,462.9230947833971
183.39,8.593,9.055970228058456,462.970228058456
183.4,8.593,9.056017361333517,463.01736133351665
183.41,8.593,9.056064494608577,463.0644946085773
183.42,8.593,9.056039359506517,463.0393595065172
183.43,8.593,9.0559927514343,462.9927514342995
183.44,8.593,9.05594614336208,462.9461433620801
183.45,8.593,9.055899535289862,462.8995352898624
183.46,8.593,9.055852927217645,462.8529272176447
183.47,8.593,9.055808149600477,462.8081496004768
183.48,8.593,9.05585527015176,462.8552701517599
183.49,8.593,9.055902390703041,462.9023907030412
183.5,8.592,9.055949511254324,463.94951125432374
183.51,8.592,9.055996631805606,463.99663180560503
183.52,8.592,9.056043752356889,464.0437523568881
183.53,8.592,9.05606574528902,464.06574528901956
183.54,8.592,9.056019149698024,464.0191496980233
183.55,8.591,9.055972554107028,464.9725541070282
183.56,8.591,9.055925958516031,464.9259585160319
183.57,8.591,9.055879362925035,464.8793629250356
183.58,8.591,9.055832767334039,464.8327673340393
183.59,8.59,9.055834590197097,465.8345901970975
183.6,8.59,9.05588169802787,465.88169802786973
183.61,8.59,9.05592880585864,465.92880585864015
183.62,8.589,9.055975913689412,466.9759136894118
183.63,8.589,9.056023021520184,467.02302152018405
183.64,8.588,9.056070129350957,468.0701293509575
183.65,8.588,9.05604553403171,468.0455340317113
183.66,8.588,9.055998950918736,467.99895091873725
183.67,8.587,9.05595236780576,468.9523678057608
183.68,8.587,9.055905784692786,468.90578469278665
183.69,8.586,9.055859201579812,469.85920157981195
183.7,8.586,9.055813921639803,469.81392163980297
183.71,8.585,9.055861016753333,470.86101675333225
183.72,8.584,9.055908111866863,471.90811186686335
183.73,8.584,9.055955206980391,471.9552069803914
183.74,8.584,9.05600230209392,472.00230209392123
183.75,8.583,9.056049397207449,473.04939720744875
183.76,8.583,9.056071904440577,473.07190444057665
183.77,8.583,9.056025333802424,473.02533380242375
183.78,8.583,9.055978763164273,472.97876316427255
183.79,8.583,9.05593219252612,472.9321925261196
183.8,8.583,9.055885621887969,472.88562188796845
183.81,8.583,9.055839051249817,472.8390512498173
183.82,8.583,9.055840346874902,472.84034687490185
183.83,8.583,9.055887429274456,472.88742927445605
183.84,8.583,9.055934511674009,472.9345116740085
183.85,8.583,9.055981594073563,472.98159407356263
183.86,8.582,9.056028676473115,474.0286764731145
183.87,8.582,9.056075758872668,474.07575887266694
183.88,8.581,9.056051702763309,475.05170276330944
183.89,8.581,9.056005144596782,475.005144596782
183.9,8.58,9.055958586430254,475.958586430254
183.91,8.58,9.055912028263727,475.9120282637266
183.92,8.579,9.055865470097201,476.8654700972004
183.93,8.578,9.055819688388045,477.81968838804545
183.94,8.578,9.055866758076888,477.8667580768889
183.95,8.577,9.055913827765734,478.9138277657337
183.96,8.577,9.055960897454577,478.96089745457715
183.97,8.576,9.05600796714342,480.0079671434201
183.98,8.576,9.056055036832264,480.05503683226357
183.99,8.575,9.056078057806607,481.0780578066076
184.0,8.575,9.056031512108508,481.03151210850825
184.01,8.574,9.055984966410406,481.98496641040657
184.02,8.574,9.055938420712305,481.9384207123054
184.03,8.574,9.055891875014206,481.89187501420605
184.04,8.573,9.055845329316105,482.84532931610437
184.05,8.573,9.055846098269626,482.84609826962566
184.06,8.572,9.055893155251027,483.89315525102813
184.07,8.572,9.055940212232427,483.94021223242765
184.08,8.572,9.055987269213826,483.9872692138272
184.09,8.571,9.056034326195228,485.0343261952279
184.1,8.571,9.056081383176627,485.0813831766274
184.11,8.57,9.05605786570466,486.05786570466057
184.12,8.57,9.056011332471792,486.01133247179183
184.13,8.569,9.055964799238922,486.96479923892076
184.14,8.569,9.055918266006051,486.91826600605026
184.15,8.568,9.05587173277318,487.87173277318095
184.16,8.568,9.055825449848141,487.82544984814183
184.17,8.567,9.055872494125364,488.87249412536346
184.18,8.567,9.055919538402586,488.9195384025857
184.19,8.566,9.055966582679808,489.9665826798074
184.2,8.566,9.05601362695703,490.01362695702966
184.21,8.565,9.056060671234253,491.0606712342531
184.22,8.565,9.056084205390468,491.084205390468
184.23,8.564,9.05603768461963,492.03768461963017
184.24,8.564,9.055991163848795,491.9911638487946
184.25,8.563,9.055944643077957,492.9446430779567
184.26,8.562,9.055898122307122,493.8981223071224
184.27,8.562,9.055851601536284,493.85160153628505
184.28,8.561,9.055851844384215,494.8518443842147
184.29,8.561,9.055898875960525,494.8988759605246
184.3,8.56,9.055945907536834,495.945907536834
184.31,8.559,9.055992939113143,496.99293911314334
184.32,8.559,9.056039970689453,497.0399706894533
184.33,8.558,9.056087002265762,498.08700226576264
184.34,8.557,9.05606402285914,499.0640228591392
184.35,8.557,9.056017514547143,499.0175145471429
184.36,8.556,9.055971006235145,499.9710062351461
184.37,8.556,9.055924497923147,499.92449792314807
184.38,8.556,9.055877989611151,499.8779896111518
184.39,8.556,9.055831481299153,499.8314812991538
184.4,8.556,9.055878224901722,499.87822490172283
184.41,8.556,9.055925243780383,499.9252437803836
184.42,8.556,9.055972262659044,499.97226265904436
184.43,8.556,9.056019281537704,500.0192815377051
184.44,8.556,9.056066300416367,500.06630041636765
184.45,8.556,9.056090347195543,500.0903471955436
184.46,8.556,9.05604385133919,500.04385133919095
184.47,8.556,9.055997355482837,499.9973554828383
184.48,8.556,9.055950859626485,499.9508596264857
184.49,8.556,9.055904363770132,499.90436377013305
184.5,8.556,9.05585786791378,499.8578679137804
184.51,8.556,9.055857585221657,499.85758522165827
184.52,8.555,9.055904591405934,500.90459140593424
184.53,8.555,9.055951597590212,500.9515975902126
184.54,8.555,9.055998603774489,500.99860377448914
184.55,8.554,9.056045609958765,502.0456099587651
184.56,8.555,9.056092616143044,501.092616143044
184.57,8.555,9.056070174230156,501.070174230156
184.58,8.555,9.056023690826255,501.0236908262549
184.59,8.555,9.055977207422353,500.97720742235373
184.6,8.555,9.05593072401845,500.93072401845086
184.61,8.555,9.05588424061455,500.88424061454975
184.62,8.555,9.055837757210648,500.8377572106486
184.63,8.555,9.05588395040897,500.88395040897103
184.64,8.554,9.055930943902128,501.93094390212775
184.65,8.554,9.055977937395285,501.97793739528504
184.66,8.554,9.056024930888443,502.0249308884423
184.67,8.554,9.056071924381598,502.07192438159785
184.68,8.554,9.056096483225263,502.0964832252623
184.69,8.554,9.05605001227062,502.0500122706188
184.7,8.554,9.056003541315976,502.0035413159753
184.71,8.554,9.055957070361334,501.95707036133365
184.72,8.554,9.05591059940669,501.91059940669015
184.73,8.553,9.055864128452047,502.8641284520461
184.74,8.553,9.05586332078498,502.86332078497867
184.75,8.553,9.055910301590279,502.91030159027804
184.76,8.553,9.055957282395578,502.95728239557747
184.77,8.552,9.056004263200878,504.0042632008781
184.78,8.552,9.056051244006177,504.0512440061775
184.79,8.552,9.056098224811477,504.09822481147694
184.8,8.552,9.056076319821154,504.07631982115396
184.81,8.551,9.056029861312577,505.0298613125772
184.82,8.551,9.055983402804001,504.983402804001
184.83,8.55,9.055936944295427,505.93694429542603
184.84,8.549,9.05589048578685,506.89048578685106
184.85,8.548,9.055844027278274,507.84402727827427
184.86,8.548,9.055889670650153,507.88967065015277
184.87,8.547,9.055936638770858,508.9366387708569
184.88,8.546,9.055983606891562,509.9836068915629
184.89,8.545,9.056030575012267,511.03057501226704
184.9,8.544,9.056077543132973,512.0775431329729
184.91,8.544,9.05610261348308,512.10261348308
184.92,8.543,9.056056167417381,513.0561674173819
184.93,8.542,9.05600972135168,514.0097213516804
184.94,8.541,9.05596327528598,514.9632752859806
184.95,8.54,9.05591682922028,515.9168292202808
184.96,8.54,9.05587038315458,515.8703831545814
184.97,8.539,9.055869051077238,516.8690510772383
184.98,8.538,9.05591600651661,517.9160065166091
184.99,8.538,9.055962961955982,517.9629619559822
185.0,8.537,9.056009917395354,519.0099173953531
185.01,8.536,9.056056872834727,520.0568728347274
185.02,8.535,9.056103828274098,521.1038282740983
185.03,8.535,9.056082459635606,521.0824596356058
185.04,8.534,9.056036026009592,522.0360260095908
185.05,8.534,9.055989592383577,521.9895923835765
185.06,8.533,9.055943158757565,522.943158757565
185.07,8.533,9.05589672513155,522.8967251315506
185.08,8.532,9.055850291505536,523.8502915055357
185.09,8.531,9.05589538562833,524.89538562833
185.1,8.531,9.055942328389632,524.9423283896313
185.11,8.53,9.055989271150933,525.9892711509337
185.12,8.53,9.056036213912234,526.036213912235
185.13,8.529,9.056083156673537,527.0831566735375
185.14,8.528,9.056108737972481,528.1087379724809
185.15,8.528,9.056062316782965,528.0623167829646
185.16,8.527,9.056015895593449,529.0158955934494
185.17,8.527,9.05596947440393,528.9694744039313
185.18,8.526,9.055923053214414,529.9230532144144
185.19,8.526,9.055876632024898,529.876632024898
185.2,8.526,9.055874776101518,529.8747761015186
185.21,8.525,9.05592170618801,530.9217061880105
185.22,8.525,9.055968636274503,530.968636274503
185.23,8.525,9.056015566360994,531.0155663609937
185.24,8.524,9.056062496447487,532.0624964474873
185.25,8.524,9.056109426533979,532.1094265339799
185.26,8.523,9.056088593677025,533.0885936770251
185.27,8.523,9.056042184920816,533.0421849208165
185.28,8.522,9.055995776164607,533.9957761646073
185.29,8.522,9.055949367408399,533.9493674083986
185.3,8.521,9.05590295865219,534.9029586521895
185.31,8.521,9.055856549895982,534.8565498959807
185.32,8.52,9.055901095346613,535.9010953466133
185.33,8.52,9.055948012761556,535.9480127615566
185.34,8.519,9.0559949301765,536.9949301764993
185.35,8.519,9.056041847591443,537.0418475914427
185.36,8.518,9.056088765006386,538.0887650063855
185.37,8.518,9.056114856696993,538.1148566969927
185.38,8.517,9.056068460370906,539.0684603709062
185.39,8.518,9.056022064044818,538.0220640448172
185.4,8.518,9.05597566771873,537.9756677187295
185.41,8.518,9.055929271392642,537.9292713926418
185.42,8.518,9.055882875066555,537.8828750665541
185.43,8.518,9.055880495860944,537.8804958609429
185.44,8.518,9.055927400607597,537.9274006075967
185.45,8.518,9.055974305354251,537.9743053542505
185.46,8.518,9.056021210100905,538.0212101009043
185.47,8.518,9.056068114847559,538.0681148475581
185.48,8.518,9.056115019594213,538.115019594212
185.49,8.518,9.056094721948943,538.0947219489425
185.5,8.518,9.05604833804979,538.0483380497889
185.51,8.518,9.056001954150638,538.0019541506372
185.52,8.519,9.055955570251484,536.9555702514841
185.53,8.519,9.05590918635233,536.9091863523305
185.54,8.519,9.055862802453179,536.8628024531788
185.55,8.519,9.055906799808133,536.9067998081327
185.56,8.519,9.055953691889757,536.9536918897566
185.57,8.518,9.056000583971382,538.0005839713817
185.58,8.519,9.056047476053006,537.0474760530062
185.59,8.519,9.05609436813463,537.09436813463
185.6,8.518,9.056120969660158,538.1209696601577
185.61,8.518,9.056074598184756,538.074598184755
185.62,8.518,9.056028226709351,538.0282267093505
185.63,8.518,9.055981855233947,537.9818552339461
185.64,8.518,9.055935483758544,537.9354837585435
185.65,8.518,9.05588911228314,537.8891122831391
185.66,8.518,9.055886210358668,537.8862103586677
185.67,8.518,9.055933089778522,537.9330897785213
185.68,8.518,9.055979969198376,537.9799691983749
185.69,8.518,9.05602684861823,538.0268486182284
185.7,8.518,9.056073728038083,538.0737280380821
185.71,8.518,9.056120607457936,538.1206074579356
185.72,8.518,9.056100844454935,538.1008444549344
185.73,8.518,9.056054485400095,538.0544854000941
185.74,8.518,9.056008126345255,538.0081263452539
185.75,8.518,9.055961767290414,537.9617672904136
185.76,8.518,9.055915408235574,537.9154082355733
185.77,8.518,9.055869049180732,537.8690491807312
185.78,8.518,9.05591249901605,537.9124990160502
185.79,8.518,9.055959365777392,537.9593657773913
185.8,8.518,9.056006232538733,538.0062325387324
185.81,8.518,9.056053099300074,538.0530993000737
185.82,8.518,9.056099966061415,538.0999660614148
185.83,8.518,9.056127076865554,538.1270768655532
185.84,8.517,9.056080730228095,539.0807302280951
185.85,8.516,9.056034383590635,540.0343835906351
185.86,8.516,9.055988036953176,539.9880369531758
185.87,8.515,9.055941690315715,540.941690315714
185.88,8.515,9.055895343678255,540.8953436782547
185.89,8.514,9.055891919597864,541.8919195978642
185.9,8.514,9.055938773703948,541.938773703949
185.91,8.513,9.055985627810035,542.9856278100349
185.92,8.513,9.056032481916121,543.0324819161215
185.93,8.512,9.056079336022208,544.0793360222074
185.94,8.512,9.056126190128293,544.1261901282921
185.95,8.511,9.056106961198582,545.1069611985826
185.96,8.511,9.05606062697532,545.0606269753209
185.97,8.51,9.056014292752058,546.0142927520586
185.98,8.509,9.055967958528797,546.9679585287963
185.99,8.508,9.055921624305533,547.921624305534
186.0,8.507,9.055875290082271,548.8752900822717
186.01,8.506,9.05591819297356,549.9181929735606
186.02,8.506,9.05596503442765,549.9650344276504
186.03,8.505,9.056011875881739,551.0118758817378
186.04,8.504,9.056058717335826,552.0587173358269
186.05,8.503,9.056105558789914,553.1055587899143
186.06,8.503,9.056133178316788,553.1331783167878
186.07,8.502,9.05608685650454,554.08685650454
186.08,8.501,9.056040534692293,555.0405346922939
186.09,8.5,9.055994212880048,555.9942128800479
186.1,8.5,9.0559478910678,555.9478910678006
186.11,8.499,9.055901569255553,556.9015692555528
186.12,8.498,9.055897623581746,557.8976235817468
186.13,8.498,9.055944452387093,557.944452387094
186.14,8.497,9.05599128119244,558.9912811924407
186.15,8.496,9.056038109997788,560.0381099977874
186.16,8.496,9.056084938803135,560.0849388031346
186.17,8.495,9.056131767608482,561.1317676084831
186.18,8.495,9.056113072183523,561.1130721835239
186.19,8.494,9.05606676277911,562.0667627791107
186.2,8.494,9.056020453374698,562.0204533746981
186.21,8.494,9.055974143970285,561.9741439702857
186.22,8.493,9.055927834565873,562.9278345658726
186.23,8.493,9.05588152516146,562.8815251614601
186.24,8.492,9.055923881683887,563.9238816838858
186.25,8.492,9.055970697843748,563.9706978437466
186.26,8.491,9.05601751400361,565.0175140036105
186.27,8.491,9.056064330163471,565.0643301634713
186.28,8.49,9.056111146323333,566.1111463233333
186.29,8.49,9.056139274017495,566.1392740174947
186.3,8.489,9.056092977017736,567.0929770177348
186.31,8.489,9.056046680017976,567.0466800179756
186.32,8.488,9.056000383018219,568.0003830182194
186.33,8.488,9.05595408601846,567.9540860184602
186.34,8.487,9.0559077890187,568.9077890187004
186.35,8.487,9.055903322313553,568.9033223135525
186.36,8.486,9.055950125831185,569.9501258311841
186.37,8.485,9.055996929348815,570.9969293488157
186.38,8.484,9.056043732866447,572.0437328664474
186.39,8.482,9.056090536384078,574.0905363840785
186.4,8.482,9.05613733990171,574.1373399017107
186.41,8.482,9.0561191774134,574.1191774134008
186.42,8.482,9.056072892815116,574.072892815117
186.43,8.481,9.056026608216833,575.0266082168328
186.44,8.481,9.055980323618549,574.9803236185489
186.45,8.481,9.055934039020265,574.9340390202651
186.46,8.481,9.055887754421981,574.8877544219813
186.47,8.481,9.055929565150274,574.9295651502741
186.48,8.481,9.05597635602893,574.9763560289302
186.49,8.481,9.056023146907586,575.0231469075864
186.5,8.481,9.056069937786242,575.0699377862425
186.51,8.481,9.056116728664898,575.1167286648986
186.52,8.481,9.056145363971336,575.1453639713358
186.53,8.481,9.056099091771348,575.0990917713476
186.54,8.481,9.05605281957136,575.0528195713596
186.55,8.481,9.056006547371371,575.0065473713714
186.56,8.482,9.055960275171385,573.9602751713857
186.57,8.482,9.055914002971397,573.9140029713976
186.58,8.482,9.055909015796548,573.9090157965485
186.59,8.482,9.055955794039482,573.9557940394828
186.6,8.482,9.056002572282416,574.0025722824171
186.61,8.482,9.05604935052535,574.0493505253514
186.62,8.482,9.056096128768285,574.0961287682858
186.63,8.482,9.05614290701122,574.14290701122
186.64,8.482,9.056125276891896,574.1252768918965
186.65,8.482,9.056079017087027,574.079017087028
186.66,8.482,9.056032757282159,574.0327572821595
186.67,8.482,9.055986497477289,573.9864974772893
186.68,8.482,9.05594023767242,573.9402376724207
186.69,8.482,9.055893977867552,573.8939778675523
186.7,8.482,9.055935243376002,573.9352433760025
186.71,8.482,9.055982008986469,573.9820089864693
186.72,8.482,9.056028774596935,574.0287745969362
186.73,8.482,9.056075540207402,574.0755402074029
186.74,8.482,9.056122305817869,574.1223058178697
186.75,8.482,9.056151448181996,574.1514481819969
186.76,8.482,9.056105200769071,574.1052007690719
186.77,8.482,9.056058953356144,574.0589533561451
186.78,8.482,9.056012705943218,574.0127059432183
186.79,8.482,9.05596645853029,573.9664585302914
186.8,8.482,9.055920211117364,573.9202111173647
186.81,8.482,9.055914704034027,573.9147040340277
186.82,8.482,9.055961457015277,573.9614570152778
186.83,8.482,9.056008209996529,574.0082099965296
186.84,8.483,9.056054962977779,573.0549629777784
186.85,8.484,9.05610171595903,572.1017159590307
186.86,8.484,9.05614846894028,572.1484689402807
186.87,8.485,9.056131370622715,571.1313706227158
186.88,8.484,9.056085135598558,572.0851355985577
186.89,8.485,9.056038900574398,571.0389005743988
186.9,8.484,9.055992665550239,571.9926655502387
186.91,8.484,9.05594643052608,571.9464305260793
186.92,8.484,9.05590019550192,571.9001955019198
186.93,8.484,9.05594091636438,571.9409163643796
186.94,8.484,9.055987656719667,571.9876567196671
186.95,8.484,9.056034397074955,572.0343970749547
186.96,8.484,9.056081137430242,572.0811374302422
186.97,8.484,9.056127877785528,572.1278777855279
186.98,8.484,9.056157526653198,572.1575266531981
186.99,8.484,9.05611130401463,572.1113040146299
187.0,8.484,9.056065081376063,572.0650813760635
187.01,8.484,9.056018858737495,572.0188587374953
187.02,8.484,9.055972636098929,571.9726360989288
187.03,8.484,9.05592641346036,571.9264134603605
187.04,8.483,9.055920387029312,572.9203870293115
187.05,8.483,9.055967114761888,572.9671147618874
187.06,8.483,9.056013842494462,573.0138424944613
187.07,8.482,9.056060570227038,574.0605702270383
187.08,8.482,9.056107297959612,574.1072979596122
187.09,8.482,9.056154025692187,574.154025692188
187.1,8.482,9.05613745860959,574.1374586095915
187.11,8.482,9.056091248353443,574.0912483534437
187.12,8.481,9.056045038097295,575.0450380972953
187.13,8.481,9.055998827841146,574.9988278411457
187.14,8.481,9.055952617584998,574.9526175849979
187.15,8.481,9.05590640732885,574.9064073288502
187.16,8.481,9.055946584118734,574.9465841187344
187.17,8.48,9.055993299231847,575.9932992318468
187.18,8.48,9.05604001434496,576.0400143449598
187.19,8.48,9.056086729458073,576.0867294580727
187.2,8.48,9.056133444571188,576.1334445711874
187.21,8.48,9.056163599388674,576.1635993886731
187.22,8.48,9.056117401511772,576.1174015117714
187.23,8.48,9.05607120363487,576.0712036348697
187.24,8.48,9.056025005757967,576.0250057579661
187.25,8.48,9.055978807881065,575.9788078810643
187.26,8.48,9.055932610004161,575.9326100041609
187.27,8.479,9.05592606478575,576.9260647857503
187.28,8.48,9.05597276728265,575.97276728265
187.29,8.48,9.056019469779553,576.0194697795527
187.3,8.481,9.056066172276454,575.066172276454
187.31,8.482,9.056112874773357,574.1128747733572
187.32,8.482,9.056159577270257,574.1595772702581
187.33,8.482,9.056143540856278,574.1435408562783
187.34,8.482,9.05609735535545,574.0973553554501
187.35,8.482,9.05605116985462,574.05116985462
187.36,8.481,9.056004984353791,575.0049843537912
187.37,8.481,9.055958798852963,574.958798852963
187.38,8.48,9.055912613352133,575.9126133521324
187.39,8.48,9.055952246642418,575.9522466424177
187.4,8.479,9.055998936526358,576.9989365263584
187.41,8.48,9.056045626410297,576.0456264102967
187.42,8.48,9.056092316294237,576.0923162942362
187.43,8.48,9.056139006178176,576.1390061781757
187.44,8.481,9.056169666392188,575.1696663921883
187.45,8.482,9.056123493264263,574.1234932642634
187.46,8.482,9.056077320136337,574.0773201363378
187.47,8.483,9.056031147008413,573.0311470084129
187.48,8.484,9.055984973880488,571.9849738804878
187.49,8.486,9.055938800752562,569.9388007525616
187.5,8.487,9.0559317373067,568.9317373067003
187.51,8.487,9.055978414580926,568.9784145809256
187.52,8.487,9.056025091855151,569.0250918551509
187.53,8.487,9.056071769129376,569.0717691293763
187.54,8.487,9.056118446403602,569.1184464036016
187.55,8.486,9.056165123677827,570.1651236778265
187.56,8.486,9.056149617366547,570.1496173665462
187.57,8.486,9.056103456608355,570.1034566083542
187.58,8.486,9.056057295850163,570.0572958501624
187.59,8.485,9.056011135091971,571.0111350919717
187.6,8.485,9.05596497433378,570.9649743337799
187.61,8.485,9.05591881357559,570.9188135755899
187.62,8.485,9.055957903938813,570.9579039388135
187.63,8.485,9.056004568606573,571.0045686065737
187.64,8.485,9.056051233274333,571.0512332743339
187.65,8.484,9.056097897942092,572.0978979420917
187.66,8.484,9.056144562609852,572.1445626098518
187.67,8.484,9.05617572766753,572.1757276675295
187.68,8.483,9.056129579275904,573.1295792759034
187.69,8.483,9.056083430884277,573.0834308842763
187.7,8.482,9.05603728249265,574.0372824926503
187.71,8.482,9.055991134101022,573.9911341010231
187.72,8.482,9.055944985709397,573.9449857093977
187.73,8.481,9.055937404595571,574.9374045955715
187.74,8.481,9.055984056660114,574.9840566601137
187.75,8.481,9.056030708724654,575.030708724654
187.76,8.48,9.056077360789194,576.0773607891938
187.77,8.48,9.056124012853735,576.1240128537341
187.78,8.479,9.056170664918275,577.1706649182757
187.79,8.479,9.05615568814421,577.1556881442112
187.8,8.478,9.056109552115979,578.1095521159791
187.81,8.478,9.05606341608775,578.0634160877494
187.82,8.478,9.05601728005952,578.0172800595196
187.83,8.477,9.05597114403129,578.9711440312892
187.84,8.477,9.055925008003058,578.9250080030577
187.85,8.476,9.055963556011324,579.9635560113235
187.86,8.476,9.056010195475894,580.0101954758929
187.87,8.475,9.056056834940462,581.0568349404618
187.88,8.475,9.056103474405031,581.1034744050314
187.89,8.476,9.056150113869599,580.1501138695979
187.9,8.476,9.05618178321851,580.1817832185084
187.91,8.476,9.056135659550508,580.135659550507
187.92,8.476,9.056089535882508,580.0895358825073
187.93,8.477,9.056043412214509,579.0434122145083
187.94,8.477,9.055997288546509,578.9972885465087
187.95,8.477,9.05595116487851,578.9511648785091
187.96,8.477,9.055943066655777,578.9430666557766
187.97,8.477,9.05598969352362,578.9896935236189
187.98,8.477,9.05603632039146,579.0363203914594
187.99,8.477,9.056082947259302,579.0829472593018
188.0,8.478,9.056129574127144,578.1295741271446
188.01,8.478,9.056176200994985,578.1762009949852
188.02,8.478,9.056161753193093,578.1617531930933
188.03,8.479,9.056115641882156,577.1156418821572
188.04,8.479,9.05606953057122,577.0695305712205
188.05,8.479,9.056023419260283,577.0234192602838
188.06,8.479,9.055977307949346,576.9773079493472
188.07,8.48,9.05593119663841,575.9311966384093
188.08,8.48,9.055969202863384,575.9692028633835
188.09,8.48,9.056015817137745,576.0158171377441
188.1,8.481,9.056062431412103,575.0624314121034
188.11,8.481,9.056109045686464,575.1090456864638
188.12,8.481,9.056155659960824,575.1556599608243
188.13,8.481,9.056187833048961,575.187833048961
188.14,8.482,9.056141734091923,574.1417340919241
188.15,8.482,9.056095635134886,574.0956351348867
188.16,8.482,9.056049536177849,574.0495361778493
188.17,8.482,9.056003437220811,574.0034372208119
188.18,8.483,9.055957338263774,572.9573382637732
188.19,8.483,9.055948723490758,572.9487234907573
188.2,8.483,9.055995325174882,572.9953251748814
188.21,8.483,9.056041926859004,573.0419268590036
188.22,8.483,9.056088528543127,573.088528543126
188.23,8.484,9.05613513022725,572.1351302272506
188.24,8.484,9.056181731911373,572.1817319113729
188.25,8.484,9.056167812517042,572.1678125170424
188.26,8.484,9.05612172591074,572.1217259107405
188.27,8.485,9.056075639304439,571.0756393044392
188.28,8.485,9.056029552698137,571.0295526981373
188.29,8.485,9.055983466091835,570.9834660918353
188.3,8.485,9.055937379485533,570.9373794855335
188.31,8.486,9.055974844498442,569.9748444984411
188.32,8.486,9.05602143359557,570.0214335955689
188.33,8.486,9.056068022692699,570.0680226926984
188.34,8.486,9.056114611789827,570.1146117898261
188.35,8.485,9.056161200886956,571.1612008869569
188.36,8.484,9.056193877162745,572.1938771627446
188.37,8.483,9.056147802904015,573.147802904014
188.38,8.482,9.056101728645285,574.1017286452852
188.39,8.481,9.056055654386556,575.0556543865564
188.4,8.479,9.056009580127826,577.009580127827
188.41,8.478,9.055963505869096,577.9635058690964
188.42,8.477,9.055954375103994,578.9543751039936
188.43,8.476,9.05600095161737,580.0009516173699
188.44,8.475,9.056047528130748,581.0475281307479
188.45,8.474,9.056094104644126,582.0941046441259
188.46,8.473,9.056140681157503,583.1406811575022
188.47,8.472,9.056187257670882,584.187257670882
188.48,8.471,9.05617386611994,585.1738661199395
188.49,8.47,9.056127804205621,586.1278042056206
188.5,8.469,9.056081742291301,587.0817422913017
188.51,8.468,9.056035680376983,588.0356803769828
188.52,8.467,9.055989618462663,588.9896184626622
188.53,8.466,9.055943556548344,589.9435565483451
188.54,8.465,9.05598048091998,590.9804809199794
188.55,8.464,9.056027044852845,592.0270448528448
188.56,8.463,9.056073608785713,593.0736087857138
188.57,8.462,9.05612017271858,594.120172718581
188.58,8.461,9.056166736651448,595.1667366514481
188.59,8.461,9.056199915563738,595.1999155637377
188.6,8.46,9.05615386599067,596.1538659906687
188.61,8.459,9.0561078164176,597.1078164175996
188.62,8.458,9.056061766844529,598.0617668445287
188.63,8.457,9.056015717271459,599.0157172714579
188.64,8.456,9.055969667698388,599.9696676983888
188.65,8.455,9.055960021498962,600.9600214989614
188.66,8.454,9.056006572854562,602.0065728545613
188.67,8.453,9.05605312421016,603.0531242101613
188.68,8.452,9.05609967556576,604.0996755657595
188.69,8.45,9.056146226921358,606.1462269213589
188.7,8.449,9.056192778276959,607.1927782769588
188.71,8.448,9.056179914005666,608.1799140056656
188.72,8.448,9.056133876770685,608.133876770685
188.73,8.447,9.056087839535705,609.0878395357056
188.74,8.446,9.056041802300724,610.0418023007244
188.75,8.446,9.055995765065743,609.9957650657437
188.76,8.444,9.055949727830763,611.949727830762
188.77,8.444,9.055986112131478,611.9861121314774
188.78,8.443,9.05603265091305,613.0326509130501
188.79,8.442,9.056079189694621,614.0791896946212
188.8,8.441,9.056125728476191,615.1257284761904
188.81,8.44,9.056172267257763,616.1722672577632
188.82,8.439,9.056205948255837,617.2059482558368
188.83,8.438,9.056159923355787,618.1599233557869
188.84,8.437,9.056113898455738,619.1138984557388
188.85,8.436,9.056067873555687,620.067873555687
188.86,8.435,9.056021848655638,621.0218486556371
188.87,8.435,9.055975823755588,620.9758237555878
188.88,8.434,9.055965662679174,621.965662679175
188.89,8.434,9.056012188889957,622.0121888899577
188.9,8.433,9.05605871510074,623.0587151007398
188.91,8.433,9.056105241311522,623.1052413115226
188.92,8.432,9.056151767522305,624.1517675223047
188.93,8.433,9.056198293733088,623.198293733088
188.94,8.433,9.056185956178139,623.1859561781388
188.95,8.433,9.05613994360986,623.1399436098606
188.96,8.433,9.056093931041584,623.0939310415841
188.97,8.434,9.056047918473306,622.0479184733065
188.98,8.434,9.056001905905028,622.0019059050284
188.99,8.434,9.055955893336751,621.955893336752
189.0,8.434,9.055991738136466,621.991738136467
189.01,8.434,9.056038251779698,622.0382517796992
189.02,8.434,9.056084765422932,622.0847654229331
189.03,8.433,9.056131279066165,623.1312790661648
189.04,8.432,9.056177792709398,624.1777927093981
189.05,8.432,9.056211975242963,624.2119752429627
189.06,8.431,9.056165975003301,625.165975003302
189.07,8.431,9.05611997476364,625.1199747636402
189.08,8.43,9.056073974523978,626.0739745239779
189.09,8.43,9.056027974284316,626.027974284316
189.1,8.429,9.055981974044654,626.9819740446536
189.11,8.428,9.05597129864816,627.9712986481592
189.12,8.427,9.056017799727082,629.0177997270821
189.13,8.427,9.056064300806005,629.0643008060055
189.14,8.426,9.056110801884927,630.1108018849267
189.15,8.426,9.056157302963848,630.1573029638483
189.16,8.425,9.056203804042772,631.2038040427713
189.17,8.424,9.056191992641294,632.1919926412942
189.18,8.424,9.056146004727092,632.1460047270922
189.19,8.423,9.05610001681289,633.1000168128895
189.2,8.422,9.056054028898687,634.0540288986869
189.21,8.422,9.056008040984485,634.0080409844849
189.22,8.421,9.055962053070283,634.962053070284
189.23,8.421,9.055997358938482,634.9973589384828
189.24,8.42,9.056043847456328,636.0438474563282
189.25,8.419,9.056090335974176,637.0903359741753
189.26,8.418,9.056136824492022,638.1368244920225
189.27,8.418,9.05618331300987,638.1833130098702
189.28,8.417,9.056217996529059,639.2179965290587
189.29,8.417,9.056172020937161,639.1720209371616
189.3,8.416,9.056126045345264,640.126045345264
189.31,8.415,9.056080069753369,641.0800697533698
189.32,8.415,9.056034094161472,641.0340941614727
189.33,8.414,9.055988118569575,641.988118569575
189.34,8.414,9.05597692940948,641.9769294094806
189.35,8.413,9.05602340536949,643.0234053694903
189.36,8.412,9.056069881329499,644.0698813294982
189.37,8.411,9.056116357289508,645.116357289508
189.38,8.409,9.056162833249516,647.1628332495154
189.39,8.408,9.056209309209525,648.2093092095251
189.4,8.407,9.056198023399082,649.198023399082
189.41,8.406,9.056152060126337,650.1520601263362
189.42,8.405,9.05610609685359,651.1060968535904
189.43,8.404,9.056060133580845,652.0601335808446
189.44,8.402,9.056014170308098,654.0141703080984
189.45,8.401,9.055968207035352,654.9682070353526
189.46,8.4,9.05600297454108,656.0029745410798
189.47,8.399,9.056049437946486,657.0494379464868
189.48,8.398,9.056095901351894,658.0959013518939
189.49,8.397,9.0561423647573,659.1423647572991
189.5,8.396,9.056188828162705,660.1888281627045
189.51,8.395,9.05622401211808,661.2240121180797
189.52,8.394,9.056178061161331,662.178061161331
189.53,8.392,9.056132110204585,664.1321102045854
189.54,8.392,9.056086159247837,664.0861592478373
189.55,8.391,9.056040208291089,665.0402082910887
189.56,8.39,9.055994257334342,665.9942573343418
189.57,8.388,9.055982554966697,667.9825549666969
189.58,8.387,9.056029005820736,669.029005820736
189.59,8.387,9.056075456674774,669.0754566747738
189.6,8.385,9.056121907528814,671.1219075288142
189.61,8.384,9.056168358382852,672.1683583828515
189.62,8.384,9.056214809236891,672.2148092368911
189.63,8.383,9.05620404845548,673.2040484554816
189.64,8.382,9.056158109811578,674.1581098115787
189.65,8.381,9.056112171167678,675.1121711676777
189.66,8.38,9.056066232523778,676.0662325237768
189.67,8.379,9.056020293879877,677.0202938798775
189.68,8.378,9.055974355235975,677.9743552359747
189.69,8.377,9.056008584947843,679.0085849478427
189.7,8.376,9.05605502325375,680.0550232537503
189.71,8.375,9.056101461559654,681.1014615596545
189.72,8.374,9.056147899865561,682.1478998655604
189.73,8.373,9.056194338171466,683.1943381714663
189.74,8.372,9.05623002201401,684.2300220140096
189.75,8.371,9.056184095679805,685.184095679805
189.76,8.37,9.0561381693456,686.1381693456003
189.77,8.37,9.056092243011395,686.0922430113962
189.78,8.369,9.05604631667719,687.0463166771899
189.79,8.368,9.056000390342986,688.0003903429852
189.8,8.367,9.055988175323412,688.988175323411
189.81,8.366,9.056034601084416,690.0346010844167
189.82,8.365,9.05608102684542,691.0810268454206
189.83,8.365,9.056127452606425,691.1274526064251
189.84,8.365,9.05617387836743,691.1738783674296
189.85,8.365,9.056220304128432,691.2203041284322
189.86,8.365,9.056210067814483,691.2100678144828
189.87,8.364,9.056164153786824,692.1641537868232
189.88,8.364,9.056118239759167,692.118239759166
189.89,8.364,9.056072325731508,692.0723257315071
189.9,8.364,9.056026411703849,692.0264117038481
189.91,8.364,9.05598049767619,691.9804976761892
189.92,8.364,9.056014190162374,692.0141901623733
189.93,8.365,9.05606060338171,691.0606033817093
189.94,8.365,9.056107016601045,691.1070166010447
189.95,8.365,9.05615342982038,691.1534298203801
189.96,8.366,9.056199843039716,690.199843039716
189.97,8.366,9.05623602622084,690.2360262208412
189.98,8.366,9.056190124496581,690.1901244965813
189.99,8.367,9.05614422277232,689.1442227723186
190.0,8.367,9.056098321048058,689.098321048057
190.01,8.367,9.056052419323796,689.0524193237954
190.02,8.368,9.056006517599535,688.0065175995345
190.03,8.368,9.05599379048323,687.9937904832296
190.04,8.368,9.056040191164128,688.0401911641272
190.05,8.367,9.056086591845027,689.086591845026
190.06,8.367,9.056132992525926,689.1329925259253
190.07,8.366,9.056179393206824,690.1793932068241
190.08,8.365,9.056225793887723,691.2257938877228
190.09,8.365,9.056216081480098,691.2160814800981
190.1,8.365,9.056170192056086,691.1701920560862
190.11,8.364,9.056124302632075,692.1243026320737
190.12,8.364,9.056078413208065,692.0784132080637
190.13,8.363,9.056032523784053,693.0325237840531
190.14,8.363,9.05598663436004,692.9866343600413
190.15,8.363,9.056019790188286,693.0197901882859
190.16,8.363,9.056066178333976,693.0661783339768
190.17,8.363,9.056112566479667,693.1125664796677
190.18,8.362,9.056158954625358,694.1589546253581
190.19,8.361,9.056205342771051,695.2053427710503
190.2,8.36,9.056242024742595,696.2420247425953
190.21,8.36,9.056196147615688,696.196147615689
190.22,8.359,9.05615027048878,697.1502704887804
190.23,8.359,9.056104393361872,697.1043933618723
190.24,8.358,9.056058516234964,698.0585162349637
190.25,8.357,9.056012639108056,699.0126391080569
190.26,8.357,9.055999400449785,698.999400449786
190.27,8.357,9.0560457760635,699.0457760635014
190.28,8.356,9.056092151677214,700.0921516772145
190.29,8.355,9.05613852729093,701.1385272909295
190.3,8.355,9.056184902904645,701.1849029046449
190.31,8.355,9.056231278518359,701.2312785183585
190.32,8.354,9.056222089456353,702.2220894563542
190.33,8.354,9.056176224623403,702.176224623404
190.34,8.353,9.056130359790455,703.130359790455
190.35,8.353,9.056084494957505,703.0844949575048
190.36,8.353,9.056038630124554,703.0386301245546
190.37,8.352,9.055992765291606,703.9927652916056
190.38,8.351,9.056025385029214,705.025385029213
190.39,8.35,9.05607174811418,706.0717481141801
190.4,8.349,9.056118111199146,707.1181111991453
190.41,8.348,9.056164474284113,708.1644742841124
190.42,8.347,9.056210837369079,709.2108373690795
190.43,8.346,9.056248017583304,710.2480175833036
190.44,8.345,9.056202165041167,711.2021650411666
190.45,8.343,9.05615631249903,713.1563124990307
190.46,8.342,9.056110459956894,714.1104599568937
190.47,8.341,9.056064607414758,715.0646074147584
190.48,8.339,9.056018754872623,717.0187548726226
190.49,8.339,9.056005005226725,717.0050052267243
190.5,8.337,9.056051355786172,719.0513557861724
190.51,8.336,9.056097706345618,720.0977063456176
190.52,8.335,9.056144056905064,721.1440569050627
190.53,8.334,9.05619040746451,722.1904074645096
190.54,8.333,9.056236758023955,723.2367580239547
190.55,8.332,9.056228091747295,724.2280917472943
190.56,8.331,9.05618225149283,725.1822514928303
190.57,8.33,9.056136411238363,726.1364112383628
190.58,8.329,9.056090570983896,727.0905709838953
190.59,8.327,9.05604473072943,729.0447307294307
190.6,8.326,9.055998890474964,729.9988904749632
190.61,8.325,9.05603097468881,731.0309746888101
190.62,8.324,9.05607731272596,732.077312725961
190.63,8.322,9.056123650763114,734.1236507631148
190.64,8.321,9.056169988800267,735.1699888002674
190.65,8.319,9.056216326837419,737.2163268374177
190.66,8.318,9.05625400474701,738.2540047470112
190.67,8.317,9.056208176777073,739.2081767770726
190.68,8.316,9.056162348807133,740.1623488071323
190.69,8.315,9.056116520837195,741.1165208371955
190.7,8.314,9.056070692867257,742.0706928672569
190.71,8.312,9.056024864897319,744.0248648973195
190.72,8.312,9.056010604817711,744.0106048177117
190.73,8.31,9.056056930335796,746.0569303357953
190.74,8.308,9.056103255853882,748.1032558538825
190.75,8.307,9.056149581371967,749.1495813719666
190.76,8.306,9.056195906890053,750.1959068900543
190.77,8.305,9.056242232408138,751.2422324081385
190.78,8.304,9.056234088356984,752.2340883569835
190.79,8.303,9.056188272668432,753.1882726684316
190.8,8.302,9.056142456979881,754.1424569798813
190.81,8.301,9.05609664129133,755.0966412913293
190.82,8.299,9.056050825602776,757.0508256027769
190.83,8.298,9.056005009914225,758.0050099142248
190.84,8.297,9.056036559170744,759.0365591707435
190.85,8.297,9.056082872172988,759.0828721729874
190.86,8.297,9.056129185175232,759.1291851752313
190.87,8.297,9.056175498177478,759.175498177477
190.88,8.297,9.056221811179721,759.2218111797208
190.89,8.297,9.056259986237789,759.2599862377884
190.9,8.298,9.056214182827484,758.2141828274836
190.91,8.298,9.056168379417178,758.1683794171781
190.92,8.298,9.056122576006873,758.1225760068726
190.93,8.298,9.056076772596569,758.076772596569
190.94,8.299,9.056030969186263,757.030969186264
190.95,8.299,9.056016199226432,757.0161992264328
190.96,8.299,9.05606249971606,757.06249971606
190.97,8.3,9.056108800205685,756.1088002056841
190.98,8.3,9.056155100695312,756.1551006953114
190.99,8.3,9.05620140118494,756.2014011849385
191.0,8.3,9.056247701674565,756.2477016745639
191.01,8.301,9.056240079289507,755.2400792895071
191.02,8.301,9.056194288154309,755.1942881543088
191.03,8.301,9.05614849701911,755.1484970191104
191.04,8.301,9.056102705883912,755.1027058839121
191.05,8.302,9.056056914748714,754.0569147487143
191.06,8.302,9.056011123613516,754.011123613516
191.07,8.302,9.056042138478714,754.0421384787148
191.08,8.302,9.056088426458947,754.0884264589475
191.09,8.301,9.05613471443918,755.1347144391798
191.1,8.301,9.056181002419413,755.1810024194126
191.11,8.3,9.056227290399647,756.2272903996466
191.12,8.3,9.056265962059724,756.2659620597234
191.13,8.299,9.056220183196494,757.2201831964946
191.14,8.299,9.056174404333266,757.1744043332665
191.15,8.298,9.056128625470038,758.1286254700377
191.16,8.298,9.056082846606808,758.0828466068077
191.17,8.297,9.05603706774358,759.037067743579
191.18,8.296,9.056021788456588,760.021788456589
191.19,8.296,9.05606806393065,760.0680639306514
191.2,8.296,9.056114339404713,760.1143394047139
191.21,8.295,9.056160614878774,761.1606148787739
191.22,8.295,9.056206890352836,761.2068903528364
191.23,8.295,9.056253165826899,761.2531658268988
191.24,8.294,9.056246064548958,762.2460645489575
191.25,8.294,9.056200297954563,762.2002979545623
191.26,8.294,9.056154531360166,762.1545313601654
191.27,8.294,9.056108764765769,762.1087647657685
191.28,8.293,9.056062998171374,763.0629981713746
191.29,8.292,9.056017231576977,764.0172315769771
191.3,8.292,9.056047712616424,764.0477126164242
191.31,8.292,9.056093975587537,764.0939755875369
191.32,8.291,9.05614023855865,765.140238558649
191.33,8.291,9.056186501529762,765.1865015297617
191.34,8.29,9.056232764500873,766.2327645008737
191.35,8.289,9.056271932216916,767.2719322169162
191.36,8.289,9.056226177888217,767.226177888217
191.37,8.289,9.056180423559516,767.1804235595162
191.38,8.289,9.056134669230817,767.1346692308169
191.39,8.288,9.056088914902116,768.0889149021154
191.4,8.287,9.056043160573417,769.0431605734158
191.41,8.286,9.0560273725119,770.0273725119011
191.42,8.285,9.056073622983284,771.0736229832839
191.43,8.283,9.056119873454668,773.1198734546681
191.44,8.281,9.056166123926051,775.1661239260503
191.45,8.28,9.056212374397434,776.2123743974349
191.46,8.28,9.056258624868818,776.2586248688184
191.47,8.279,9.056252044139448,777.2520441394483
191.48,8.277,9.05620630207331,779.2063020733107
191.49,8.276,9.056160560007172,780.1605600071717
191.5,8.275,9.056114817941033,781.1148179410328
191.51,8.274,9.056069075874895,782.0690758748956
191.52,8.273,9.056023333808756,783.0233338087567
191.53,8.272,9.056053281587591,784.0532815875907
191.54,8.27,9.056099519562466,786.0995195624661
191.55,8.269,9.05614575753734,787.1457575373402
191.56,8.268,9.056191995512215,788.1919955122144
191.57,8.267,9.056238233487088,789.2382334870885
191.58,8.266,9.056277896713476,790.2778967134765
191.59,8.265,9.056232166906765,791.2321669067647
191.6,8.263,9.056186437100056,793.1864371000561
191.61,8.262,9.056140707293345,794.1407072933443
191.62,8.261,9.056094977486634,795.0949774866344
191.63,8.26,9.056049247679924,796.0492476799245
191.64,8.258,9.056032951396094,798.0329513960953
191.65,8.257,9.05607917687768,799.0791768776795
191.66,8.256,9.056125402359264,800.1254023592637
191.67,8.255,9.056171627840849,801.1716278408478
191.68,8.254,9.056217853322433,802.2178533224338
191.69,8.253,9.056264078804016,803.2640788040162
191.7,8.252,9.056258018065101,804.2580180651005
191.71,8.251,9.056212300514686,805.212300514686
191.72,8.25,9.05616658296427,806.1665829642699
191.73,8.249,9.056120865413854,807.1208654138537
191.74,8.247,9.056075147863439,809.0751478634388
191.75,8.246,9.056029430313023,810.0294303130227
191.76,8.244,9.056058845395949,812.0588453959492
191.77,8.243,9.056105058387462,813.1050583874621
191.78,8.242,9.056151271378974,814.1512713789733
191.79,8.24,9.056197484370488,816.1974843704876
191.8,8.239,9.056243697362001,817.2436973620005
191.81,8.238,9.056283855553534,818.2838555535347
191.82,8.237,9.056238150256283,819.2381502562824
191.83,8.236,9.05619244495903,820.1924449590301
191.84,8.236,9.056146739661779,820.1467396617783
191.85,8.235,9.056101034364527,821.1010343645278
191.86,8.235,9.056055329067275,821.0553290672759
191.87,8.234,9.056038525112921,822.0385251129212
191.88,8.234,9.056084725617579,822.0847256175787
191.89,8.233,9.056130926122238,823.1309261222375
191.9,8.232,9.056177126626896,824.1771266268962
191.91,8.232,9.056223327131555,824.2233271315556
191.92,8.233,9.056269527636212,823.2695276362118
191.93,8.233,9.056263986330062,823.2639863300619
191.94,8.234,9.056218293282845,822.2182932828446
191.95,8.234,9.056172600235627,822.1726002356266
191.96,8.234,9.056126907188407,822.126907188407
191.97,8.235,9.056081214141189,821.0812141411897
191.98,8.235,9.056035521093971,821.0355210939717
191.99,8.235,9.056064404045259,821.0644040452593
192.0,8.235,9.056110592066279,821.1105920662795
192.01,8.236,9.056156780087298,820.1567800872969
192.02,8.236,9.056202968108318,820.2029681083171
192.03,8.236,9.056249156129336,820.2491561293357
192.04,8.237,9.056289808741239,819.2898087412389
192.05,8.237,9.056244127940925,819.2441279409248
192.06,8.237,9.05619844714061,819.1984471406091
192.07,8.238,9.056152766340295,818.1527663402957
192.08,8.238,9.05610708553998,818.10708553998
192.09,8.237,9.056061404739665,819.0614047396654
192.1,8.237,9.056044093666147,819.0440936661468
192.11,8.237,9.056090269206743,819.0902692067432
192.12,8.237,9.05613644474734,819.1364447473397
192.13,8.237,9.056182620287936,819.1826202879362
192.14,8.237,9.056228795828533,819.2287958285327
192.15,8.237,9.05627497136913,819.2749713691292
192.16,8.237,9.056269948938487,819.2699489384871
192.17,8.237,9.056224280381949,819.2242803819489
192.18,8.238,9.056178611825409,818.1786118254095
192.19,8.237,9.056132943268869,819.132943268869
192.2,8.237,9.05608727471233,819.0872747123308
192.21,8.237,9.056041606155791,819.0416061557908
192.22,8.237,9.05606995753928,819.0699575392806
192.23,8.236,9.056116120602669,820.1161206026679
192.24,8.236,9.056162283666056,820.1622836660558
192.25,8.236,9.056208446729443,820.2084467294419
192.26,8.237,9.05625460979283,819.2546097928304
192.27,8.237,9.056295756280745,819.2957562807451
192.28,8.236,9.056250099964855,820.2500999648539
192.29,8.236,9.056204443648964,820.2044436489633
192.3,8.236,9.056158787333072,820.1587873330709
192.31,8.236,9.056113131017181,820.1131310171803
192.32,8.235,9.05606747470129,821.067474701291
192.33,8.236,9.056049657059546,820.0496570595454
192.34,8.235,9.056095807648937,821.0958076489376
192.35,8.236,9.056141958238328,820.1419582383273
192.36,8.235,9.05618810882772,821.1881088277213
192.37,8.235,9.056234259417112,821.2342594171123
192.38,8.235,9.056280410006504,821.280410006505
192.39,8.235,9.056275905894543,821.2759058945434
192.4,8.234,9.056230261816175,822.2302618161752
192.41,8.234,9.056184617737806,822.1846177378059
192.42,8.233,9.056138973659436,823.1389736594359
192.43,8.232,9.056093329581069,824.0933295810695
192.44,8.231,9.0560476855027,825.0476855026996
192.45,8.23,9.056075505881799,826.0755058817981
192.46,8.229,9.056121644000408,827.1216440004085
192.47,8.229,9.056167782119015,827.167782119016
192.48,8.228,9.056213920237623,828.2139202376229
192.49,8.227,9.056260058356232,829.2600583562315
192.5,8.226,9.056301698176224,830.301698176223
192.51,8.227,9.056256066332253,829.2560663322525
192.52,8.227,9.056210434488282,829.2104344882816
192.53,8.228,9.056164802644311,828.1648026443112
192.54,8.228,9.05611917080034,828.1191708003402
192.55,8.229,9.056073538956367,827.0735389563679
192.56,8.229,9.05605521529691,827.0552152969107
192.57,8.23,9.056101340947947,826.1013409479467
192.58,8.23,9.056147466598983,826.1474665989823
192.59,8.231,9.05619359225002,825.1935922500202
192.6,8.231,9.056239717901056,825.2397179010558
192.61,8.231,9.056285843552093,825.2858435520931
192.62,8.232,9.056281857202412,824.2818572024131
192.63,8.232,9.056236237589715,824.2362375897159
192.64,8.233,9.056190617977018,823.1906179770174
192.65,8.233,9.05614499836432,823.1449983643201
192.66,8.233,9.056099378751624,823.099378751623
192.67,8.234,9.056053759138926,822.0537591389264
192.68,8.234,9.05608104907661,822.0810490766102
192.69,8.235,9.056127162263286,821.1271622632861
192.7,8.235,9.056173275449959,821.1732754499596
192.71,8.235,9.056219388636634,821.219388636635
192.72,8.236,9.05626550182331,820.2655018233091
192.73,8.236,9.056307634431866,820.3076344318649
192.74,8.237,9.056262027047318,819.2620270473175
192.75,8.237,9.056216419662771,819.2164196627712
192.76,8.238,9.056170812278225,818.1708122782254
192.77,8.238,9.056125204893679,818.1252048936791
192.78,8.239,9.05607959750913,817.0795975091298
192.79,8.239,9.056060768382054,817.0607683820527
192.8,8.24,9.056106869107577,816.1068691075766
192.81,8.24,9.0561529698331,816.1529698330999
192.82,8.24,9.056199070558623,816.199070558623
192.83,8.241,9.056245171284147,815.2451712841469
192.84,8.241,9.05629127200967,815.2912720096701
192.85,8.242,9.056287802866299,814.2878028662981
192.86,8.243,9.05624220770678,813.2422077067805
192.87,8.243,9.056196612547263,813.1966125472622
192.88,8.243,9.056151017387746,813.1510173877459
192.89,8.243,9.056105422228228,813.1054222282277
192.9,8.242,9.05605982706871,814.059827068709
192.91,8.242,9.05608658712752,814.0865871275196
192.92,8.242,9.056132675395101,814.1326753951006
192.93,8.242,9.05617876366268,814.1787636626798
192.94,8.242,9.05622485193026,814.2248519302591
192.95,8.241,9.05627094019784,815.2709401978395
192.96,8.242,9.056313565051864,814.3135650518634
192.97,8.241,9.056267982114255,815.2679821142552
192.98,8.241,9.056222399176646,815.2223991766458
192.99,8.241,9.056176816239036,815.1768162390365
193.0,8.241,9.056131233301427,815.1312333014271
193.01,8.24,9.056085650363817,816.0856503638172
193.02,8.24,9.056066316318786,816.0663163187855
193.03,8.24,9.056112392131629,816.1123921316289
193.04,8.24,9.056158467944472,816.1584679444722
193.05,8.239,9.056204543757316,817.204543757315
193.06,8.239,9.056250619570159,817.2506195701583
193.07,8.239,9.056296695383002,817.2966953830016
193.08,8.239,9.0562937428904,817.2937428903992
193.09,8.238,9.056248172171578,818.2481721715789
193.1,8.238,9.056202601452757,818.2026014527572
193.11,8.238,9.056157030733935,818.1570307339357
193.12,8.238,9.056111460015114,818.1114600151141
193.13,8.237,9.056065889296292,819.0658892962919
193.14,8.237,9.056092120038345,819.092120038345
193.15,8.237,9.056138183399659,819.1381833996587
193.16,8.237,9.056184246760973,819.1842467609724
193.17,8.237,9.056230310122286,819.2303101222863
193.18,8.236,9.0562763734836,820.2763734835994
193.19,8.236,9.05631949004042,820.3194900404185
193.2,8.236,9.056273931537266,820.2739315372653
193.21,8.235,9.056228373034115,821.2283730341152
193.22,8.235,9.056182814530963,821.1828145309639
193.23,8.235,9.056137256027812,821.1372560278126
193.24,8.234,9.05609169752466,822.0916975246606
193.25,8.234,9.05607185911092,822.0718591109204
193.26,8.233,9.056117910023909,823.1179100239085
193.27,8.233,9.056163960936898,823.1639609368973
193.28,8.233,9.056210011849888,823.2100118498877
193.29,8.232,9.056256062762877,824.2560627628777
193.3,8.232,9.056302113675866,824.3021136758664
193.31,8.231,9.056299677278913,825.2996772789131
193.32,8.231,9.056254130988313,825.2541309883128
193.33,8.231,9.056208584697712,825.2085846977125
193.34,8.231,9.056163038407112,825.163038407112
193.35,8.231,9.056117492116512,825.1174921165116
193.36,8.231,9.056071945825911,825.0719458259113
193.37,8.231,9.056097647812884,825.0976478128838
193.38,8.231,9.056143686280754,825.1436862807537
193.39,8.231,9.056189724748622,825.189724748622
193.4,8.231,9.05623576321649,825.2357632164901
193.41,8.231,9.05628180168436,825.2818016843602
193.42,8.231,9.056325409401714,825.3254094017137
193.43,8.232,9.056279875320547,824.2798753205474
193.44,8.232,9.05623434123938,824.2343412393805
193.45,8.232,9.056188807158211,824.1888071582117
193.46,8.233,9.056143273077044,823.1432730770437
193.47,8.233,9.056097738995877,823.0977389958766
193.48,8.233,9.056077396762248,823.0773967622475
193.49,8.234,9.056123422788199,822.1234227881986
193.5,8.234,9.056169448814149,822.1694488141491
193.51,8.235,9.056215474840101,821.2154748401019
193.52,8.235,9.056261500866052,821.2615008660524
193.53,8.235,9.056307526892002,821.3075268920029
193.54,8.236,9.056305606036007,820.3056060360066
193.55,8.236,9.056260084161154,820.2600841611538
193.56,8.236,9.056214562286302,820.2145622863011
193.57,8.237,9.056169040411449,819.1690404114489
193.58,8.237,9.056123518536596,819.1235185365962
193.59,8.237,9.056077996661742,819.0779966617416
193.6,8.238,9.056103170454884,818.1031704548847
193.61,8.239,9.056149184042118,817.1491840421172
193.62,8.239,9.05619519762935,817.1951976293492
193.63,8.24,9.056241211216584,816.2412112165836
193.64,8.241,9.056287224803818,815.2872248038179
193.65,8.242,9.056331323139865,814.3313231398644
193.66,8.243,9.056285813468207,813.285813468207
193.67,8.244,9.056240303796548,812.240303796548
193.68,8.245,9.056194794124888,811.194794124889
193.69,8.246,9.056149284453229,810.1492844532281
193.7,8.247,9.056103774781569,809.103774781569
193.71,8.248,9.056082929276437,808.0829292764378
193.72,8.249,9.05612893042815,807.1289304281493
193.73,8.249,9.056174931579863,807.174931579862
193.74,8.25,9.056220932731575,806.2209327315752
193.75,8.25,9.056266933883288,806.266933883288
193.76,8.251,9.056312935035,805.3129350350013
193.77,8.251,9.056311529165681,805.3115291656816
193.78,8.252,9.056266031694092,804.266031694091
193.79,8.252,9.056220534222502,804.2205342225018
193.8,8.253,9.056175036750913,803.1750367509129
193.81,8.253,9.056129539279324,803.1295392793236
193.82,8.254,9.056084041807734,802.0840418077348
193.83,8.254,9.056108687967845,802.108687967845
193.84,8.255,9.05615467668723,801.1546766872293
193.85,8.255,9.056200665406616,801.2006654066148
193.86,8.256,9.056246654126003,800.2466541260027
193.87,8.255,9.056292642845388,801.2926428453877
193.88,8.255,9.056337231258693,801.3372312586923
193.89,8.254,9.056291745984044,802.2917459840446
193.9,8.254,9.056246260709395,802.2462607093956
193.91,8.255,9.056200775434744,801.2007754347437
193.92,8.254,9.056155290160095,802.1552901600959
193.93,8.253,9.056109804885446,803.1098048854464
193.94,8.251,9.056088456656749,805.0884566567494
193.95,8.25,9.056134432946996,806.1344329469957
193.96,8.249,9.056180409237243,807.1804092372421
193.97,8.248,9.05622638552749,808.2263855274903
193.98,8.248,9.056272361817737,808.2723618177372
193.99,8.247,9.056318338107983,809.3183381079835
194.0,8.247,9.056317446671452,809.3174466714519
194.01,8.247,9.056271973590604,809.2719735906044
194.02,8.247,9.056226500509753,809.2265005097535
194.03,8.248,9.056181027428904,808.1810274289047
194.04,8.249,9.056135554348055,807.1355543480543
194.05,8.249,9.056090081267206,807.090081267205
194.06,8.25,9.056114200354621,806.1142003546208
194.07,8.25,9.056160164218909,806.1601642189089
194.08,8.251,9.056206128083197,805.2061280831974
194.09,8.251,9.056252091947485,805.2520919474855
194.1,8.252,9.056298055811775,804.298055811774
194.11,8.252,9.056343133761287,804.3431337612858
194.12,8.252,9.056297672871084,804.2976728710834
194.13,8.252,9.056252211980883,804.2522119808826
194.14,8.252,9.05620675109068,804.2067510906801
194.15,8.252,9.056161290200478,804.1612902004775
194.16,8.253,9.056115829310277,803.1158293102774
194.17,8.254,9.056093978905462,802.0939789054627
194.18,8.254,9.056139930346962,802.1399303469625
194.19,8.254,9.056185881788462,802.1858817884624
194.2,8.255,9.056231833229962,801.231833229961
194.21,8.256,9.056277784671462,800.2777846714615
194.22,8.256,9.05632373611296,800.3237361129596
194.23,8.257,9.056323358555682,799.3233585556823
194.24,8.258,9.056277909852959,798.2779098529597
194.25,8.258,9.056232461150234,798.2324611502349
194.26,8.259,9.05618701244751,797.1870124475089
194.27,8.26,9.056141563744784,796.1415637447847
194.28,8.26,9.056096115042061,796.0961150420616
194.29,8.261,9.056119707616613,795.1197076166138
194.3,8.262,9.056165646638483,794.1656466384827
194.31,8.262,9.056211585660352,794.2115856603511
194.32,8.263,9.056257524682222,793.2575246822217
194.33,8.264,9.05630346370409,792.3034637040906
194.34,8.264,9.056349030649116,792.3490306491168
194.35,8.265,9.056303594130679,791.3035941306781
194.36,8.266,9.056258157612241,790.2581576122411
194.37,8.267,9.056212721093805,789.2127210938061
194.38,8.267,9.056167284575368,789.1672845753685
194.39,8.268,9.056121848056932,788.1218480569316
194.4,8.268,9.056099496022915,788.0994960229142
194.41,8.268,9.056145422628298,788.145422628297
194.42,8.269,9.056191349233682,787.191349233682
194.43,8.269,9.056237275839065,787.2372758390646
194.44,8.27,9.05628320244445,786.2832024444497
194.45,8.27,9.056329129049832,786.3291290498324
194.46,8.27,9.056329264818583,786.3292648185834
194.47,8.27,9.056283840481221,786.2838404812215
194.48,8.271,9.05623841614386,785.2384161438586
194.49,8.271,9.056192991806498,785.1929918064968
194.5,8.271,9.056147567469136,785.1475674691351
194.51,8.272,9.056102143131774,784.1021431317738
194.52,8.272,9.056125209752762,784.1252097527622
194.53,8.273,9.056171123944791,783.1711239447916
194.54,8.273,9.05621703813682,783.2170381368204
194.55,8.274,9.056262952328849,782.2629523288498
194.56,8.274,9.05630886652088,782.3088665208804
194.57,8.275,9.056354780712908,781.354780712908
194.58,8.275,9.056309509761526,781.3095097615256
194.59,8.275,9.056264097602003,781.2640976020031
194.6,8.276,9.05621868544248,780.218685442481
194.61,8.276,9.056173273282958,780.1732732829585
194.62,8.276,9.056127861123436,780.1278611234359
194.63,8.277,9.056105008006545,779.1050080065461
194.64,8.277,9.05615090978834,779.1509097883402
194.65,8.277,9.056196811570134,779.1968115701344
194.66,8.277,9.056242713351926,779.2427133519268
194.67,8.278,9.05628861513372,778.2886151337199
194.68,8.278,9.056334516915513,778.3345169155123
194.69,8.278,9.056335165457352,778.3351654573512
194.7,8.279,9.056289765472409,777.2897654724087
194.71,8.279,9.056244365487464,777.2443654874639
194.72,8.279,9.05619896550252,777.1989655025209
194.73,8.279,9.056153565517576,777.1535655175761
194.74,8.28,9.056108165532633,776.1081655326336
194.75,8.28,9.0561307067588,776.130706758801
194.76,8.28,9.056176596133465,776.1765961334656
194.77,8.28,9.056222485508128,776.2224855081286
194.78,8.281,9.056268374882793,775.2683748827919
194.79,8.281,9.056314264257455,775.3142642574549
194.8,8.282,9.05636015363212,774.36015363212
194.81,8.282,9.056315419759088,774.3154197590876
194.82,8.283,9.056270031945443,773.2700319454437
194.83,8.283,9.056224644131799,773.2246441317993
194.84,8.284,9.056179256318154,772.1792563181538
194.85,8.284,9.05613386850451,772.1338685045093
194.86,8.284,9.056110514850491,772.1105148504907
194.87,8.285,9.056156391821126,771.1563918211261
194.88,8.285,9.056202268791761,771.2022687917611
194.89,8.286,9.056248145762394,770.2481457623946
194.9,8.287,9.056294022733029,769.2940227330282
194.91,8.287,9.056339899703664,769.3398997036631
194.92,8.287,9.056341060465947,769.3410604659458
194.93,8.288,9.056295684820306,768.2956848203055
194.94,8.288,9.056250309174667,768.2503091746664
194.95,8.289,9.056204933529026,767.2049335290261
194.96,8.289,9.056159557883387,767.1595578833869
194.97,8.29,9.056114182237746,766.1141822377466
194.98,8.29,9.056136198627312,766.1361986273132
194.99,8.291,9.056182063197012,765.1820631970114
195.0,8.291,9.056227927766711,765.2279277667109
195.01,8.291,9.05627379233641,765.2737923364103
195.02,8.292,9.05631965690611,764.3196569061104
195.03,8.292,9.05636552147581,764.3655214758098
195.04,8.292,9.05632132411586,764.3213241158602
195.05,8.294,9.056275960634915,762.2759606349146
195.06,8.295,9.056230597153968,761.2305971539683
195.07,8.297,9.056185233673023,759.1852336730227
195.08,8.298,9.056139870192078,758.1398701920783
195.09,8.299,9.056116016546122,757.1160165461226
195.1,8.3,9.056161868717986,756.1618687179852
195.11,8.301,9.05620772088985,755.2077208898495
195.12,8.302,9.056253573061714,754.253573061714
195.13,8.303,9.056299425233576,753.2994252335748
195.14,8.304,9.05634527740544,752.3452774054391
195.15,8.305,9.056346949835879,751.3469498358792
195.16,8.305,9.056301598516313,751.3015985163136
195.17,8.305,9.056256247196748,751.2562471967481
195.18,8.306,9.05621089587718,750.2108958771814
195.19,8.306,9.056165544557615,750.1655445576158
195.2,8.307,9.05612019323805,749.1201932380491
195.21,8.307,9.056141685348765,749.1416853487642
195.22,8.308,9.056187525125893,748.1875251258928
195.23,8.309,9.056233364903022,747.2333649030229
195.24,8.31,9.05627920468015,746.2792046801496
195.25,8.31,9.05632504445728,746.3250444572793
195.26,8.31,9.056370884234408,746.3708842344072
195.27,8.311,9.056327222822631,745.327222822631
195.28,8.311,9.056281883661127,745.2818836611268
195.29,8.312,9.056236544499624,744.2365444996249
195.3,8.312,9.05619120533812,744.1912053381205
195.31,8.312,9.056145866176617,744.145866176618
195.32,8.313,9.056121513083431,743.1215130834303
195.33,8.313,9.056167340468935,743.1673404689345
195.34,8.314,9.056213167854441,742.213167854441
195.35,8.314,9.056258995239945,742.2589952399452
195.36,8.314,9.056304822625451,742.3048226254512
195.37,8.315,9.056350650010955,741.3506500109559
195.38,8.316,9.056352833557687,740.3528335576866
195.39,8.316,9.056307506550931,740.3075065509306
195.4,8.316,9.056262179544177,740.2621795441764
195.41,8.317,9.056216852537421,739.216852537421
195.42,8.317,9.056171525530665,739.171525530665
195.43,8.317,9.05612619852391,739.126198523909
195.44,8.318,9.056147166913124,738.1471669131248
195.45,8.319,9.056192981910131,737.1929819101304
195.46,8.319,9.056238796907136,737.2387969071355
195.47,8.32,9.056284611904143,736.2846119041428
195.48,8.32,9.056330426901148,736.3304269011479
195.49,8.321,9.056376241898153,735.3762418981536
195.5,8.321,9.056333115870078,735.3331158700787
195.51,8.322,9.056287801014763,734.287801014764
195.52,8.322,9.05624248615945,734.2424861594506
195.53,8.323,9.056197171304134,733.1971713041341
195.54,8.323,9.056151856448821,733.1518564488206
195.55,8.323,9.056127004452703,733.1270044527027
195.56,8.323,9.056172807064348,733.1728070643475
195.57,8.324,9.056218609675994,732.2186096759946
195.58,8.324,9.056264412287641,732.2644122876411
195.59,8.325,9.056310214899286,731.3102148992865
195.6,8.325,9.056356017510932,731.356017510933
195.61,8.326,9.056358711622591,730.3587116225909
195.62,8.326,9.05631340891542,730.3134089154195
195.63,8.327,9.05626810620825,729.2681062082504
195.64,8.327,9.056222803501079,729.222803501079
195.65,8.328,9.056177500793908,728.1775007939082
195.66,8.328,9.056132198086736,728.1321980867368
195.67,8.329,9.056152643311457,727.1526433114559
195.68,8.329,9.056198433540898,727.198433540897
195.69,8.329,9.056244223770339,727.2442237703381
195.7,8.329,9.056290013999778,727.2900139997773
195.71,8.33,9.056335804229219,726.335804229219
195.72,8.33,9.05638159445866,726.3815944586601
195.73,8.331,9.056339003250311,725.339003250312
195.74,8.331,9.056293712687998,725.2937126879981
195.75,8.331,9.056248422125684,725.2484221256843
195.76,8.332,9.05620313156337,724.2031315633692
195.77,8.332,9.056157841001056,724.1578410010554
195.78,8.333,9.056132490645947,723.1324906459466
195.79,8.333,9.056178268496355,723.1782684963548
195.8,8.333,9.056224046346765,723.2240463467647
195.81,8.333,9.056269824197173,723.2698241971729
195.82,8.334,9.056315602047581,722.3156020475816
195.83,8.335,9.05636137989799,721.3613798979885
195.84,8.336,9.056364584023749,720.3645840237484
195.85,8.336,9.05631930560302,720.3193056030202
195.86,8.336,9.056274027182292,720.2740271822918
195.87,8.336,9.056228748761564,720.2287487615636
195.88,8.336,9.056183470340835,720.1834703408351
195.89,8.335,9.056138191920107,721.1381919201064
195.9,8.335,9.056158114537023,721.1581145370225
195.91,8.336,9.056203880011587,720.2038800115869
195.92,8.336,9.056249645486153,720.2496454861524
195.93,8.337,9.056295410960717,719.2954109607168
195.94,8.338,9.056341176435282,718.3411764352829
195.95,8.338,9.056386941909846,718.3869419098468
195.96,8.339,9.056344884957786,717.3448849577859
195.97,8.339,9.056299618675384,717.2996186753835
195.98,8.34,9.056254352392981,716.2543523929817
195.99,8.34,9.05620908611058,716.209086110581
196.0,8.341,9.056163819828178,715.1638198281792
196.01,8.342,9.056137971657689,714.1379716576886
196.02,8.342,9.056183724759617,714.1837247596161
196.03,8.343,9.056229477861542,713.2294778615425
196.04,8.343,9.056275230963468,713.2752309634682
196.05,8.344,9.056320984065396,712.3209840653964
196.06,8.344,9.056366737167322,712.3667371673221
196.07,8.345,9.056370450756908,711.3704507569079
196.08,8.346,9.05632519660959,710.3251966095901
196.09,8.348,9.05627994246227,708.2799424622692
196.1,8.349,9.05623468831495,707.2346883149496
196.11,8.35,9.05618943416763,706.18943416763
196.12,8.351,9.056144180020311,705.1441800203104
196.13,8.351,9.0561635805858,705.1635805857987
196.14,8.352,9.056209321318308,704.2093213183076
196.15,8.352,9.056255062050816,704.2550620508159
196.16,8.353,9.056300802783324,703.3008027833248
196.17,8.354,9.056346543515833,702.3465435158336
196.18,8.355,9.056392284248341,701.3922842483406
196.19,8.355,9.056350760989673,701.3507609896727
196.2,8.355,9.056305518974204,701.3055189742037
196.21,8.356,9.056260276958733,700.2602769587334
196.22,8.356,9.056215034943264,700.2150349432643
196.23,8.356,9.056169792927793,700.1697929277934
196.24,8.357,9.056143447485214,699.1434474852146
196.25,8.357,9.056189175851538,699.1891758515383
196.26,8.357,9.05623490421786,699.2349042178603
196.27,8.357,9.056280632584183,699.2806325841841
196.28,8.358,9.056326360950505,698.3263609505049
196.29,8.359,9.05637208931683,697.3720893168291
196.3,8.359,9.056376311820523,697.3763118205234
196.31,8.36,9.056331081933685,696.3310819336855
196.32,8.36,9.056285852046845,696.2858520468451
196.33,8.36,9.056240622160006,696.2406221600066
196.34,8.361,9.056195392273167,695.1953922731668
196.35,8.362,9.056150162386329,694.1501623863289
196.36,8.362,9.056169041456444,694.1690414564441
196.37,8.363,9.056214757459827,693.2147574598275
196.38,8.364,9.05626047346321,692.2604734632092
196.39,8.365,9.056306189466593,691.3061894665926
196.4,8.366,9.056351905469976,690.351905469976
196.41,8.367,9.056397621473359,689.3976214733577
196.42,8.367,9.056356631345729,689.3566313457278
196.43,8.369,9.056311413584313,687.3114135843128
196.44,8.37,9.056266195822896,686.2661958228973
196.45,8.371,9.05622097806148,685.22097806148
196.46,8.371,9.056175760300064,685.1757603000639
196.47,8.371,9.056148918128349,685.1489181283483
196.48,8.372,9.056194621772049,684.1946217720487
196.49,8.373,9.056240325415748,683.2403254157491
196.5,8.373,9.056286029059446,683.2860290594472
196.51,8.374,9.056331732703146,682.3317327031457
196.52,8.374,9.056377436346846,682.3774363468456
196.53,8.375,9.05638216721546,681.3821672154603
196.54,8.375,9.056336961576271,681.336961576271
196.55,8.376,9.056291755937083,680.291755937084
196.56,8.376,9.056246550297894,680.2465502978947
196.57,8.377,9.056201344658707,679.2013446587059
196.58,8.377,9.056156139019517,679.1561390195167
196.59,8.377,9.05617449714997,679.1744971499689
196.6,8.378,9.05622018843725,678.2201884372494
196.61,8.379,9.05626587972453,677.2658797245299
196.62,8.379,9.05631157101181,677.3115710118099
196.63,8.38,9.056357262299091,676.3572622990903
196.64,8.38,9.056402953586371,676.4029535863702
196.65,8.381,9.056362496027946,675.3624960279457
196.66,8.381,9.056317302507797,675.3173025077963
196.67,8.381,9.056272108987647,675.272108987647
196.68,8.382,9.056226915467498,674.2269154674982
196.69,8.382,9.056181721947349,674.1817219473489
196.7,8.381,9.056154383589105,675.1543835891046
196.71,8.381,9.056200062523237,675.2000625232366
196.72,8.381,9.056245741457369,675.2457414573687
196.73,8.382,9.056291420391501,674.2914203915013
196.74,8.383,9.056337099325633,673.337099325634
196.75,8.383,9.056382778259765,673.3827782597662
196.76,8.384,9.056388016944625,672.3880169446251
196.77,8.384,9.056342835540338,672.3428355403378
196.78,8.385,9.05629765413605,671.2976541360493
196.79,8.385,9.056252472731762,671.2524727317622
196.8,8.386,9.056207291327473,670.2072913274737
196.81,8.386,9.056162109923186,670.1621099231864
196.82,8.386,9.056179947669316,670.1799476693164
196.83,8.386,9.056225614253576,670.2256142535763
196.84,8.386,9.056271280837837,670.2712808378379
196.85,8.386,9.056316947422099,670.3169474220996
196.86,8.386,9.05636261400636,670.3626140063612
196.87,8.386,9.056408280590622,670.4082805906229
196.88,8.387,9.056368355040076,669.3683550400759
196.89,8.387,9.056323185748479,669.3231857484783
196.9,8.388,9.056278016456881,668.2780164568811
196.91,8.388,9.056232847165283,668.2328471652834
196.92,8.388,9.056187677873686,668.1876778736857
196.93,8.388,9.056159843871152,668.1598438711518
196.94,8.388,9.056205498108826,668.2054981088256
196.95,8.388,9.056251152346498,668.2511523464977
196.96,8.389,9.056296806584172,667.2968065841723
196.97,8.389,9.056342460821844,667.3424608218444
196.98,8.389,9.056388115059518,667.3881150595182
196.99,8.39,9.056393861012442,666.3938610124411
197.0,8.39,9.05634870383037,666.3487038303692
197.01,8.391,9.056303546648298,665.3035466482979
197.02,8.391,9.056258389466226,665.258389466226
197.03,8.391,9.056213232284154,665.2132322841542
197.04,8.392,9.056168075102082,664.1680751020829
197.05,8.392,9.056185393018843,664.1853930188439
197.06,8.392,9.056231034913212,664.2310349132127
197.07,8.393,9.056276676807581,663.2766768075804
197.08,8.394,9.056322318701948,662.322318701948
197.09,8.395,9.056367960596317,661.3679605963174
197.1,8.396,9.056413602490684,660.4136024906833
197.11,8.397,9.056374208387185,659.3742083871846
197.12,8.397,9.05632906331148,659.3290633114801
197.13,8.398,9.056283918235774,658.2839182357745
197.14,8.399,9.05623877316007,657.2387731600707
197.15,8.4,9.056193628084365,656.193628084365
197.16,8.401,9.056165298979396,655.1652989793961
197.17,8.401,9.056210928533746,655.2109285337461
197.18,8.402,9.056256558088098,654.2565580880986
197.19,8.403,9.056302187642448,653.3021876424474
197.2,8.404,9.056347817196798,652.347817196798
197.21,8.405,9.05639344675115,651.3934467511503
197.22,8.406,9.056399699424428,650.3996994244279
197.23,8.407,9.056354566451935,649.3545664519349
197.24,8.408,9.056309433479443,648.3094334794437
197.25,8.408,9.05626430050695,648.2643005069501
197.26,8.409,9.056219167534456,647.2191675344554
197.27,8.41,9.056174034561963,646.1740345619625
197.28,8.412,9.056190833203905,644.1908332039042
197.29,8.412,9.056236450421524,644.2364504215234
197.3,8.412,9.056282067639144,644.2820676391427
197.31,8.412,9.056327684856763,644.3276848567621
197.32,8.412,9.056373302074382,644.3733020743814
197.33,8.412,9.056418919292003,644.4189192920024
197.34,8.412,9.056380056075186,644.3800560751854
197.35,8.412,9.056334935202754,644.3349352027532
197.36,8.413,9.056289814330324,643.2898143303235
197.37,8.413,9.056244693457892,643.2446934578912
197.38,8.413,9.056199572585461,643.1995725854609
197.39,8.413,9.056170748919513,643.1707489195127
197.4,8.414,9.05621635380369,642.2163538036898
197.41,8.413,9.056261958687866,643.2619586878659
197.42,8.413,9.056307563572043,643.3075635720425
197.43,8.414,9.05635316845622,642.3531684562196
197.44,8.414,9.056398773340396,642.3987733403962
197.45,8.414,9.056405532186776,642.4055321867766
197.46,8.414,9.05636042341126,642.3604234112598
197.47,8.414,9.056315314635743,642.3153146357432
197.48,8.414,9.056270205860224,642.2702058602248
197.49,8.414,9.056225097084708,642.2250970847081
197.5,8.414,9.056179988309191,642.1799883091915
197.51,8.414,9.05619626823044,642.1962682304408
197.52,8.415,9.05624186078446,641.2418607844614
197.53,8.415,9.05628745333848,641.2874533384816
197.54,8.415,9.0563330458925,641.3330458925018
197.55,8.415,9.056378638446523,641.3786384465236
197.56,8.415,9.056424231000543,641.4242310005438
197.57,8.414,9.05638589811051,642.3858981105095
197.58,8.415,9.056340801428762,641.3408014287629
197.59,8.415,9.056295704747013,641.295704747014
197.6,8.415,9.056250608065266,641.2506080652669
197.61,8.415,9.056205511383519,641.2055113835198
197.62,8.415,9.056176193697638,641.1761936976391
197.63,8.415,9.056221773924786,641.2217739247872
197.64,8.415,9.056267354151935,641.2673541519354
197.65,8.415,9.056312934379083,641.3129343790836
197.66,8.415,9.056358514606233,641.3585146062335
197.67,8.415,9.05640409483338,641.4040948333817
197.68,8.415,9.056411359306052,641.4113593060531
197.69,8.415,9.05636627471493,641.3662747149314
197.7,8.415,9.05632119012381,641.3211901238114
197.71,8.415,9.05627610553269,641.2761055326914
197.72,8.415,9.056231020941569,641.2310209415697
197.73,8.415,9.056185936350449,641.1859363504498
197.74,8.415,9.056201698104703,641.2016981047035
197.75,8.415,9.056247266008265,641.247266008266
197.76,8.415,9.056292833911826,641.2928339118266
197.77,8.415,9.056338401815388,641.3384018153891
197.78,8.415,9.056383969718949,641.3839697189499
197.79,8.415,9.05642953762251,641.4295376225106
197.8,8.415,9.056391734499812,641.3917344998126
197.81,8.415,9.056346661996178,641.3466619961791
197.82,8.415,9.056301589492545,641.3015894925458
197.83,8.415,9.05625651698891,641.2565169889106
197.84,8.415,9.056211444485276,641.2114444852772
197.85,8.415,9.056181633320087,641.1816333200875
197.86,8.415,9.056227188903343,641.2271889033434
197.87,8.415,9.056272744486598,641.2727444865993
197.88,8.415,9.056318300069854,641.3183000698552
197.89,8.415,9.056363855653109,641.3638556531093
197.9,8.415,9.056409411236364,641.4094112363653
197.91,8.414,9.05641718078895,642.4171807889501
197.92,8.414,9.056372120369664,642.3721203696643
197.93,8.414,9.056327059950378,642.3270599503787
197.94,8.414,9.056281999531093,642.2819995310931
197.95,8.414,9.056236939111809,642.2369391118092
197.96,8.414,9.056191878692523,642.1918786925236
197.97,8.414,9.056207122833039,642.2071228330389
197.98,8.413,9.056252666099269,643.2526660992686
197.99,8.413,9.056298209365497,643.2982093654971
198.0,8.413,9.056343752631728,643.3437526317274
198.01,8.413,9.056389295897956,643.3892958979559
198.02,8.413,9.056434839164186,643.4348391641862
198.03,8.412,9.056397565249817,644.3975652498164
198.04,8.412,9.056352516911744,644.3525169117432
198.05,8.411,9.056307468573669,645.3074685736694
198.06,8.411,9.056262420235594,645.2624202355945
198.07,8.411,9.05621737189752,645.2173718975196
198.08,8.411,9.056187067793223,645.1870677932234
198.09,8.411,9.056232598745703,645.2325987457037
198.1,8.411,9.056278129698184,645.278129698184
198.11,8.41,9.056323660650662,646.323660650662
198.12,8.41,9.056369191603142,646.3691916031422
198.13,8.41,9.056414722555623,646.4147225556225
198.14,8.41,9.056422996642171,646.4229966421708
198.15,8.41,9.05637796038217,646.3779603821696
198.16,8.409,9.05633292412217,647.3329241221695
198.17,8.409,9.05628788786217,647.28788786217
198.18,8.409,9.05624285160217,647.2428516021687
198.19,8.409,9.05619781534217,647.1978153421692
198.2,8.41,9.056212542421765,646.2125424217646
198.21,8.41,9.056258061063769,646.2580610637688
198.22,8.411,9.056303579705775,645.3035797057751
198.23,8.412,9.056349098347779,644.349098347778
198.24,8.412,9.056394616989783,644.3946169897821
198.25,8.412,9.056440135631789,644.4401356317879
198.26,8.413,9.05640339036719,643.4033903671902
198.27,8.413,9.05635836618213,643.3583661821292
198.28,8.413,9.05631334199707,643.3133419970698
198.29,8.413,9.05626831781201,643.2683178120104
198.3,8.413,9.05622329362695,643.2232936269493
198.31,8.413,9.056192497123323,643.1924971233229
198.32,8.413,9.056238003458125,643.2380034581247
198.33,8.413,9.056283509792927,643.2835097929263
198.34,8.414,9.056329016127727,642.3290161277268
198.35,8.414,9.056374522462528,642.3745224625286
198.36,8.414,9.056420028797328,642.4200287973285
198.37,8.414,9.056428806872319,642.428806872319
198.38,8.415,9.056383794759066,641.3837947590669
198.39,8.415,9.056338782645813,641.3387826458141
198.4,8.415,9.05629377053256,641.2937705325614
198.41,8.416,9.05624875841931,640.2487584193093
198.42,8.416,9.056203746306057,640.2037463060566
198.43,8.416,9.056217956877108,640.2179568771071
198.44,8.416,9.056263450907975,640.263450907975
198.45,8.417,9.056308944938843,639.3089449388434
198.46,8.416,9.05635443896971,640.3544389697089
198.47,8.415,9.056399933000577,641.3999330005779
198.48,8.415,9.056445427031445,641.4454270314458
198.49,8.415,9.056409209858495,641.4092098584963
198.5,8.415,9.05636420981392,641.3642098139203
198.51,8.416,9.056319209769343,640.319209769343
198.52,8.416,9.056274209724767,640.2742097247672
198.53,8.416,9.056229209680193,640.229209680193
198.54,8.416,9.056197921316587,640.1979213165863
198.55,8.416,9.056243403046787,640.243403046787
198.56,8.415,9.056288884776988,641.2888847769889
198.57,8.416,9.056334366507189,640.3343665071883
198.58,8.415,9.05637984823739,641.3798482373902
198.59,8.415,9.05642532996759,641.425329967591
198.6,8.415,9.056434611485923,641.4346114859235
198.61,8.415,9.056389623506893,641.3896235068943
198.62,8.415,9.056344635527863,641.3446355278634
198.63,8.415,9.056299647548833,641.2996475488342
198.64,8.415,9.056254659569804,641.254659569805
198.65,8.415,9.056209671590775,641.2096715907758
198.66,8.415,9.056223366205217,641.2233662052174
198.67,8.415,9.056268835638013,641.268835638014
198.68,8.415,9.056314305070812,641.3143050708126
198.69,8.415,9.056359774503608,641.3597745036093
198.7,8.415,9.056405243936407,641.4052439364077
198.71,8.415,9.056450713369204,641.4507133692044
198.72,8.415,9.056415023730226,641.415023730227
198.73,8.415,9.056370047813616,641.3700478136163
198.74,8.415,9.056325071897003,641.325071897004
198.75,8.415,9.056280095980393,641.2800959803935
198.76,8.415,9.056235120063782,641.2351200637829
198.77,8.415,9.056203340379126,641.2033403791266
198.78,8.415,9.056248797517782,641.2487975177826
198.79,8.415,9.05629425465644,641.2942546564402
198.8,8.415,9.056339711795097,641.3397117950979
198.81,8.415,9.056385168933755,641.3851689337555
198.82,8.415,9.056430626072412,641.4306260724131
198.83,8.415,9.056440410489415,641.4404104894161
198.84,8.415,9.056395446632097,641.3954466320977
198.85,8.415,9.05635048277478,641.3504827747811
198.86,8.415,9.056305518917462,641.3055189174628
198.87,8.415,9.056260555060144,641.2605550601445
198.88,8.416,9.056215591202827,640.2155912028267
198.89,8.417,9.056228770412156,639.2287704121565
198.9,8.417,9.056274215259934,639.2742152599346
198.91,8.418,9.056319660107711,638.3196601077117
198.92,8.419,9.056365104955487,637.3651049554869
198.93,8.419,9.056410549803266,637.4105498032652
198.94,8.42,9.056455994651042,636.4559946510421
198.95,8.421,9.056420831988797,635.4208319887978
198.96,8.422,9.05637588018765,634.3758801876494
198.97,8.422,9.056330928386501,634.3309283865004
198.98,8.421,9.056285976585354,635.2859765853544
198.99,8.421,9.056241024784205,635.2410247842055
199.0,8.42,9.056208754317003,636.2087543170035
199.01,8.419,9.056254186877158,637.2541868771577
199.02,8.418,9.056299619437311,638.299619437312
199.03,8.417,9.056345051997466,639.3450519974664
199.04,8.417,9.056390484557621,639.3904845576212
199.05,8.416,9.056435917117774,640.4359171177738
199.06,8.416,9.0564462038892,640.4462038891996
199.07,8.417,9.0564012641411,639.4012641410995
199.08,8.416,9.056356324392997,640.3563243929966
199.09,8.416,9.056311384644896,640.311384644896
199.1,8.416,9.056266444896796,640.2664448967954
199.11,8.416,9.056221505148693,640.221505148693
199.12,8.416,9.056234169503973,640.234169503973
199.13,8.417,9.056279589779761,639.2795897797612
199.14,8.417,9.05632501005555,639.3250100555506
199.15,8.417,9.056370430331338,639.3704303313381
199.16,8.417,9.056415850607126,639.4158506071257
199.17,8.417,9.056461270882913,639.4612708829133
199.18,8.416,9.056426634640612,640.4266346406118
199.19,8.416,9.056381706942439,640.3817069424384
199.2,8.416,9.056336779244266,640.3367792442651
199.21,8.416,9.056291851546094,640.2918515460935
199.22,8.416,9.05624692384792,640.2469238479202
199.23,8.415,9.056214163136262,641.2141631362633
199.24,8.415,9.056259571130937,641.259571130938
199.25,8.415,9.056304979125612,641.3049791256125
199.26,8.415,9.056350387120286,641.350387120287
199.27,8.415,9.05639579511496,641.3957951149616
199.28,8.415,9.056441203109635,641.4412031096361
199.29,8.415,9.056451991691663,641.4519916916639
199.3,8.415,9.056407076040301,641.4070760403022
199.31,8.415,9.056362160388941,641.3621603889421
199.32,8.415,9.05631724473758,641.3172447375804
199.33,8.415,9.056272329086218,641.2723290862185
199.34,8.414,9.056227413434856,642.2274134348562
199.35,8.414,9.056239563486711,642.2395634867115
199.36,8.414,9.056284959203525,642.2849592035255
199.37,8.414,9.056330354920338,642.3303549203379
199.38,8.414,9.056375750637152,642.3757506371519
199.39,8.414,9.056421146353966,642.4211463539659
199.4,8.415,9.05646654207078,641.4665420707806
199.41,8.415,9.056432431692071,641.4324316920723
199.42,8.415,9.056387528084407,641.3875280844081
199.43,8.415,9.056342624476741,641.3426244767422
199.44,8.415,9.056297720869077,641.297720869078
199.45,8.415,9.056252817261413,641.2528172614138
199.46,8.415,9.056219566842973,641.2195668429739
199.47,8.415,9.056264950285174,641.2649502851746
199.48,8.416,9.056310333727376,640.3103337273759
199.49,8.416,9.056355717169579,640.3557171695784
199.5,8.416,9.056401100611781,640.4011006117809
199.51,8.416,9.056446484053984,640.4464840539835
199.52,8.417,9.056457773903222,639.4577739032226
199.53,8.416,9.056412882336142,640.4128823361415
199.54,8.417,9.056367990769063,639.3679907690632
199.55,8.417,9.056323099201983,639.3230992019827
199.56,8.417,9.056278207634904,639.278207634904
199.57,8.417,9.056233316067823,639.2333160678234
199.58,8.418,9.05624495236645,638.2449523664509
199.59,8.418,9.056290323537288,638.2903235372889
199.6,8.418,9.056335694708126,638.3356947081271
199.61,8.418,9.056381065878965,638.3810658789653
199.62,8.417,9.056426437049803,639.4264370498029
199.63,8.416,9.05647180822064,640.4718082206405
199.64,8.416,9.056438223149625,640.4382231496246
199.65,8.415,9.056393343620021,641.393343620022
199.66,8.415,9.056348464090417,641.3484640904184
199.67,8.414,9.056303584560814,642.303584560814
199.68,8.414,9.05625870503121,642.2587050312103
199.69,8.414,9.056224965443247,642.2249654432477
199.7,8.415,9.056270324345968,641.2703243459692
199.71,8.415,9.05631568324869,641.3156832486901
199.72,8.415,9.05636104215141,641.3610421514111
199.73,8.415,9.056406401054131,641.4064010541321
199.74,8.416,9.056451759956854,640.4517599568535
199.75,8.416,9.056463550530337,640.4635505303364
199.76,8.416,9.056418683035103,640.4186830351026
199.77,8.416,9.05637381553987,640.3738155398688
199.78,8.416,9.056328948044634,640.3289480446333
199.79,8.416,9.0562840805494,640.2840805493995
199.8,8.416,9.056239213054166,640.2392130541657
199.81,8.416,9.056250336149327,640.250336149327
199.82,8.416,9.056295682787175,640.2956827871744
199.83,8.416,9.056341029425022,640.3410294250218
199.84,8.416,9.05638637606287,640.3863760628692
199.85,8.416,9.056431722700717,640.4317227007166
199.86,8.416,9.056477069338564,640.477069338564
199.87,8.416,9.056444009019783,640.4440090197827
199.88,8.416,9.056399153555814,640.3991535558138
199.89,8.416,9.056354298091845,640.3542980918448
199.9,8.416,9.056309442627876,640.3094426278759
199.91,8.415,9.056264587163907,641.2645871639082
199.92,8.415,9.056225017106026,641.2250171060272
199.93,8.414,9.056225017106026,642.2250171060266
199.94,8.413,9.056225017106026,643.2250171060261
199.95,8.412,9.056225017106026,644.2250171060256
199.96,8.412,9.056225017106026,644.2250171060256
199.97,8.411,9.056225017106026,645.2250171060267
199.98,8.41,9.056225017106026,646.2250171060261
199.99,8.41,9.056225017106026,646.2250171060261
200.0,8.409,9.056225017106026,647.2250171060257
